=== 2026-09-23T07:09:44Z import start on 8fdaa2ab94a274e04095d7124d546eb0cd14c961 (dev) ; df: 53G free
2026-09-23 07:09:45 [info     ] import_plan                    intervals=['5m', '15m', '1h', '4h', '1d', '1w'] months_count=68 pairs=['BTC/USDT', 'ETH/USDT', 'SOL/USDT'] total_files=1224
2026-09-23 07:09:46 [info     ] initializing_database          echo=False max_overflow=10 pool_size=5
2026-09-23 07:09:46 [info     ] database_connection_successful
2026-09-23 07:09:46 [info     ] downloading                    url=https://data.binance.vision/data/spot/monthly/klines/BTCUSDT/5m/BTCUSDT-5m-2021-01.zip
2026-09-23 07:09:51 [info     ] imported_batch                 batch=9/9 interval=5m month=1 pair=BTC/USDT rows=8928 year=2021
2026-09-23 07:09:51 [info     ] imported                       batches=9 interval=5m month=1 pair=BTC/USDT rows=8928 year=2021
2026-09-23 07:09:51 [info     ] downloading                    url=https://data.binance.vision/data/spot/monthly/klines/BTCUSDT/5m/BTCUSDT-5m-2021-02.zip
2026-09-23 07:09:56 [info     ] imported_batch                 batch=9/9 interval=5m month=2 pair=BTC/USDT rows=8049 year=2021
2026-09-23 07:09:56 [info     ] imported                       batches=9 interval=5m month=2 pair=BTC/USDT rows=8049 year=2021
2026-09-23 07:09:56 [info     ] downloading                    url=https://data.binance.vision/data/spot/monthly/klines/BTCUSDT/5m/BTCUSDT-5m-2021-03.zip
2026-09-23 07:10:00 [info     ] imported_batch                 batch=9/9 interval=5m month=3 pair=BTC/USDT rows=8910 year=2021
2026-09-23 07:10:00 [info     ] imported                       batches=9 interval=5m month=3 pair=BTC/USDT rows=8910 year=2021
2026-09-23 07:10:00 [info     ] downloading                    url=https://data.binance.vision/data/spot/monthly/klines/BTCUSDT/5m/BTCUSDT-5m-2021-04.zip
2026-09-23 07:10:05 [info     ] imported_batch                 batch=9/9 interval=5m month=4 pair=BTC/USDT rows=8554 year=2021
2026-09-23 07:10:05 [info     ] imported                       batches=9 interval=5m month=4 pair=BTC/USDT rows=8554 year=2021
2026-09-23 07:10:05 [info     ] downloading                    url=https://data.binance.vision/data/spot/monthly/klines/BTCUSDT/5m/BTCUSDT-5m-2021-05.zip
2026-09-23 07:10:09 [info     ] imported_batch                 batch=9/9 interval=5m month=5 pair=BTC/USDT rows=8928 year=2021
2026-09-23 07:10:09 [info     ] imported                       batches=9 interval=5m month=5 pair=BTC/USDT rows=8928 year=2021
2026-09-23 07:10:09 [info     ] downloading                    url=https://data.binance.vision/data/spot/monthly/klines/BTCUSDT/5m/BTCUSDT-5m-2021-06.zip
2026-09-23 07:10:14 [info     ] imported_batch                 batch=9/9 interval=5m month=6 pair=BTC/USDT rows=8640 year=2021
2026-09-23 07:10:14 [info     ] imported                       batches=9 interval=5m month=6 pair=BTC/USDT rows=8640 year=2021
2026-09-23 07:10:14 [info     ] downloading                    url=https://data.binance.vision/data/spot/monthly/klines/BTCUSDT/5m/BTCUSDT-5m-2021-07.zip
2026-09-23 07:10:18 [info     ] imported_batch                 batch=9/9 interval=5m month=7 pair=BTC/USDT rows=8928 year=2021
2026-09-23 07:10:18 [info     ] imported                       batches=9 interval=5m month=7 pair=BTC/USDT rows=8928 year=2021
2026-09-23 07:10:18 [info     ] downloading                    url=https://data.binance.vision/data/spot/monthly/klines/BTCUSDT/5m/BTCUSDT-5m-2021-08.zip
2026-09-23 07:10:23 [info     ] imported_batch                 batch=9/9 interval=5m month=8 pair=BTC/USDT rows=8874 year=2021
2026-09-23 07:10:23 [info     ] imported                       batches=9 interval=5m month=8 pair=BTC/USDT rows=8874 year=2021
2026-09-23 07:10:23 [info     ] downloading                    url=https://data.binance.vision/data/spot/monthly/klines/BTCUSDT/5m/BTCUSDT-5m-2021-09.zip
2026-09-23 07:10:27 [info     ] imported_batch                 batch=9/9 interval=5m month=9 pair=BTC/USDT rows=8616 year=2021
2026-09-23 07:10:27 [info     ] imported                       batches=9 interval=5m month=9 pair=BTC/USDT rows=8616 year=2021
2026-09-23 07:10:27 [info     ] downloading                    url=https://data.binance.vision/data/spot/monthly/klines/BTCUSDT/5m/BTCUSDT-5m-2021-10.zip
2026-09-23 07:10:31 [info     ] imported_batch                 batch=9/9 interval=5m month=10 pair=BTC/USDT rows=8928 year=2021
2026-09-23 07:10:31 [info     ] imported                       batches=9 interval=5m month=10 pair=BTC/USDT rows=8928 year=2021
2026-09-23 07:10:31 [info     ] downloading                    url=https://data.binance.vision/data/spot/monthly/klines/BTCUSDT/5m/BTCUSDT-5m-2021-11.zip
2026-09-23 07:10:36 [info     ] imported_batch                 batch=9/9 interval=5m month=11 pair=BTC/USDT rows=8640 year=2021
2026-09-23 07:10:36 [info     ] imported                       batches=9 interval=5m month=11 pair=BTC/USDT rows=8640 year=2021
2026-09-23 07:10:36 [info     ] downloading                    url=https://data.binance.vision/data/spot/monthly/klines/BTCUSDT/5m/BTCUSDT-5m-2021-12.zip
2026-09-23 07:10:40 [info     ] imported_batch                 batch=9/9 interval=5m month=12 pair=BTC/USDT rows=8928 year=2021
2026-09-23 07:10:40 [info     ] imported                       batches=9 interval=5m month=12 pair=BTC/USDT rows=8928 year=2021
2026-09-23 07:10:40 [info     ] downloading                    url=https://data.binance.vision/data/spot/monthly/klines/BTCUSDT/5m/BTCUSDT-5m-2022-01.zip
2026-09-23 07:10:44 [info     ] imported_batch                 batch=9/9 interval=5m month=1 pair=BTC/USDT rows=8928 year=2022
2026-09-23 07:10:44 [info     ] imported                       batches=9 interval=5m month=1 pair=BTC/USDT rows=8928 year=2022
2026-09-23 07:10:44 [info     ] downloading                    url=https://data.binance.vision/data/spot/monthly/klines/BTCUSDT/5m/BTCUSDT-5m-2022-02.zip
2026-09-23 07:10:48 [info     ] imported_batch                 batch=9/9 interval=5m month=2 pair=BTC/USDT rows=8064 year=2022
2026-09-23 07:10:48 [info     ] imported                       batches=9 interval=5m month=2 pair=BTC/USDT rows=8064 year=2022
2026-09-23 07:10:48 [info     ] downloading                    url=https://data.binance.vision/data/spot/monthly/klines/BTCUSDT/5m/BTCUSDT-5m-2022-03.zip
2026-09-23 07:10:52 [info     ] imported_batch                 batch=9/9 interval=5m month=3 pair=BTC/USDT rows=8928 year=2022
2026-09-23 07:10:52 [info     ] imported                       batches=9 interval=5m month=3 pair=BTC/USDT rows=8928 year=2022
2026-09-23 07:10:52 [info     ] downloading                    url=https://data.binance.vision/data/spot/monthly/klines/BTCUSDT/5m/BTCUSDT-5m-2022-04.zip
2026-09-23 07:10:56 [info     ] imported_batch                 batch=9/9 interval=5m month=4 pair=BTC/USDT rows=8640 year=2022
2026-09-23 07:10:56 [info     ] imported                       batches=9 interval=5m month=4 pair=BTC/USDT rows=8640 year=2022
2026-09-23 07:10:56 [info     ] downloading                    url=https://data.binance.vision/data/spot/monthly/klines/BTCUSDT/5m/BTCUSDT-5m-2022-05.zip
2026-09-23 07:11:01 [info     ] imported_batch                 batch=9/9 interval=5m month=5 pair=BTC/USDT rows=8928 year=2022
2026-09-23 07:11:01 [info     ] imported                       batches=9 interval=5m month=5 pair=BTC/USDT rows=8928 year=2022
2026-09-23 07:11:01 [info     ] downloading                    url=https://data.binance.vision/data/spot/monthly/klines/BTCUSDT/5m/BTCUSDT-5m-2022-06.zip
2026-09-23 07:11:05 [info     ] imported_batch                 batch=9/9 interval=5m month=6 pair=BTC/USDT rows=8640 year=2022
2026-09-23 07:11:05 [info     ] imported                       batches=9 interval=5m month=6 pair=BTC/USDT rows=8640 year=2022
2026-09-23 07:11:05 [info     ] downloading                    url=https://data.binance.vision/data/spot/monthly/klines/BTCUSDT/5m/BTCUSDT-5m-2022-07.zip
2026-09-23 07:11:09 [info     ] imported_batch                 batch=9/9 interval=5m month=7 pair=BTC/USDT rows=8928 year=2022
2026-09-23 07:11:09 [info     ] imported                       batches=9 interval=5m month=7 pair=BTC/USDT rows=8928 year=2022
2026-09-23 07:11:09 [info     ] downloading                    url=https://data.binance.vision/data/spot/monthly/klines/BTCUSDT/5m/BTCUSDT-5m-2022-08.zip
2026-09-23 07:11:14 [info     ] imported_batch                 batch=9/9 interval=5m month=8 pair=BTC/USDT rows=8928 year=2022
2026-09-23 07:11:14 [info     ] imported                       batches=9 interval=5m month=8 pair=BTC/USDT rows=8928 year=2022
2026-09-23 07:11:14 [info     ] downloading                    url=https://data.binance.vision/data/spot/monthly/klines/BTCUSDT/5m/BTCUSDT-5m-2022-09.zip
2026-09-23 07:11:18 [info     ] imported_batch                 batch=9/9 interval=5m month=9 pair=BTC/USDT rows=8640 year=2022
2026-09-23 07:11:18 [info     ] imported                       batches=9 interval=5m month=9 pair=BTC/USDT rows=8640 year=2022
2026-09-23 07:11:18 [info     ] downloading                    url=https://data.binance.vision/data/spot/monthly/klines/BTCUSDT/5m/BTCUSDT-5m-2022-10.zip
2026-09-23 07:11:23 [info     ] imported_batch                 batch=9/9 interval=5m month=10 pair=BTC/USDT rows=8928 year=2022
2026-09-23 07:11:23 [info     ] imported                       batches=9 interval=5m month=10 pair=BTC/USDT rows=8928 year=2022
2026-09-23 07:11:23 [info     ] downloading                    url=https://data.binance.vision/data/spot/monthly/klines/BTCUSDT/5m/BTCUSDT-5m-2022-11.zip
2026-09-23 07:11:26 [info     ] imported_batch                 batch=9/9 interval=5m month=11 pair=BTC/USDT rows=8640 year=2022
2026-09-23 07:11:26 [info     ] imported                       batches=9 interval=5m month=11 pair=BTC/USDT rows=8640 year=2022
2026-09-23 07:11:26 [info     ] downloading                    url=https://data.binance.vision/data/spot/monthly/klines/BTCUSDT/5m/BTCUSDT-5m-2022-12.zip
2026-09-23 07:11:31 [info     ] imported_batch                 batch=9/9 interval=5m month=12 pair=BTC/USDT rows=8928 year=2022
2026-09-23 07:11:31 [info     ] imported                       batches=9 interval=5m month=12 pair=BTC/USDT rows=8928 year=2022
2026-09-23 07:11:31 [info     ] downloading                    url=https://data.binance.vision/data/spot/monthly/klines/BTCUSDT/5m/BTCUSDT-5m-2023-01.zip
2026-09-23 07:11:36 [info     ] imported_batch                 batch=9/9 interval=5m month=1 pair=BTC/USDT rows=8928 year=2023
2026-09-23 07:11:36 [info     ] imported                       batches=9 interval=5m month=1 pair=BTC/USDT rows=8928 year=2023
2026-09-23 07:11:36 [info     ] downloading                    url=https://data.binance.vision/data/spot/monthly/klines/BTCUSDT/5m/BTCUSDT-5m-2023-02.zip
2026-09-23 07:11:40 [info     ] imported_batch                 batch=9/9 interval=5m month=2 pair=BTC/USDT rows=8064 year=2023
2026-09-23 07:11:40 [info     ] imported                       batches=9 interval=5m month=2 pair=BTC/USDT rows=8064 year=2023
2026-09-23 07:11:40 [info     ] downloading                    url=https://data.binance.vision/data/spot/monthly/klines/BTCUSDT/5m/BTCUSDT-5m-2023-03.zip
2026-09-23 07:11:45 [info     ] imported_batch                 batch=9/9 interval=5m month=3 pair=BTC/USDT rows=8912 year=2023
2026-09-23 07:11:45 [info     ] imported                       batches=9 interval=5m month=3 pair=BTC/USDT rows=8912 year=2023
2026-09-23 07:11:46 [info     ] downloading                    url=https://data.binance.vision/data/spot/monthly/klines/BTCUSDT/5m/BTCUSDT-5m-2023-04.zip
2026-09-23 07:11:50 [info     ] imported_batch                 batch=9/9 interval=5m month=4 pair=BTC/USDT rows=8640 year=2023
2026-09-23 07:11:50 [info     ] imported                       batches=9 interval=5m month=4 pair=BTC/USDT rows=8640 year=2023
2026-09-23 07:11:50 [info     ] downloading                    url=https://data.binance.vision/data/spot/monthly/klines/BTCUSDT/5m/BTCUSDT-5m-2023-05.zip
2026-09-23 07:11:55 [info     ] imported_batch                 batch=9/9 interval=5m month=5 pair=BTC/USDT rows=8928 year=2023
2026-09-23 07:11:55 [info     ] imported                       batches=9 interval=5m month=5 pair=BTC/USDT rows=8928 year=2023
2026-09-23 07:11:55 [info     ] downloading                    url=https://data.binance.vision/data/spot/monthly/klines/BTCUSDT/5m/BTCUSDT-5m-2023-06.zip
2026-09-23 07:11:59 [info     ] imported_batch                 batch=9/9 interval=5m month=6 pair=BTC/USDT rows=8640 year=2023
2026-09-23 07:11:59 [info     ] imported                       batches=9 interval=5m month=6 pair=BTC/USDT rows=8640 year=2023
2026-09-23 07:11:59 [info     ] downloading                    url=https://data.binance.vision/data/spot/monthly/klines/BTCUSDT/5m/BTCUSDT-5m-2023-07.zip
2026-09-23 07:12:04 [info     ] imported_batch                 batch=9/9 interval=5m month=7 pair=BTC/USDT rows=8928 year=2023
2026-09-23 07:12:04 [info     ] imported                       batches=9 interval=5m month=7 pair=BTC/USDT rows=8928 year=2023
2026-09-23 07:12:04 [info     ] downloading                    url=https://data.binance.vision/data/spot/monthly/klines/BTCUSDT/5m/BTCUSDT-5m-2023-08.zip
2026-09-23 07:12:08 [info     ] imported_batch                 batch=9/9 interval=5m month=8 pair=BTC/USDT rows=8928 year=2023
2026-09-23 07:12:08 [info     ] imported                       batches=9 interval=5m month=8 pair=BTC/USDT rows=8928 year=2023
2026-09-23 07:12:08 [info     ] downloading                    url=https://data.binance.vision/data/spot/monthly/klines/BTCUSDT/5m/BTCUSDT-5m-2023-09.zip
2026-09-23 07:12:13 [info     ] imported_batch                 batch=9/9 interval=5m month=9 pair=BTC/USDT rows=8640 year=2023
2026-09-23 07:12:13 [info     ] imported                       batches=9 interval=5m month=9 pair=BTC/USDT rows=8640 year=2023
2026-09-23 07:12:13 [info     ] downloading                    url=https://data.binance.vision/data/spot/monthly/klines/BTCUSDT/5m/BTCUSDT-5m-2023-10.zip
2026-09-23 07:12:18 [info     ] imported_batch                 batch=9/9 interval=5m month=10 pair=BTC/USDT rows=8928 year=2023
2026-09-23 07:12:18 [info     ] imported                       batches=9 interval=5m month=10 pair=BTC/USDT rows=8928 year=2023
2026-09-23 07:12:18 [info     ] downloading                    url=https://data.binance.vision/data/spot/monthly/klines/BTCUSDT/5m/BTCUSDT-5m-2023-11.zip
2026-09-23 07:12:22 [info     ] imported_batch                 batch=9/9 interval=5m month=11 pair=BTC/USDT rows=8640 year=2023
2026-09-23 07:12:22 [info     ] imported                       batches=9 interval=5m month=11 pair=BTC/USDT rows=8640 year=2023
2026-09-23 07:12:22 [info     ] downloading                    url=https://data.binance.vision/data/spot/monthly/klines/BTCUSDT/5m/BTCUSDT-5m-2023-12.zip
2026-09-23 07:12:26 [info     ] imported_batch                 batch=9/9 interval=5m month=12 pair=BTC/USDT rows=8928 year=2023
2026-09-23 07:12:26 [info     ] imported                       batches=9 interval=5m month=12 pair=BTC/USDT rows=8928 year=2023
2026-09-23 07:12:26 [info     ] downloading                    url=https://data.binance.vision/data/spot/monthly/klines/BTCUSDT/5m/BTCUSDT-5m-2024-01.zip
2026-09-23 07:12:31 [info     ] imported_batch                 batch=9/9 interval=5m month=1 pair=BTC/USDT rows=8928 year=2024
2026-09-23 07:12:31 [info     ] imported                       batches=9 interval=5m month=1 pair=BTC/USDT rows=8928 year=2024
2026-09-23 07:12:31 [info     ] downloading                    url=https://data.binance.vision/data/spot/monthly/klines/BTCUSDT/5m/BTCUSDT-5m-2024-02.zip
2026-09-23 07:12:34 [info     ] imported_batch                 batch=9/9 interval=5m month=2 pair=BTC/USDT rows=8352 year=2024
2026-09-23 07:12:34 [info     ] imported                       batches=9 interval=5m month=2 pair=BTC/USDT rows=8352 year=2024
2026-09-23 07:12:34 [info     ] downloading                    url=https://data.binance.vision/data/spot/monthly/klines/BTCUSDT/5m/BTCUSDT-5m-2024-03.zip
2026-09-23 07:12:38 [info     ] imported_batch                 batch=9/9 interval=5m month=3 pair=BTC/USDT rows=8928 year=2024
2026-09-23 07:12:38 [info     ] imported                       batches=9 interval=5m month=3 pair=BTC/USDT rows=8928 year=2024
2026-09-23 07:12:38 [info     ] downloading                    url=https://data.binance.vision/data/spot/monthly/klines/BTCUSDT/5m/BTCUSDT-5m-2024-04.zip
2026-09-23 07:12:41 [info     ] imported_batch                 batch=9/9 interval=5m month=4 pair=BTC/USDT rows=8640 year=2024
2026-09-23 07:12:41 [info     ] imported                       batches=9 interval=5m month=4 pair=BTC/USDT rows=8640 year=2024
2026-09-23 07:12:41 [info     ] downloading                    url=https://data.binance.vision/data/spot/monthly/klines/BTCUSDT/5m/BTCUSDT-5m-2024-05.zip
2026-09-23 07:12:46 [info     ] imported_batch                 batch=9/9 interval=5m month=5 pair=BTC/USDT rows=8928 year=2024
2026-09-23 07:12:46 [info     ] imported                       batches=9 interval=5m month=5 pair=BTC/USDT rows=8928 year=2024
2026-09-23 07:12:46 [info     ] downloading                    url=https://data.binance.vision/data/spot/monthly/klines/BTCUSDT/5m/BTCUSDT-5m-2024-06.zip
2026-09-23 07:12:50 [info     ] imported_batch                 batch=9/9 interval=5m month=6 pair=BTC/USDT rows=8640 year=2024
2026-09-23 07:12:50 [info     ] imported                       batches=9 interval=5m month=6 pair=BTC/USDT rows=8640 year=2024
2026-09-23 07:12:50 [info     ] downloading                    url=https://data.binance.vision/data/spot/monthly/klines/BTCUSDT/5m/BTCUSDT-5m-2024-07.zip
2026-09-23 07:12:54 [info     ] imported_batch                 batch=9/9 interval=5m month=7 pair=BTC/USDT rows=8928 year=2024
2026-09-23 07:12:54 [info     ] imported                       batches=9 interval=5m month=7 pair=BTC/USDT rows=8928 year=2024
2026-09-23 07:12:54 [info     ] downloading                    url=https://data.binance.vision/data/spot/monthly/klines/BTCUSDT/5m/BTCUSDT-5m-2024-08.zip
2026-09-23 07:12:59 [info     ] imported_batch                 batch=9/9 interval=5m month=8 pair=BTC/USDT rows=8928 year=2024
2026-09-23 07:12:59 [info     ] imported                       batches=9 interval=5m month=8 pair=BTC/USDT rows=8928 year=2024
2026-09-23 07:12:59 [info     ] downloading                    url=https://data.binance.vision/data/spot/monthly/klines/BTCUSDT/5m/BTCUSDT-5m-2024-09.zip
2026-09-23 07:13:03 [info     ] imported_batch                 batch=9/9 interval=5m month=9 pair=BTC/USDT rows=8640 year=2024
2026-09-23 07:13:03 [info     ] imported                       batches=9 interval=5m month=9 pair=BTC/USDT rows=8640 year=2024
2026-09-23 07:13:03 [info     ] downloading                    url=https://data.binance.vision/data/spot/monthly/klines/BTCUSDT/5m/BTCUSDT-5m-2024-10.zip
2026-09-23 07:13:08 [info     ] imported_batch                 batch=9/9 interval=5m month=10 pair=BTC/USDT rows=8928 year=2024
2026-09-23 07:13:08 [info     ] imported                       batches=9 interval=5m month=10 pair=BTC/USDT rows=8928 year=2024
2026-09-23 07:13:08 [info     ] downloading                    url=https://data.binance.vision/data/spot/monthly/klines/BTCUSDT/5m/BTCUSDT-5m-2024-11.zip
2026-09-23 07:13:12 [info     ] imported_batch                 batch=9/9 interval=5m month=11 pair=BTC/USDT rows=8640 year=2024
2026-09-23 07:13:12 [info     ] imported                       batches=9 interval=5m month=11 pair=BTC/USDT rows=8640 year=2024
2026-09-23 07:13:12 [info     ] downloading                    url=https://data.binance.vision/data/spot/monthly/klines/BTCUSDT/5m/BTCUSDT-5m-2024-12.zip
2026-09-23 07:13:17 [info     ] imported_batch                 batch=9/9 interval=5m month=12 pair=BTC/USDT rows=8928 year=2024
2026-09-23 07:13:17 [info     ] imported                       batches=9 interval=5m month=12 pair=BTC/USDT rows=8928 year=2024
2026-09-23 07:13:17 [info     ] downloading                    url=https://data.binance.vision/data/spot/monthly/klines/BTCUSDT/5m/BTCUSDT-5m-2025-01.zip
2026-09-23 07:13:21 [info     ] imported_batch                 batch=9/9 interval=5m month=1 pair=BTC/USDT rows=8928 year=2025
2026-09-23 07:13:21 [info     ] imported                       batches=9 interval=5m month=1 pair=BTC/USDT rows=8928 year=2025
2026-09-23 07:13:21 [info     ] downloading                    url=https://data.binance.vision/data/spot/monthly/klines/BTCUSDT/5m/BTCUSDT-5m-2025-02.zip
2026-09-23 07:13:25 [info     ] imported_batch                 batch=9/9 interval=5m month=2 pair=BTC/USDT rows=8064 year=2025
2026-09-23 07:13:25 [info     ] imported                       batches=9 interval=5m month=2 pair=BTC/USDT rows=8064 year=2025
2026-09-23 07:13:25 [info     ] progress                       pct=4.1% processed=50 total=1224 total_rows=437547
2026-09-23 07:13:25 [info     ] downloading                    url=https://data.binance.vision/data/spot/monthly/klines/BTCUSDT/5m/BTCUSDT-5m-2025-03.zip
2026-09-23 07:13:30 [info     ] imported_batch                 batch=9/9 interval=5m month=3 pair=BTC/USDT rows=8928 year=2025
2026-09-23 07:13:30 [info     ] imported                       batches=9 interval=5m month=3 pair=BTC/USDT rows=8928 year=2025
2026-09-23 07:13:30 [info     ] downloading                    url=https://data.binance.vision/data/spot/monthly/klines/BTCUSDT/5m/BTCUSDT-5m-2025-04.zip
2026-09-23 07:13:34 [info     ] imported_batch                 batch=9/9 interval=5m month=4 pair=BTC/USDT rows=8640 year=2025
2026-09-23 07:13:34 [info     ] imported                       batches=9 interval=5m month=4 pair=BTC/USDT rows=8640 year=2025
2026-09-23 07:13:34 [info     ] downloading                    url=https://data.binance.vision/data/spot/monthly/klines/BTCUSDT/5m/BTCUSDT-5m-2025-05.zip
2026-09-23 07:13:39 [info     ] imported_batch                 batch=9/9 interval=5m month=5 pair=BTC/USDT rows=8928 year=2025
2026-09-23 07:13:39 [info     ] imported                       batches=9 interval=5m month=5 pair=BTC/USDT rows=8928 year=2025
2026-09-23 07:13:39 [info     ] downloading                    url=https://data.binance.vision/data/spot/monthly/klines/BTCUSDT/5m/BTCUSDT-5m-2025-06.zip
2026-09-23 07:13:44 [info     ] imported_batch                 batch=9/9 interval=5m month=6 pair=BTC/USDT rows=8640 year=2025
2026-09-23 07:13:44 [info     ] imported                       batches=9 interval=5m month=6 pair=BTC/USDT rows=8640 year=2025
2026-09-23 07:13:44 [info     ] downloading                    url=https://data.binance.vision/data/spot/monthly/klines/BTCUSDT/5m/BTCUSDT-5m-2025-07.zip
2026-09-23 07:13:48 [info     ] imported_batch                 batch=9/9 interval=5m month=7 pair=BTC/USDT rows=8928 year=2025
2026-09-23 07:13:48 [info     ] imported                       batches=9 interval=5m month=7 pair=BTC/USDT rows=8928 year=2025
2026-09-23 07:13:48 [info     ] downloading                    url=https://data.binance.vision/data/spot/monthly/klines/BTCUSDT/5m/BTCUSDT-5m-2025-08.zip
2026-09-23 07:13:53 [info     ] imported_batch                 batch=9/9 interval=5m month=8 pair=BTC/USDT rows=8928 year=2025
2026-09-23 07:13:53 [info     ] imported                       batches=9 interval=5m month=8 pair=BTC/USDT rows=8928 year=2025
2026-09-23 07:13:53 [info     ] downloading                    url=https://data.binance.vision/data/spot/monthly/klines/BTCUSDT/5m/BTCUSDT-5m-2025-09.zip
2026-09-23 07:13:58 [info     ] imported_batch                 batch=9/9 interval=5m month=9 pair=BTC/USDT rows=8640 year=2025
2026-09-23 07:13:58 [info     ] imported                       batches=9 interval=5m month=9 pair=BTC/USDT rows=8640 year=2025
2026-09-23 07:13:58 [info     ] downloading                    url=https://data.binance.vision/data/spot/monthly/klines/BTCUSDT/5m/BTCUSDT-5m-2025-10.zip
2026-09-23 07:14:03 [info     ] imported_batch                 batch=9/9 interval=5m month=10 pair=BTC/USDT rows=8928 year=2025
2026-09-23 07:14:03 [info     ] imported                       batches=9 interval=5m month=10 pair=BTC/USDT rows=8928 year=2025
2026-09-23 07:14:03 [info     ] downloading                    url=https://data.binance.vision/data/spot/monthly/klines/BTCUSDT/5m/BTCUSDT-5m-2025-11.zip
2026-09-23 07:14:07 [info     ] imported_batch                 batch=9/9 interval=5m month=11 pair=BTC/USDT rows=8640 year=2025
2026-09-23 07:14:07 [info     ] imported                       batches=9 interval=5m month=11 pair=BTC/USDT rows=8640 year=2025
2026-09-23 07:14:07 [info     ] downloading                    url=https://data.binance.vision/data/spot/monthly/klines/BTCUSDT/5m/BTCUSDT-5m-2025-12.zip
2026-09-23 07:14:12 [info     ] imported_batch                 batch=9/9 interval=5m month=12 pair=BTC/USDT rows=8928 year=2025
2026-09-23 07:14:12 [info     ] imported                       batches=9 interval=5m month=12 pair=BTC/USDT rows=8928 year=2025
2026-09-23 07:14:12 [info     ] downloading                    url=https://data.binance.vision/data/spot/monthly/klines/BTCUSDT/5m/BTCUSDT-5m-2026-01.zip
2026-09-23 07:14:17 [info     ] imported_batch                 batch=9/9 interval=5m month=1 pair=BTC/USDT rows=8928 year=2026
2026-09-23 07:14:17 [info     ] imported                       batches=9 interval=5m month=1 pair=BTC/USDT rows=8928 year=2026
2026-09-23 07:14:17 [info     ] downloading                    url=https://data.binance.vision/data/spot/monthly/klines/BTCUSDT/5m/BTCUSDT-5m-2026-02.zip
2026-09-23 07:14:21 [info     ] imported_batch                 batch=9/9 interval=5m month=2 pair=BTC/USDT rows=8064 year=2026
2026-09-23 07:14:22 [info     ] imported                       batches=9 interval=5m month=2 pair=BTC/USDT rows=8064 year=2026
2026-09-23 07:14:22 [info     ] downloading                    url=https://data.binance.vision/data/spot/monthly/klines/BTCUSDT/5m/BTCUSDT-5m-2026-03.zip
2026-09-23 07:14:26 [info     ] imported_batch                 batch=9/9 interval=5m month=3 pair=BTC/USDT rows=8928 year=2026
2026-09-23 07:14:26 [info     ] imported                       batches=9 interval=5m month=3 pair=BTC/USDT rows=8928 year=2026
2026-09-23 07:14:26 [info     ] downloading                    url=https://data.binance.vision/data/spot/monthly/klines/BTCUSDT/5m/BTCUSDT-5m-2026-04.zip
2026-09-23 07:14:31 [info     ] imported_batch                 batch=9/9 interval=5m month=4 pair=BTC/USDT rows=8640 year=2026
2026-09-23 07:14:31 [info     ] imported                       batches=9 interval=5m month=4 pair=BTC/USDT rows=8640 year=2026
2026-09-23 07:14:31 [info     ] downloading                    url=https://data.binance.vision/data/spot/monthly/klines/BTCUSDT/5m/BTCUSDT-5m-2026-05.zip
2026-09-23 07:14:35 [info     ] imported_batch                 batch=9/9 interval=5m month=5 pair=BTC/USDT rows=8928 year=2026
2026-09-23 07:14:35 [info     ] imported                       batches=9 interval=5m month=5 pair=BTC/USDT rows=8928 year=2026
2026-09-23 07:14:35 [info     ] downloading                    url=https://data.binance.vision/data/spot/monthly/klines/BTCUSDT/5m/BTCUSDT-5m-2026-06.zip
2026-09-23 07:14:40 [info     ] imported_batch                 batch=9/9 interval=5m month=6 pair=BTC/USDT rows=8640 year=2026
2026-09-23 07:14:40 [info     ] imported                       batches=9 interval=5m month=6 pair=BTC/USDT rows=8640 year=2026
2026-09-23 07:14:40 [info     ] downloading                    url=https://data.binance.vision/data/spot/monthly/klines/BTCUSDT/5m/BTCUSDT-5m-2026-07.zip
2026-09-23 07:14:45 [info     ] imported_batch                 batch=9/9 interval=5m month=7 pair=BTC/USDT rows=8928 year=2026
2026-09-23 07:14:45 [info     ] imported                       batches=9 interval=5m month=7 pair=BTC/USDT rows=8928 year=2026
2026-09-23 07:14:45 [info     ] downloading                    url=https://data.binance.vision/data/spot/monthly/klines/BTCUSDT/5m/BTCUSDT-5m-2026-08.zip
2026-09-23 07:14:48 [info     ] imported_batch                 batch=9/9 interval=5m month=8 pair=BTC/USDT rows=8928 year=2026
2026-09-23 07:14:48 [info     ] imported                       batches=9 interval=5m month=8 pair=BTC/USDT rows=8928 year=2026
2026-09-23 07:14:48 [info     ] downloading                    url=https://data.binance.vision/data/spot/monthly/klines/BTCUSDT/15m/BTCUSDT-15m-2021-01.zip
2026-09-23 07:14:51 [info     ] imported_batch                 batch=3/3 interval=15m month=1 pair=BTC/USDT rows=2976 year=2021
2026-09-23 07:14:51 [info     ] imported                       batches=3 interval=15m month=1 pair=BTC/USDT rows=2976 year=2021
2026-09-23 07:14:51 [info     ] downloading                    url=https://data.binance.vision/data/spot/monthly/klines/BTCUSDT/15m/BTCUSDT-15m-2021-02.zip
2026-09-23 07:14:52 [info     ] imported_batch                 batch=3/3 interval=15m month=2 pair=BTC/USDT rows=2683 year=2021
2026-09-23 07:14:52 [info     ] imported                       batches=3 interval=15m month=2 pair=BTC/USDT rows=2683 year=2021
2026-09-23 07:14:52 [info     ] downloading                    url=https://data.binance.vision/data/spot/monthly/klines/BTCUSDT/15m/BTCUSDT-15m-2021-03.zip
2026-09-23 07:14:54 [info     ] imported_batch                 batch=3/3 interval=15m month=3 pair=BTC/USDT rows=2970 year=2021
2026-09-23 07:14:54 [info     ] imported                       batches=3 interval=15m month=3 pair=BTC/USDT rows=2970 year=2021
2026-09-23 07:14:54 [info     ] downloading                    url=https://data.binance.vision/data/spot/monthly/klines/BTCUSDT/15m/BTCUSDT-15m-2021-04.zip
2026-09-23 07:14:56 [info     ] imported_batch                 batch=3/3 interval=15m month=4 pair=BTC/USDT rows=2852 year=2021
2026-09-23 07:14:56 [info     ] imported                       batches=3 interval=15m month=4 pair=BTC/USDT rows=2852 year=2021
2026-09-23 07:14:56 [info     ] downloading                    url=https://data.binance.vision/data/spot/monthly/klines/BTCUSDT/15m/BTCUSDT-15m-2021-05.zip
2026-09-23 07:14:58 [info     ] imported_batch                 batch=3/3 interval=15m month=5 pair=BTC/USDT rows=2976 year=2021
2026-09-23 07:14:58 [info     ] imported                       batches=3 interval=15m month=5 pair=BTC/USDT rows=2976 year=2021
2026-09-23 07:14:58 [info     ] downloading                    url=https://data.binance.vision/data/spot/monthly/klines/BTCUSDT/15m/BTCUSDT-15m-2021-06.zip
2026-09-23 07:15:01 [info     ] imported_batch                 batch=3/3 interval=15m month=6 pair=BTC/USDT rows=2880 year=2021
2026-09-23 07:15:01 [info     ] imported                       batches=3 interval=15m month=6 pair=BTC/USDT rows=2880 year=2021
2026-09-23 07:15:01 [info     ] downloading                    url=https://data.binance.vision/data/spot/monthly/klines/BTCUSDT/15m/BTCUSDT-15m-2021-07.zip
2026-09-23 07:15:04 [info     ] imported_batch                 batch=3/3 interval=15m month=7 pair=BTC/USDT rows=2976 year=2021
2026-09-23 07:15:04 [info     ] imported                       batches=3 interval=15m month=7 pair=BTC/USDT rows=2976 year=2021
2026-09-23 07:15:04 [info     ] downloading                    url=https://data.binance.vision/data/spot/monthly/klines/BTCUSDT/15m/BTCUSDT-15m-2021-08.zip
2026-09-23 07:15:06 [info     ] imported_batch                 batch=3/3 interval=15m month=8 pair=BTC/USDT rows=2958 year=2021
2026-09-23 07:15:06 [info     ] imported                       batches=3 interval=15m month=8 pair=BTC/USDT rows=2958 year=2021
2026-09-23 07:15:06 [info     ] downloading                    url=https://data.binance.vision/data/spot/monthly/klines/BTCUSDT/15m/BTCUSDT-15m-2021-09.zip
2026-09-23 07:15:09 [info     ] imported_batch                 batch=3/3 interval=15m month=9 pair=BTC/USDT rows=2872 year=2021
2026-09-23 07:15:09 [info     ] imported                       batches=3 interval=15m month=9 pair=BTC/USDT rows=2872 year=2021
2026-09-23 07:15:09 [info     ] downloading                    url=https://data.binance.vision/data/spot/monthly/klines/BTCUSDT/15m/BTCUSDT-15m-2021-10.zip
2026-09-23 07:15:11 [info     ] imported_batch                 batch=3/3 interval=15m month=10 pair=BTC/USDT rows=2976 year=2021
2026-09-23 07:15:11 [info     ] imported                       batches=3 interval=15m month=10 pair=BTC/USDT rows=2976 year=2021
2026-09-23 07:15:11 [info     ] downloading                    url=https://data.binance.vision/data/spot/monthly/klines/BTCUSDT/15m/BTCUSDT-15m-2021-11.zip
2026-09-23 07:15:13 [info     ] imported_batch                 batch=3/3 interval=15m month=11 pair=BTC/USDT rows=2880 year=2021
2026-09-23 07:15:13 [info     ] imported                       batches=3 interval=15m month=11 pair=BTC/USDT rows=2880 year=2021
2026-09-23 07:15:13 [info     ] downloading                    url=https://data.binance.vision/data/spot/monthly/klines/BTCUSDT/15m/BTCUSDT-15m-2021-12.zip
2026-09-23 07:15:16 [info     ] imported_batch                 batch=3/3 interval=15m month=12 pair=BTC/USDT rows=2976 year=2021
2026-09-23 07:15:16 [info     ] imported                       batches=3 interval=15m month=12 pair=BTC/USDT rows=2976 year=2021
2026-09-23 07:15:16 [info     ] downloading                    url=https://data.binance.vision/data/spot/monthly/klines/BTCUSDT/15m/BTCUSDT-15m-2022-01.zip
2026-09-23 07:15:18 [info     ] imported_batch                 batch=3/3 interval=15m month=1 pair=BTC/USDT rows=2976 year=2022
2026-09-23 07:15:18 [info     ] imported                       batches=3 interval=15m month=1 pair=BTC/USDT rows=2976 year=2022
2026-09-23 07:15:18 [info     ] downloading                    url=https://data.binance.vision/data/spot/monthly/klines/BTCUSDT/15m/BTCUSDT-15m-2022-02.zip
2026-09-23 07:15:21 [info     ] imported_batch                 batch=3/3 interval=15m month=2 pair=BTC/USDT rows=2688 year=2022
2026-09-23 07:15:21 [info     ] imported                       batches=3 interval=15m month=2 pair=BTC/USDT rows=2688 year=2022
2026-09-23 07:15:21 [info     ] downloading                    url=https://data.binance.vision/data/spot/monthly/klines/BTCUSDT/15m/BTCUSDT-15m-2022-03.zip
2026-09-23 07:15:23 [info     ] imported_batch                 batch=3/3 interval=15m month=3 pair=BTC/USDT rows=2976 year=2022
2026-09-23 07:15:23 [info     ] imported                       batches=3 interval=15m month=3 pair=BTC/USDT rows=2976 year=2022
2026-09-23 07:15:23 [info     ] downloading                    url=https://data.binance.vision/data/spot/monthly/klines/BTCUSDT/15m/BTCUSDT-15m-2022-04.zip
2026-09-23 07:15:25 [info     ] imported_batch                 batch=3/3 interval=15m month=4 pair=BTC/USDT rows=2880 year=2022
2026-09-23 07:15:25 [info     ] imported                       batches=3 interval=15m month=4 pair=BTC/USDT rows=2880 year=2022
2026-09-23 07:15:25 [info     ] downloading                    url=https://data.binance.vision/data/spot/monthly/klines/BTCUSDT/15m/BTCUSDT-15m-2022-05.zip
2026-09-23 07:15:27 [info     ] imported_batch                 batch=3/3 interval=15m month=5 pair=BTC/USDT rows=2976 year=2022
2026-09-23 07:15:27 [info     ] imported                       batches=3 interval=15m month=5 pair=BTC/USDT rows=2976 year=2022
2026-09-23 07:15:27 [info     ] downloading                    url=https://data.binance.vision/data/spot/monthly/klines/BTCUSDT/15m/BTCUSDT-15m-2022-06.zip
2026-09-23 07:15:30 [info     ] imported_batch                 batch=3/3 interval=15m month=6 pair=BTC/USDT rows=2880 year=2022
2026-09-23 07:15:30 [info     ] imported                       batches=3 interval=15m month=6 pair=BTC/USDT rows=2880 year=2022
2026-09-23 07:15:30 [info     ] downloading                    url=https://data.binance.vision/data/spot/monthly/klines/BTCUSDT/15m/BTCUSDT-15m-2022-07.zip
2026-09-23 07:15:31 [info     ] imported_batch                 batch=3/3 interval=15m month=7 pair=BTC/USDT rows=2976 year=2022
2026-09-23 07:15:31 [info     ] imported                       batches=3 interval=15m month=7 pair=BTC/USDT rows=2976 year=2022
2026-09-23 07:15:31 [info     ] downloading                    url=https://data.binance.vision/data/spot/monthly/klines/BTCUSDT/15m/BTCUSDT-15m-2022-08.zip
2026-09-23 07:15:34 [info     ] imported_batch                 batch=3/3 interval=15m month=8 pair=BTC/USDT rows=2976 year=2022
2026-09-23 07:15:34 [info     ] imported                       batches=3 interval=15m month=8 pair=BTC/USDT rows=2976 year=2022
2026-09-23 07:15:34 [info     ] downloading                    url=https://data.binance.vision/data/spot/monthly/klines/BTCUSDT/15m/BTCUSDT-15m-2022-09.zip
2026-09-23 07:15:36 [info     ] imported_batch                 batch=3/3 interval=15m month=9 pair=BTC/USDT rows=2880 year=2022
2026-09-23 07:15:36 [info     ] imported                       batches=3 interval=15m month=9 pair=BTC/USDT rows=2880 year=2022
2026-09-23 07:15:36 [info     ] downloading                    url=https://data.binance.vision/data/spot/monthly/klines/BTCUSDT/15m/BTCUSDT-15m-2022-10.zip
2026-09-23 07:15:38 [info     ] imported_batch                 batch=3/3 interval=15m month=10 pair=BTC/USDT rows=2976 year=2022
2026-09-23 07:15:38 [info     ] imported                       batches=3 interval=15m month=10 pair=BTC/USDT rows=2976 year=2022
2026-09-23 07:15:38 [info     ] downloading                    url=https://data.binance.vision/data/spot/monthly/klines/BTCUSDT/15m/BTCUSDT-15m-2022-11.zip
2026-09-23 07:15:40 [info     ] imported_batch                 batch=3/3 interval=15m month=11 pair=BTC/USDT rows=2880 year=2022
2026-09-23 07:15:40 [info     ] imported                       batches=3 interval=15m month=11 pair=BTC/USDT rows=2880 year=2022
2026-09-23 07:15:40 [info     ] downloading                    url=https://data.binance.vision/data/spot/monthly/klines/BTCUSDT/15m/BTCUSDT-15m-2022-12.zip
2026-09-23 07:15:41 [info     ] imported_batch                 batch=3/3 interval=15m month=12 pair=BTC/USDT rows=2976 year=2022
2026-09-23 07:15:41 [info     ] imported                       batches=3 interval=15m month=12 pair=BTC/USDT rows=2976 year=2022
2026-09-23 07:15:41 [info     ] downloading                    url=https://data.binance.vision/data/spot/monthly/klines/BTCUSDT/15m/BTCUSDT-15m-2023-01.zip
2026-09-23 07:15:44 [info     ] imported_batch                 batch=3/3 interval=15m month=1 pair=BTC/USDT rows=2976 year=2023
2026-09-23 07:15:44 [info     ] imported                       batches=3 interval=15m month=1 pair=BTC/USDT rows=2976 year=2023
2026-09-23 07:15:44 [info     ] downloading                    url=https://data.binance.vision/data/spot/monthly/klines/BTCUSDT/15m/BTCUSDT-15m-2023-02.zip
2026-09-23 07:15:46 [info     ] imported_batch                 batch=3/3 interval=15m month=2 pair=BTC/USDT rows=2688 year=2023
2026-09-23 07:15:46 [info     ] imported                       batches=3 interval=15m month=2 pair=BTC/USDT rows=2688 year=2023
2026-09-23 07:15:46 [info     ] downloading                    url=https://data.binance.vision/data/spot/monthly/klines/BTCUSDT/15m/BTCUSDT-15m-2023-03.zip
2026-09-23 07:15:48 [info     ] imported_batch                 batch=3/3 interval=15m month=3 pair=BTC/USDT rows=2971 year=2023
2026-09-23 07:15:48 [info     ] imported                       batches=3 interval=15m month=3 pair=BTC/USDT rows=2971 year=2023
2026-09-23 07:15:48 [info     ] downloading                    url=https://data.binance.vision/data/spot/monthly/klines/BTCUSDT/15m/BTCUSDT-15m-2023-04.zip
2026-09-23 07:15:50 [info     ] imported_batch                 batch=3/3 interval=15m month=4 pair=BTC/USDT rows=2880 year=2023
2026-09-23 07:15:50 [info     ] imported                       batches=3 interval=15m month=4 pair=BTC/USDT rows=2880 year=2023
2026-09-23 07:15:50 [info     ] downloading                    url=https://data.binance.vision/data/spot/monthly/klines/BTCUSDT/15m/BTCUSDT-15m-2023-05.zip
2026-09-23 07:15:52 [info     ] imported_batch                 batch=3/3 interval=15m month=5 pair=BTC/USDT rows=2976 year=2023
2026-09-23 07:15:52 [info     ] imported                       batches=3 interval=15m month=5 pair=BTC/USDT rows=2976 year=2023
2026-09-23 07:15:52 [info     ] downloading                    url=https://data.binance.vision/data/spot/monthly/klines/BTCUSDT/15m/BTCUSDT-15m-2023-06.zip
2026-09-23 07:15:54 [info     ] imported_batch                 batch=3/3 interval=15m month=6 pair=BTC/USDT rows=2880 year=2023
2026-09-23 07:15:54 [info     ] imported                       batches=3 interval=15m month=6 pair=BTC/USDT rows=2880 year=2023
2026-09-23 07:15:54 [info     ] downloading                    url=https://data.binance.vision/data/spot/monthly/klines/BTCUSDT/15m/BTCUSDT-15m-2023-07.zip
2026-09-23 07:15:55 [info     ] imported_batch                 batch=3/3 interval=15m month=7 pair=BTC/USDT rows=2976 year=2023
2026-09-23 07:15:55 [info     ] imported                       batches=3 interval=15m month=7 pair=BTC/USDT rows=2976 year=2023
2026-09-23 07:15:55 [info     ] downloading                    url=https://data.binance.vision/data/spot/monthly/klines/BTCUSDT/15m/BTCUSDT-15m-2023-08.zip
2026-09-23 07:15:58 [info     ] imported_batch                 batch=3/3 interval=15m month=8 pair=BTC/USDT rows=2976 year=2023
2026-09-23 07:15:58 [info     ] imported                       batches=3 interval=15m month=8 pair=BTC/USDT rows=2976 year=2023
2026-09-23 07:15:58 [info     ] progress                       pct=8.2% processed=100 total=1224 total_rows=688997
2026-09-23 07:15:58 [info     ] downloading                    url=https://data.binance.vision/data/spot/monthly/klines/BTCUSDT/15m/BTCUSDT-15m-2023-09.zip
2026-09-23 07:16:00 [info     ] imported_batch                 batch=3/3 interval=15m month=9 pair=BTC/USDT rows=2880 year=2023
2026-09-23 07:16:00 [info     ] imported                       batches=3 interval=15m month=9 pair=BTC/USDT rows=2880 year=2023
2026-09-23 07:16:00 [info     ] downloading                    url=https://data.binance.vision/data/spot/monthly/klines/BTCUSDT/15m/BTCUSDT-15m-2023-10.zip
2026-09-23 07:16:02 [info     ] imported_batch                 batch=3/3 interval=15m month=10 pair=BTC/USDT rows=2976 year=2023
2026-09-23 07:16:02 [info     ] imported                       batches=3 interval=15m month=10 pair=BTC/USDT rows=2976 year=2023
2026-09-23 07:16:02 [info     ] downloading                    url=https://data.binance.vision/data/spot/monthly/klines/BTCUSDT/15m/BTCUSDT-15m-2023-11.zip
2026-09-23 07:16:04 [info     ] imported_batch                 batch=3/3 interval=15m month=11 pair=BTC/USDT rows=2880 year=2023
2026-09-23 07:16:04 [info     ] imported                       batches=3 interval=15m month=11 pair=BTC/USDT rows=2880 year=2023
2026-09-23 07:16:04 [info     ] downloading                    url=https://data.binance.vision/data/spot/monthly/klines/BTCUSDT/15m/BTCUSDT-15m-2023-12.zip
2026-09-23 07:16:06 [info     ] imported_batch                 batch=3/3 interval=15m month=12 pair=BTC/USDT rows=2976 year=2023
2026-09-23 07:16:06 [info     ] imported                       batches=3 interval=15m month=12 pair=BTC/USDT rows=2976 year=2023
2026-09-23 07:16:06 [info     ] downloading                    url=https://data.binance.vision/data/spot/monthly/klines/BTCUSDT/15m/BTCUSDT-15m-2024-01.zip
2026-09-23 07:16:09 [info     ] imported_batch                 batch=3/3 interval=15m month=1 pair=BTC/USDT rows=2976 year=2024
2026-09-23 07:16:09 [info     ] imported                       batches=3 interval=15m month=1 pair=BTC/USDT rows=2976 year=2024
2026-09-23 07:16:09 [info     ] downloading                    url=https://data.binance.vision/data/spot/monthly/klines/BTCUSDT/15m/BTCUSDT-15m-2024-02.zip
2026-09-23 07:16:11 [info     ] imported_batch                 batch=3/3 interval=15m month=2 pair=BTC/USDT rows=2784 year=2024
2026-09-23 07:16:11 [info     ] imported                       batches=3 interval=15m month=2 pair=BTC/USDT rows=2784 year=2024
2026-09-23 07:16:11 [info     ] downloading                    url=https://data.binance.vision/data/spot/monthly/klines/BTCUSDT/15m/BTCUSDT-15m-2024-03.zip
2026-09-23 07:16:13 [info     ] imported_batch                 batch=3/3 interval=15m month=3 pair=BTC/USDT rows=2976 year=2024
2026-09-23 07:16:13 [info     ] imported                       batches=3 interval=15m month=3 pair=BTC/USDT rows=2976 year=2024
2026-09-23 07:16:13 [info     ] downloading                    url=https://data.binance.vision/data/spot/monthly/klines/BTCUSDT/15m/BTCUSDT-15m-2024-04.zip
2026-09-23 07:16:15 [info     ] imported_batch                 batch=3/3 interval=15m month=4 pair=BTC/USDT rows=2880 year=2024
2026-09-23 07:16:15 [info     ] imported                       batches=3 interval=15m month=4 pair=BTC/USDT rows=2880 year=2024
2026-09-23 07:16:15 [info     ] downloading                    url=https://data.binance.vision/data/spot/monthly/klines/BTCUSDT/15m/BTCUSDT-15m-2024-05.zip
2026-09-23 07:16:17 [info     ] imported_batch                 batch=3/3 interval=15m month=5 pair=BTC/USDT rows=2976 year=2024
2026-09-23 07:16:17 [info     ] imported                       batches=3 interval=15m month=5 pair=BTC/USDT rows=2976 year=2024
2026-09-23 07:16:17 [info     ] downloading                    url=https://data.binance.vision/data/spot/monthly/klines/BTCUSDT/15m/BTCUSDT-15m-2024-06.zip
2026-09-23 07:16:19 [info     ] imported_batch                 batch=3/3 interval=15m month=6 pair=BTC/USDT rows=2880 year=2024
2026-09-23 07:16:19 [info     ] imported                       batches=3 interval=15m month=6 pair=BTC/USDT rows=2880 year=2024
2026-09-23 07:16:19 [info     ] downloading                    url=https://data.binance.vision/data/spot/monthly/klines/BTCUSDT/15m/BTCUSDT-15m-2024-07.zip
2026-09-23 07:16:22 [info     ] imported_batch                 batch=3/3 interval=15m month=7 pair=BTC/USDT rows=2976 year=2024
2026-09-23 07:16:22 [info     ] imported                       batches=3 interval=15m month=7 pair=BTC/USDT rows=2976 year=2024
2026-09-23 07:16:22 [info     ] downloading                    url=https://data.binance.vision/data/spot/monthly/klines/BTCUSDT/15m/BTCUSDT-15m-2024-08.zip
2026-09-23 07:16:24 [info     ] imported_batch                 batch=3/3 interval=15m month=8 pair=BTC/USDT rows=2976 year=2024
2026-09-23 07:16:24 [info     ] imported                       batches=3 interval=15m month=8 pair=BTC/USDT rows=2976 year=2024
2026-09-23 07:16:24 [info     ] downloading                    url=https://data.binance.vision/data/spot/monthly/klines/BTCUSDT/15m/BTCUSDT-15m-2024-09.zip
2026-09-23 07:16:27 [info     ] imported_batch                 batch=3/3 interval=15m month=9 pair=BTC/USDT rows=2880 year=2024
2026-09-23 07:16:27 [info     ] imported                       batches=3 interval=15m month=9 pair=BTC/USDT rows=2880 year=2024
2026-09-23 07:16:27 [info     ] downloading                    url=https://data.binance.vision/data/spot/monthly/klines/BTCUSDT/15m/BTCUSDT-15m-2024-10.zip
2026-09-23 07:16:29 [info     ] imported_batch                 batch=3/3 interval=15m month=10 pair=BTC/USDT rows=2976 year=2024
2026-09-23 07:16:29 [info     ] imported                       batches=3 interval=15m month=10 pair=BTC/USDT rows=2976 year=2024
2026-09-23 07:16:29 [info     ] downloading                    url=https://data.binance.vision/data/spot/monthly/klines/BTCUSDT/15m/BTCUSDT-15m-2024-11.zip
2026-09-23 07:16:30 [info     ] imported_batch                 batch=3/3 interval=15m month=11 pair=BTC/USDT rows=2880 year=2024
2026-09-23 07:16:30 [info     ] imported                       batches=3 interval=15m month=11 pair=BTC/USDT rows=2880 year=2024
2026-09-23 07:16:30 [info     ] downloading                    url=https://data.binance.vision/data/spot/monthly/klines/BTCUSDT/15m/BTCUSDT-15m-2024-12.zip
2026-09-23 07:16:32 [info     ] imported_batch                 batch=3/3 interval=15m month=12 pair=BTC/USDT rows=2976 year=2024
2026-09-23 07:16:32 [info     ] imported                       batches=3 interval=15m month=12 pair=BTC/USDT rows=2976 year=2024
2026-09-23 07:16:32 [info     ] downloading                    url=https://data.binance.vision/data/spot/monthly/klines/BTCUSDT/15m/BTCUSDT-15m-2025-01.zip
2026-09-23 07:16:34 [info     ] imported_batch                 batch=3/3 interval=15m month=1 pair=BTC/USDT rows=2976 year=2025
2026-09-23 07:16:34 [info     ] imported                       batches=3 interval=15m month=1 pair=BTC/USDT rows=2976 year=2025
2026-09-23 07:16:34 [info     ] downloading                    url=https://data.binance.vision/data/spot/monthly/klines/BTCUSDT/15m/BTCUSDT-15m-2025-02.zip
2026-09-23 07:16:36 [info     ] imported_batch                 batch=3/3 interval=15m month=2 pair=BTC/USDT rows=2688 year=2025
2026-09-23 07:16:36 [info     ] imported                       batches=3 interval=15m month=2 pair=BTC/USDT rows=2688 year=2025
2026-09-23 07:16:36 [info     ] downloading                    url=https://data.binance.vision/data/spot/monthly/klines/BTCUSDT/15m/BTCUSDT-15m-2025-03.zip
2026-09-23 07:16:39 [info     ] imported_batch                 batch=3/3 interval=15m month=3 pair=BTC/USDT rows=2976 year=2025
2026-09-23 07:16:39 [info     ] imported                       batches=3 interval=15m month=3 pair=BTC/USDT rows=2976 year=2025
2026-09-23 07:16:39 [info     ] downloading                    url=https://data.binance.vision/data/spot/monthly/klines/BTCUSDT/15m/BTCUSDT-15m-2025-04.zip
2026-09-23 07:16:41 [info     ] imported_batch                 batch=3/3 interval=15m month=4 pair=BTC/USDT rows=2880 year=2025
2026-09-23 07:16:41 [info     ] imported                       batches=3 interval=15m month=4 pair=BTC/USDT rows=2880 year=2025
2026-09-23 07:16:41 [info     ] downloading                    url=https://data.binance.vision/data/spot/monthly/klines/BTCUSDT/15m/BTCUSDT-15m-2025-05.zip
2026-09-23 07:16:43 [info     ] imported_batch                 batch=3/3 interval=15m month=5 pair=BTC/USDT rows=2976 year=2025
2026-09-23 07:16:43 [info     ] imported                       batches=3 interval=15m month=5 pair=BTC/USDT rows=2976 year=2025
2026-09-23 07:16:43 [info     ] downloading                    url=https://data.binance.vision/data/spot/monthly/klines/BTCUSDT/15m/BTCUSDT-15m-2025-06.zip
2026-09-23 07:16:46 [info     ] imported_batch                 batch=3/3 interval=15m month=6 pair=BTC/USDT rows=2880 year=2025
2026-09-23 07:16:46 [info     ] imported                       batches=3 interval=15m month=6 pair=BTC/USDT rows=2880 year=2025
2026-09-23 07:16:46 [info     ] downloading                    url=https://data.binance.vision/data/spot/monthly/klines/BTCUSDT/15m/BTCUSDT-15m-2025-07.zip
2026-09-23 07:16:48 [info     ] imported_batch                 batch=3/3 interval=15m month=7 pair=BTC/USDT rows=2976 year=2025
2026-09-23 07:16:48 [info     ] imported                       batches=3 interval=15m month=7 pair=BTC/USDT rows=2976 year=2025
2026-09-23 07:16:48 [info     ] downloading                    url=https://data.binance.vision/data/spot/monthly/klines/BTCUSDT/15m/BTCUSDT-15m-2025-08.zip
2026-09-23 07:16:50 [info     ] imported_batch                 batch=3/3 interval=15m month=8 pair=BTC/USDT rows=2976 year=2025
2026-09-23 07:16:50 [info     ] imported                       batches=3 interval=15m month=8 pair=BTC/USDT rows=2976 year=2025
2026-09-23 07:16:50 [info     ] downloading                    url=https://data.binance.vision/data/spot/monthly/klines/BTCUSDT/15m/BTCUSDT-15m-2025-09.zip
2026-09-23 07:16:52 [info     ] imported_batch                 batch=3/3 interval=15m month=9 pair=BTC/USDT rows=2880 year=2025
2026-09-23 07:16:52 [info     ] imported                       batches=3 interval=15m month=9 pair=BTC/USDT rows=2880 year=2025
2026-09-23 07:16:52 [info     ] downloading                    url=https://data.binance.vision/data/spot/monthly/klines/BTCUSDT/15m/BTCUSDT-15m-2025-10.zip
2026-09-23 07:16:54 [info     ] imported_batch                 batch=3/3 interval=15m month=10 pair=BTC/USDT rows=2976 year=2025
2026-09-23 07:16:54 [info     ] imported                       batches=3 interval=15m month=10 pair=BTC/USDT rows=2976 year=2025
2026-09-23 07:16:54 [info     ] downloading                    url=https://data.binance.vision/data/spot/monthly/klines/BTCUSDT/15m/BTCUSDT-15m-2025-11.zip
2026-09-23 07:16:56 [info     ] imported_batch                 batch=3/3 interval=15m month=11 pair=BTC/USDT rows=2880 year=2025
2026-09-23 07:16:56 [info     ] imported                       batches=3 interval=15m month=11 pair=BTC/USDT rows=2880 year=2025
2026-09-23 07:16:56 [info     ] downloading                    url=https://data.binance.vision/data/spot/monthly/klines/BTCUSDT/15m/BTCUSDT-15m-2025-12.zip
2026-09-23 07:16:59 [info     ] imported_batch                 batch=3/3 interval=15m month=12 pair=BTC/USDT rows=2976 year=2025
2026-09-23 07:16:59 [info     ] imported                       batches=3 interval=15m month=12 pair=BTC/USDT rows=2976 year=2025
2026-09-23 07:16:59 [info     ] downloading                    url=https://data.binance.vision/data/spot/monthly/klines/BTCUSDT/15m/BTCUSDT-15m-2026-01.zip
2026-09-23 07:17:01 [info     ] imported_batch                 batch=3/3 interval=15m month=1 pair=BTC/USDT rows=2976 year=2026
2026-09-23 07:17:01 [info     ] imported                       batches=3 interval=15m month=1 pair=BTC/USDT rows=2976 year=2026
2026-09-23 07:17:01 [info     ] downloading                    url=https://data.binance.vision/data/spot/monthly/klines/BTCUSDT/15m/BTCUSDT-15m-2026-02.zip
2026-09-23 07:17:04 [info     ] imported_batch                 batch=3/3 interval=15m month=2 pair=BTC/USDT rows=2688 year=2026
2026-09-23 07:17:04 [info     ] imported                       batches=3 interval=15m month=2 pair=BTC/USDT rows=2688 year=2026
2026-09-23 07:17:04 [info     ] downloading                    url=https://data.binance.vision/data/spot/monthly/klines/BTCUSDT/15m/BTCUSDT-15m-2026-03.zip
2026-09-23 07:17:06 [info     ] imported_batch                 batch=3/3 interval=15m month=3 pair=BTC/USDT rows=2976 year=2026
2026-09-23 07:17:06 [info     ] imported                       batches=3 interval=15m month=3 pair=BTC/USDT rows=2976 year=2026
2026-09-23 07:17:06 [info     ] downloading                    url=https://data.binance.vision/data/spot/monthly/klines/BTCUSDT/15m/BTCUSDT-15m-2026-04.zip
2026-09-23 07:17:08 [info     ] imported_batch                 batch=3/3 interval=15m month=4 pair=BTC/USDT rows=2880 year=2026
2026-09-23 07:17:08 [info     ] imported                       batches=3 interval=15m month=4 pair=BTC/USDT rows=2880 year=2026
2026-09-23 07:17:08 [info     ] downloading                    url=https://data.binance.vision/data/spot/monthly/klines/BTCUSDT/15m/BTCUSDT-15m-2026-05.zip
2026-09-23 07:17:11 [info     ] imported_batch                 batch=3/3 interval=15m month=5 pair=BTC/USDT rows=2976 year=2026
2026-09-23 07:17:11 [info     ] imported                       batches=3 interval=15m month=5 pair=BTC/USDT rows=2976 year=2026
2026-09-23 07:17:11 [info     ] downloading                    url=https://data.binance.vision/data/spot/monthly/klines/BTCUSDT/15m/BTCUSDT-15m-2026-06.zip
2026-09-23 07:17:13 [info     ] imported_batch                 batch=3/3 interval=15m month=6 pair=BTC/USDT rows=2880 year=2026
2026-09-23 07:17:13 [info     ] imported                       batches=3 interval=15m month=6 pair=BTC/USDT rows=2880 year=2026
2026-09-23 07:17:13 [info     ] downloading                    url=https://data.binance.vision/data/spot/monthly/klines/BTCUSDT/15m/BTCUSDT-15m-2026-07.zip
2026-09-23 07:17:15 [info     ] imported_batch                 batch=3/3 interval=15m month=7 pair=BTC/USDT rows=2976 year=2026
2026-09-23 07:17:15 [info     ] imported                       batches=3 interval=15m month=7 pair=BTC/USDT rows=2976 year=2026
2026-09-23 07:17:15 [info     ] downloading                    url=https://data.binance.vision/data/spot/monthly/klines/BTCUSDT/15m/BTCUSDT-15m-2026-08.zip
2026-09-23 07:17:17 [info     ] imported_batch                 batch=3/3 interval=15m month=8 pair=BTC/USDT rows=2976 year=2026
2026-09-23 07:17:17 [info     ] imported                       batches=3 interval=15m month=8 pair=BTC/USDT rows=2976 year=2026
2026-09-23 07:17:17 [info     ] downloading                    url=https://data.binance.vision/data/spot/monthly/klines/BTCUSDT/1h/BTCUSDT-1h-2021-01.zip
2026-09-23 07:17:18 [info     ] imported_batch                 batch=1/1 interval=1h month=1 pair=BTC/USDT rows=744 year=2021
2026-09-23 07:17:18 [info     ] imported                       batches=1 interval=1h month=1 pair=BTC/USDT rows=744 year=2021
2026-09-23 07:17:18 [info     ] downloading                    url=https://data.binance.vision/data/spot/monthly/klines/BTCUSDT/1h/BTCUSDT-1h-2021-02.zip
2026-09-23 07:17:20 [info     ] imported_batch                 batch=1/1 interval=1h month=2 pair=BTC/USDT rows=671 year=2021
2026-09-23 07:17:20 [info     ] imported                       batches=1 interval=1h month=2 pair=BTC/USDT rows=671 year=2021
2026-09-23 07:17:20 [info     ] downloading                    url=https://data.binance.vision/data/spot/monthly/klines/BTCUSDT/1h/BTCUSDT-1h-2021-03.zip
2026-09-23 07:17:20 [info     ] imported_batch                 batch=1/1 interval=1h month=3 pair=BTC/USDT rows=743 year=2021
2026-09-23 07:17:20 [info     ] imported                       batches=1 interval=1h month=3 pair=BTC/USDT rows=743 year=2021
2026-09-23 07:17:20 [info     ] downloading                    url=https://data.binance.vision/data/spot/monthly/klines/BTCUSDT/1h/BTCUSDT-1h-2021-04.zip
2026-09-23 07:17:21 [info     ] imported_batch                 batch=1/1 interval=1h month=4 pair=BTC/USDT rows=715 year=2021
2026-09-23 07:17:21 [info     ] imported                       batches=1 interval=1h month=4 pair=BTC/USDT rows=715 year=2021
2026-09-23 07:17:21 [info     ] downloading                    url=https://data.binance.vision/data/spot/monthly/klines/BTCUSDT/1h/BTCUSDT-1h-2021-05.zip
2026-09-23 07:17:23 [info     ] imported_batch                 batch=1/1 interval=1h month=5 pair=BTC/USDT rows=744 year=2021
2026-09-23 07:17:23 [info     ] imported                       batches=1 interval=1h month=5 pair=BTC/USDT rows=744 year=2021
2026-09-23 07:17:23 [info     ] downloading                    url=https://data.binance.vision/data/spot/monthly/klines/BTCUSDT/1h/BTCUSDT-1h-2021-06.zip
2026-09-23 07:17:24 [info     ] imported_batch                 batch=1/1 interval=1h month=6 pair=BTC/USDT rows=720 year=2021
2026-09-23 07:17:24 [info     ] imported                       batches=1 interval=1h month=6 pair=BTC/USDT rows=720 year=2021
2026-09-23 07:17:24 [info     ] downloading                    url=https://data.binance.vision/data/spot/monthly/klines/BTCUSDT/1h/BTCUSDT-1h-2021-07.zip
2026-09-23 07:17:25 [info     ] imported_batch                 batch=1/1 interval=1h month=7 pair=BTC/USDT rows=744 year=2021
2026-09-23 07:17:25 [info     ] imported                       batches=1 interval=1h month=7 pair=BTC/USDT rows=744 year=2021
2026-09-23 07:17:25 [info     ] downloading                    url=https://data.binance.vision/data/spot/monthly/klines/BTCUSDT/1h/BTCUSDT-1h-2021-08.zip
2026-09-23 07:17:26 [info     ] imported_batch                 batch=1/1 interval=1h month=8 pair=BTC/USDT rows=740 year=2021
2026-09-23 07:17:26 [info     ] imported                       batches=1 interval=1h month=8 pair=BTC/USDT rows=740 year=2021
2026-09-23 07:17:26 [info     ] downloading                    url=https://data.binance.vision/data/spot/monthly/klines/BTCUSDT/1h/BTCUSDT-1h-2021-09.zip
2026-09-23 07:17:28 [info     ] imported_batch                 batch=1/1 interval=1h month=9 pair=BTC/USDT rows=718 year=2021
2026-09-23 07:17:28 [info     ] imported                       batches=1 interval=1h month=9 pair=BTC/USDT rows=718 year=2021
2026-09-23 07:17:28 [info     ] downloading                    url=https://data.binance.vision/data/spot/monthly/klines/BTCUSDT/1h/BTCUSDT-1h-2021-10.zip
2026-09-23 07:17:28 [info     ] imported_batch                 batch=1/1 interval=1h month=10 pair=BTC/USDT rows=744 year=2021
2026-09-23 07:17:28 [info     ] imported                       batches=1 interval=1h month=10 pair=BTC/USDT rows=744 year=2021
2026-09-23 07:17:28 [info     ] downloading                    url=https://data.binance.vision/data/spot/monthly/klines/BTCUSDT/1h/BTCUSDT-1h-2021-11.zip
2026-09-23 07:17:29 [info     ] imported_batch                 batch=1/1 interval=1h month=11 pair=BTC/USDT rows=720 year=2021
2026-09-23 07:17:29 [info     ] imported                       batches=1 interval=1h month=11 pair=BTC/USDT rows=720 year=2021
2026-09-23 07:17:29 [info     ] downloading                    url=https://data.binance.vision/data/spot/monthly/klines/BTCUSDT/1h/BTCUSDT-1h-2021-12.zip
2026-09-23 07:17:30 [info     ] imported_batch                 batch=1/1 interval=1h month=12 pair=BTC/USDT rows=744 year=2021
2026-09-23 07:17:30 [info     ] imported                       batches=1 interval=1h month=12 pair=BTC/USDT rows=744 year=2021
2026-09-23 07:17:30 [info     ] downloading                    url=https://data.binance.vision/data/spot/monthly/klines/BTCUSDT/1h/BTCUSDT-1h-2022-01.zip
2026-09-23 07:17:31 [info     ] imported_batch                 batch=1/1 interval=1h month=1 pair=BTC/USDT rows=744 year=2022
2026-09-23 07:17:31 [info     ] imported                       batches=1 interval=1h month=1 pair=BTC/USDT rows=744 year=2022
2026-09-23 07:17:31 [info     ] downloading                    url=https://data.binance.vision/data/spot/monthly/klines/BTCUSDT/1h/BTCUSDT-1h-2022-02.zip
2026-09-23 07:17:32 [info     ] imported_batch                 batch=1/1 interval=1h month=2 pair=BTC/USDT rows=672 year=2022
2026-09-23 07:17:32 [info     ] imported                       batches=1 interval=1h month=2 pair=BTC/USDT rows=672 year=2022
2026-09-23 07:17:32 [info     ] progress                       pct=12.3% processed=150 total=1224 total_rows=804376
2026-09-23 07:17:32 [info     ] downloading                    url=https://data.binance.vision/data/spot/monthly/klines/BTCUSDT/1h/BTCUSDT-1h-2022-03.zip
2026-09-23 07:17:34 [info     ] imported_batch                 batch=1/1 interval=1h month=3 pair=BTC/USDT rows=744 year=2022
2026-09-23 07:17:34 [info     ] imported                       batches=1 interval=1h month=3 pair=BTC/USDT rows=744 year=2022
2026-09-23 07:17:34 [info     ] downloading                    url=https://data.binance.vision/data/spot/monthly/klines/BTCUSDT/1h/BTCUSDT-1h-2022-04.zip
2026-09-23 07:17:34 [info     ] imported_batch                 batch=1/1 interval=1h month=4 pair=BTC/USDT rows=720 year=2022
2026-09-23 07:17:34 [info     ] imported                       batches=1 interval=1h month=4 pair=BTC/USDT rows=720 year=2022
2026-09-23 07:17:34 [info     ] downloading                    url=https://data.binance.vision/data/spot/monthly/klines/BTCUSDT/1h/BTCUSDT-1h-2022-05.zip
2026-09-23 07:17:35 [info     ] imported_batch                 batch=1/1 interval=1h month=5 pair=BTC/USDT rows=744 year=2022
2026-09-23 07:17:35 [info     ] imported                       batches=1 interval=1h month=5 pair=BTC/USDT rows=744 year=2022
2026-09-23 07:17:35 [info     ] downloading                    url=https://data.binance.vision/data/spot/monthly/klines/BTCUSDT/1h/BTCUSDT-1h-2022-06.zip
2026-09-23 07:17:36 [info     ] imported_batch                 batch=1/1 interval=1h month=6 pair=BTC/USDT rows=720 year=2022
2026-09-23 07:17:36 [info     ] imported                       batches=1 interval=1h month=6 pair=BTC/USDT rows=720 year=2022
2026-09-23 07:17:36 [info     ] downloading                    url=https://data.binance.vision/data/spot/monthly/klines/BTCUSDT/1h/BTCUSDT-1h-2022-07.zip
2026-09-23 07:17:37 [info     ] imported_batch                 batch=1/1 interval=1h month=7 pair=BTC/USDT rows=744 year=2022
2026-09-23 07:17:37 [info     ] imported                       batches=1 interval=1h month=7 pair=BTC/USDT rows=744 year=2022
2026-09-23 07:17:37 [info     ] downloading                    url=https://data.binance.vision/data/spot/monthly/klines/BTCUSDT/1h/BTCUSDT-1h-2022-08.zip
2026-09-23 07:17:39 [info     ] imported_batch                 batch=1/1 interval=1h month=8 pair=BTC/USDT rows=744 year=2022
2026-09-23 07:17:39 [info     ] imported                       batches=1 interval=1h month=8 pair=BTC/USDT rows=744 year=2022
2026-09-23 07:17:39 [info     ] downloading                    url=https://data.binance.vision/data/spot/monthly/klines/BTCUSDT/1h/BTCUSDT-1h-2022-09.zip
2026-09-23 07:17:40 [info     ] imported_batch                 batch=1/1 interval=1h month=9 pair=BTC/USDT rows=720 year=2022
2026-09-23 07:17:40 [info     ] imported                       batches=1 interval=1h month=9 pair=BTC/USDT rows=720 year=2022
2026-09-23 07:17:40 [info     ] downloading                    url=https://data.binance.vision/data/spot/monthly/klines/BTCUSDT/1h/BTCUSDT-1h-2022-10.zip
2026-09-23 07:17:41 [info     ] imported_batch                 batch=1/1 interval=1h month=10 pair=BTC/USDT rows=744 year=2022
2026-09-23 07:17:41 [info     ] imported                       batches=1 interval=1h month=10 pair=BTC/USDT rows=744 year=2022
2026-09-23 07:17:41 [info     ] downloading                    url=https://data.binance.vision/data/spot/monthly/klines/BTCUSDT/1h/BTCUSDT-1h-2022-11.zip
2026-09-23 07:17:43 [info     ] imported_batch                 batch=1/1 interval=1h month=11 pair=BTC/USDT rows=720 year=2022
2026-09-23 07:17:43 [info     ] imported                       batches=1 interval=1h month=11 pair=BTC/USDT rows=720 year=2022
2026-09-23 07:17:43 [info     ] downloading                    url=https://data.binance.vision/data/spot/monthly/klines/BTCUSDT/1h/BTCUSDT-1h-2022-12.zip
2026-09-23 07:17:44 [info     ] imported_batch                 batch=1/1 interval=1h month=12 pair=BTC/USDT rows=744 year=2022
2026-09-23 07:17:44 [info     ] imported                       batches=1 interval=1h month=12 pair=BTC/USDT rows=744 year=2022
2026-09-23 07:17:44 [info     ] downloading                    url=https://data.binance.vision/data/spot/monthly/klines/BTCUSDT/1h/BTCUSDT-1h-2023-01.zip
2026-09-23 07:17:45 [info     ] imported_batch                 batch=1/1 interval=1h month=1 pair=BTC/USDT rows=744 year=2023
2026-09-23 07:17:45 [info     ] imported                       batches=1 interval=1h month=1 pair=BTC/USDT rows=744 year=2023
2026-09-23 07:17:45 [info     ] downloading                    url=https://data.binance.vision/data/spot/monthly/klines/BTCUSDT/1h/BTCUSDT-1h-2023-02.zip
2026-09-23 07:17:46 [info     ] imported_batch                 batch=1/1 interval=1h month=2 pair=BTC/USDT rows=672 year=2023
2026-09-23 07:17:46 [info     ] imported                       batches=1 interval=1h month=2 pair=BTC/USDT rows=672 year=2023
2026-09-23 07:17:46 [info     ] downloading                    url=https://data.binance.vision/data/spot/monthly/klines/BTCUSDT/1h/BTCUSDT-1h-2023-03.zip
2026-09-23 07:17:48 [info     ] imported_batch                 batch=1/1 interval=1h month=3 pair=BTC/USDT rows=743 year=2023
2026-09-23 07:17:48 [info     ] imported                       batches=1 interval=1h month=3 pair=BTC/USDT rows=743 year=2023
2026-09-23 07:17:48 [info     ] downloading                    url=https://data.binance.vision/data/spot/monthly/klines/BTCUSDT/1h/BTCUSDT-1h-2023-04.zip
2026-09-23 07:17:49 [info     ] imported_batch                 batch=1/1 interval=1h month=4 pair=BTC/USDT rows=720 year=2023
2026-09-23 07:17:49 [info     ] imported                       batches=1 interval=1h month=4 pair=BTC/USDT rows=720 year=2023
2026-09-23 07:17:49 [info     ] downloading                    url=https://data.binance.vision/data/spot/monthly/klines/BTCUSDT/1h/BTCUSDT-1h-2023-05.zip
2026-09-23 07:17:50 [info     ] imported_batch                 batch=1/1 interval=1h month=5 pair=BTC/USDT rows=744 year=2023
2026-09-23 07:17:50 [info     ] imported                       batches=1 interval=1h month=5 pair=BTC/USDT rows=744 year=2023
2026-09-23 07:17:50 [info     ] downloading                    url=https://data.binance.vision/data/spot/monthly/klines/BTCUSDT/1h/BTCUSDT-1h-2023-06.zip
2026-09-23 07:17:51 [info     ] imported_batch                 batch=1/1 interval=1h month=6 pair=BTC/USDT rows=720 year=2023
2026-09-23 07:17:51 [info     ] imported                       batches=1 interval=1h month=6 pair=BTC/USDT rows=720 year=2023
2026-09-23 07:17:51 [info     ] downloading                    url=https://data.binance.vision/data/spot/monthly/klines/BTCUSDT/1h/BTCUSDT-1h-2023-07.zip
2026-09-23 07:17:52 [info     ] imported_batch                 batch=1/1 interval=1h month=7 pair=BTC/USDT rows=744 year=2023
2026-09-23 07:17:52 [info     ] imported                       batches=1 interval=1h month=7 pair=BTC/USDT rows=744 year=2023
2026-09-23 07:17:52 [info     ] downloading                    url=https://data.binance.vision/data/spot/monthly/klines/BTCUSDT/1h/BTCUSDT-1h-2023-08.zip
2026-09-23 07:17:53 [info     ] imported_batch                 batch=1/1 interval=1h month=8 pair=BTC/USDT rows=744 year=2023
2026-09-23 07:17:53 [info     ] imported                       batches=1 interval=1h month=8 pair=BTC/USDT rows=744 year=2023
2026-09-23 07:17:53 [info     ] downloading                    url=https://data.binance.vision/data/spot/monthly/klines/BTCUSDT/1h/BTCUSDT-1h-2023-09.zip
2026-09-23 07:17:54 [info     ] imported_batch                 batch=1/1 interval=1h month=9 pair=BTC/USDT rows=720 year=2023
2026-09-23 07:17:54 [info     ] imported                       batches=1 interval=1h month=9 pair=BTC/USDT rows=720 year=2023
2026-09-23 07:17:54 [info     ] downloading                    url=https://data.binance.vision/data/spot/monthly/klines/BTCUSDT/1h/BTCUSDT-1h-2023-10.zip
2026-09-23 07:17:56 [info     ] imported_batch                 batch=1/1 interval=1h month=10 pair=BTC/USDT rows=744 year=2023
2026-09-23 07:17:56 [info     ] imported                       batches=1 interval=1h month=10 pair=BTC/USDT rows=744 year=2023
2026-09-23 07:17:56 [info     ] downloading                    url=https://data.binance.vision/data/spot/monthly/klines/BTCUSDT/1h/BTCUSDT-1h-2023-11.zip
2026-09-23 07:17:57 [info     ] imported_batch                 batch=1/1 interval=1h month=11 pair=BTC/USDT rows=720 year=2023
2026-09-23 07:17:57 [info     ] imported                       batches=1 interval=1h month=11 pair=BTC/USDT rows=720 year=2023
2026-09-23 07:17:57 [info     ] downloading                    url=https://data.binance.vision/data/spot/monthly/klines/BTCUSDT/1h/BTCUSDT-1h-2023-12.zip
2026-09-23 07:17:58 [info     ] imported_batch                 batch=1/1 interval=1h month=12 pair=BTC/USDT rows=744 year=2023
2026-09-23 07:17:58 [info     ] imported                       batches=1 interval=1h month=12 pair=BTC/USDT rows=744 year=2023
2026-09-23 07:17:58 [info     ] downloading                    url=https://data.binance.vision/data/spot/monthly/klines/BTCUSDT/1h/BTCUSDT-1h-2024-01.zip
2026-09-23 07:17:59 [info     ] imported_batch                 batch=1/1 interval=1h month=1 pair=BTC/USDT rows=744 year=2024
2026-09-23 07:17:59 [info     ] imported                       batches=1 interval=1h month=1 pair=BTC/USDT rows=744 year=2024
2026-09-23 07:17:59 [info     ] downloading                    url=https://data.binance.vision/data/spot/monthly/klines/BTCUSDT/1h/BTCUSDT-1h-2024-02.zip
2026-09-23 07:18:00 [info     ] imported_batch                 batch=1/1 interval=1h month=2 pair=BTC/USDT rows=696 year=2024
2026-09-23 07:18:00 [info     ] imported                       batches=1 interval=1h month=2 pair=BTC/USDT rows=696 year=2024
2026-09-23 07:18:00 [info     ] downloading                    url=https://data.binance.vision/data/spot/monthly/klines/BTCUSDT/1h/BTCUSDT-1h-2024-03.zip
2026-09-23 07:18:01 [info     ] imported_batch                 batch=1/1 interval=1h month=3 pair=BTC/USDT rows=744 year=2024
2026-09-23 07:18:01 [info     ] imported                       batches=1 interval=1h month=3 pair=BTC/USDT rows=744 year=2024
2026-09-23 07:18:01 [info     ] downloading                    url=https://data.binance.vision/data/spot/monthly/klines/BTCUSDT/1h/BTCUSDT-1h-2024-04.zip
2026-09-23 07:18:03 [info     ] imported_batch                 batch=1/1 interval=1h month=4 pair=BTC/USDT rows=720 year=2024
2026-09-23 07:18:03 [info     ] imported                       batches=1 interval=1h month=4 pair=BTC/USDT rows=720 year=2024
2026-09-23 07:18:03 [info     ] downloading                    url=https://data.binance.vision/data/spot/monthly/klines/BTCUSDT/1h/BTCUSDT-1h-2024-05.zip
2026-09-23 07:18:04 [info     ] imported_batch                 batch=1/1 interval=1h month=5 pair=BTC/USDT rows=744 year=2024
2026-09-23 07:18:04 [info     ] imported                       batches=1 interval=1h month=5 pair=BTC/USDT rows=744 year=2024
2026-09-23 07:18:04 [info     ] downloading                    url=https://data.binance.vision/data/spot/monthly/klines/BTCUSDT/1h/BTCUSDT-1h-2024-06.zip
2026-09-23 07:18:05 [info     ] imported_batch                 batch=1/1 interval=1h month=6 pair=BTC/USDT rows=720 year=2024
2026-09-23 07:18:05 [info     ] imported                       batches=1 interval=1h month=6 pair=BTC/USDT rows=720 year=2024
2026-09-23 07:18:05 [info     ] downloading                    url=https://data.binance.vision/data/spot/monthly/klines/BTCUSDT/1h/BTCUSDT-1h-2024-07.zip
2026-09-23 07:18:06 [info     ] imported_batch                 batch=1/1 interval=1h month=7 pair=BTC/USDT rows=744 year=2024
2026-09-23 07:18:06 [info     ] imported                       batches=1 interval=1h month=7 pair=BTC/USDT rows=744 year=2024
2026-09-23 07:18:06 [info     ] downloading                    url=https://data.binance.vision/data/spot/monthly/klines/BTCUSDT/1h/BTCUSDT-1h-2024-08.zip
2026-09-23 07:18:07 [info     ] imported_batch                 batch=1/1 interval=1h month=8 pair=BTC/USDT rows=744 year=2024
2026-09-23 07:18:07 [info     ] imported                       batches=1 interval=1h month=8 pair=BTC/USDT rows=744 year=2024
2026-09-23 07:18:07 [info     ] downloading                    url=https://data.binance.vision/data/spot/monthly/klines/BTCUSDT/1h/BTCUSDT-1h-2024-09.zip
2026-09-23 07:18:08 [info     ] imported_batch                 batch=1/1 interval=1h month=9 pair=BTC/USDT rows=720 year=2024
2026-09-23 07:18:08 [info     ] imported                       batches=1 interval=1h month=9 pair=BTC/USDT rows=720 year=2024
2026-09-23 07:18:08 [info     ] downloading                    url=https://data.binance.vision/data/spot/monthly/klines/BTCUSDT/1h/BTCUSDT-1h-2024-10.zip
2026-09-23 07:18:10 [info     ] imported_batch                 batch=1/1 interval=1h month=10 pair=BTC/USDT rows=744 year=2024
2026-09-23 07:18:10 [info     ] imported                       batches=1 interval=1h month=10 pair=BTC/USDT rows=744 year=2024
2026-09-23 07:18:10 [info     ] downloading                    url=https://data.binance.vision/data/spot/monthly/klines/BTCUSDT/1h/BTCUSDT-1h-2024-11.zip
2026-09-23 07:18:11 [info     ] imported_batch                 batch=1/1 interval=1h month=11 pair=BTC/USDT rows=720 year=2024
2026-09-23 07:18:11 [info     ] imported                       batches=1 interval=1h month=11 pair=BTC/USDT rows=720 year=2024
2026-09-23 07:18:11 [info     ] downloading                    url=https://data.binance.vision/data/spot/monthly/klines/BTCUSDT/1h/BTCUSDT-1h-2024-12.zip
2026-09-23 07:18:12 [info     ] imported_batch                 batch=1/1 interval=1h month=12 pair=BTC/USDT rows=744 year=2024
2026-09-23 07:18:12 [info     ] imported                       batches=1 interval=1h month=12 pair=BTC/USDT rows=744 year=2024
2026-09-23 07:18:12 [info     ] downloading                    url=https://data.binance.vision/data/spot/monthly/klines/BTCUSDT/1h/BTCUSDT-1h-2025-01.zip
2026-09-23 07:18:14 [info     ] imported_batch                 batch=1/1 interval=1h month=1 pair=BTC/USDT rows=744 year=2025
2026-09-23 07:18:14 [info     ] imported                       batches=1 interval=1h month=1 pair=BTC/USDT rows=744 year=2025
2026-09-23 07:18:14 [info     ] downloading                    url=https://data.binance.vision/data/spot/monthly/klines/BTCUSDT/1h/BTCUSDT-1h-2025-02.zip
2026-09-23 07:18:15 [info     ] imported_batch                 batch=1/1 interval=1h month=2 pair=BTC/USDT rows=672 year=2025
2026-09-23 07:18:15 [info     ] imported                       batches=1 interval=1h month=2 pair=BTC/USDT rows=672 year=2025
2026-09-23 07:18:15 [info     ] downloading                    url=https://data.binance.vision/data/spot/monthly/klines/BTCUSDT/1h/BTCUSDT-1h-2025-03.zip
2026-09-23 07:18:16 [info     ] imported_batch                 batch=1/1 interval=1h month=3 pair=BTC/USDT rows=744 year=2025
2026-09-23 07:18:16 [info     ] imported                       batches=1 interval=1h month=3 pair=BTC/USDT rows=744 year=2025
2026-09-23 07:18:16 [info     ] downloading                    url=https://data.binance.vision/data/spot/monthly/klines/BTCUSDT/1h/BTCUSDT-1h-2025-04.zip
2026-09-23 07:18:17 [info     ] imported_batch                 batch=1/1 interval=1h month=4 pair=BTC/USDT rows=720 year=2025
2026-09-23 07:18:17 [info     ] imported                       batches=1 interval=1h month=4 pair=BTC/USDT rows=720 year=2025
2026-09-23 07:18:17 [info     ] downloading                    url=https://data.binance.vision/data/spot/monthly/klines/BTCUSDT/1h/BTCUSDT-1h-2025-05.zip
2026-09-23 07:18:18 [info     ] imported_batch                 batch=1/1 interval=1h month=5 pair=BTC/USDT rows=744 year=2025
2026-09-23 07:18:18 [info     ] imported                       batches=1 interval=1h month=5 pair=BTC/USDT rows=744 year=2025
2026-09-23 07:18:18 [info     ] downloading                    url=https://data.binance.vision/data/spot/monthly/klines/BTCUSDT/1h/BTCUSDT-1h-2025-06.zip
2026-09-23 07:18:19 [info     ] imported_batch                 batch=1/1 interval=1h month=6 pair=BTC/USDT rows=720 year=2025
2026-09-23 07:18:19 [info     ] imported                       batches=1 interval=1h month=6 pair=BTC/USDT rows=720 year=2025
2026-09-23 07:18:19 [info     ] downloading                    url=https://data.binance.vision/data/spot/monthly/klines/BTCUSDT/1h/BTCUSDT-1h-2025-07.zip
2026-09-23 07:18:21 [info     ] imported_batch                 batch=1/1 interval=1h month=7 pair=BTC/USDT rows=744 year=2025
2026-09-23 07:18:21 [info     ] imported                       batches=1 interval=1h month=7 pair=BTC/USDT rows=744 year=2025
2026-09-23 07:18:21 [info     ] downloading                    url=https://data.binance.vision/data/spot/monthly/klines/BTCUSDT/1h/BTCUSDT-1h-2025-08.zip
2026-09-23 07:18:22 [info     ] imported_batch                 batch=1/1 interval=1h month=8 pair=BTC/USDT rows=744 year=2025
2026-09-23 07:18:22 [info     ] imported                       batches=1 interval=1h month=8 pair=BTC/USDT rows=744 year=2025
2026-09-23 07:18:22 [info     ] downloading                    url=https://data.binance.vision/data/spot/monthly/klines/BTCUSDT/1h/BTCUSDT-1h-2025-09.zip
2026-09-23 07:18:23 [info     ] imported_batch                 batch=1/1 interval=1h month=9 pair=BTC/USDT rows=720 year=2025
2026-09-23 07:18:23 [info     ] imported                       batches=1 interval=1h month=9 pair=BTC/USDT rows=720 year=2025
2026-09-23 07:18:23 [info     ] downloading                    url=https://data.binance.vision/data/spot/monthly/klines/BTCUSDT/1h/BTCUSDT-1h-2025-10.zip
2026-09-23 07:18:24 [info     ] imported_batch                 batch=1/1 interval=1h month=10 pair=BTC/USDT rows=744 year=2025
2026-09-23 07:18:24 [info     ] imported                       batches=1 interval=1h month=10 pair=BTC/USDT rows=744 year=2025
2026-09-23 07:18:24 [info     ] downloading                    url=https://data.binance.vision/data/spot/monthly/klines/BTCUSDT/1h/BTCUSDT-1h-2025-11.zip
2026-09-23 07:18:26 [info     ] imported_batch                 batch=1/1 interval=1h month=11 pair=BTC/USDT rows=720 year=2025
2026-09-23 07:18:26 [info     ] imported                       batches=1 interval=1h month=11 pair=BTC/USDT rows=720 year=2025
2026-09-23 07:18:26 [info     ] downloading                    url=https://data.binance.vision/data/spot/monthly/klines/BTCUSDT/1h/BTCUSDT-1h-2025-12.zip
2026-09-23 07:18:27 [info     ] imported_batch                 batch=1/1 interval=1h month=12 pair=BTC/USDT rows=744 year=2025
2026-09-23 07:18:27 [info     ] imported                       batches=1 interval=1h month=12 pair=BTC/USDT rows=744 year=2025
2026-09-23 07:18:27 [info     ] downloading                    url=https://data.binance.vision/data/spot/monthly/klines/BTCUSDT/1h/BTCUSDT-1h-2026-01.zip
2026-09-23 07:18:28 [info     ] imported_batch                 batch=1/1 interval=1h month=1 pair=BTC/USDT rows=744 year=2026
2026-09-23 07:18:28 [info     ] imported                       batches=1 interval=1h month=1 pair=BTC/USDT rows=744 year=2026
2026-09-23 07:18:28 [info     ] downloading                    url=https://data.binance.vision/data/spot/monthly/klines/BTCUSDT/1h/BTCUSDT-1h-2026-02.zip
2026-09-23 07:18:29 [info     ] imported_batch                 batch=1/1 interval=1h month=2 pair=BTC/USDT rows=672 year=2026
2026-09-23 07:18:29 [info     ] imported                       batches=1 interval=1h month=2 pair=BTC/USDT rows=672 year=2026
2026-09-23 07:18:29 [info     ] downloading                    url=https://data.binance.vision/data/spot/monthly/klines/BTCUSDT/1h/BTCUSDT-1h-2026-03.zip
2026-09-23 07:18:30 [info     ] imported_batch                 batch=1/1 interval=1h month=3 pair=BTC/USDT rows=744 year=2026
2026-09-23 07:18:30 [info     ] imported                       batches=1 interval=1h month=3 pair=BTC/USDT rows=744 year=2026
2026-09-23 07:18:30 [info     ] downloading                    url=https://data.binance.vision/data/spot/monthly/klines/BTCUSDT/1h/BTCUSDT-1h-2026-04.zip
2026-09-23 07:18:31 [info     ] imported_batch                 batch=1/1 interval=1h month=4 pair=BTC/USDT rows=720 year=2026
2026-09-23 07:18:31 [info     ] imported                       batches=1 interval=1h month=4 pair=BTC/USDT rows=720 year=2026
2026-09-23 07:18:31 [info     ] progress                       pct=16.3% processed=200 total=1224 total_rows=840903
2026-09-23 07:18:31 [info     ] downloading                    url=https://data.binance.vision/data/spot/monthly/klines/BTCUSDT/1h/BTCUSDT-1h-2026-05.zip
2026-09-23 07:18:33 [info     ] imported_batch                 batch=1/1 interval=1h month=5 pair=BTC/USDT rows=744 year=2026
2026-09-23 07:18:33 [info     ] imported                       batches=1 interval=1h month=5 pair=BTC/USDT rows=744 year=2026
2026-09-23 07:18:33 [info     ] downloading                    url=https://data.binance.vision/data/spot/monthly/klines/BTCUSDT/1h/BTCUSDT-1h-2026-06.zip
2026-09-23 07:18:34 [info     ] imported_batch                 batch=1/1 interval=1h month=6 pair=BTC/USDT rows=720 year=2026
2026-09-23 07:18:34 [info     ] imported                       batches=1 interval=1h month=6 pair=BTC/USDT rows=720 year=2026
2026-09-23 07:18:34 [info     ] downloading                    url=https://data.binance.vision/data/spot/monthly/klines/BTCUSDT/1h/BTCUSDT-1h-2026-07.zip
2026-09-23 07:18:35 [info     ] imported_batch                 batch=1/1 interval=1h month=7 pair=BTC/USDT rows=744 year=2026
2026-09-23 07:18:35 [info     ] imported                       batches=1 interval=1h month=7 pair=BTC/USDT rows=744 year=2026
2026-09-23 07:18:35 [info     ] downloading                    url=https://data.binance.vision/data/spot/monthly/klines/BTCUSDT/1h/BTCUSDT-1h-2026-08.zip
2026-09-23 07:18:36 [info     ] imported_batch                 batch=1/1 interval=1h month=8 pair=BTC/USDT rows=744 year=2026
2026-09-23 07:18:36 [info     ] imported                       batches=1 interval=1h month=8 pair=BTC/USDT rows=744 year=2026
2026-09-23 07:18:36 [info     ] downloading                    url=https://data.binance.vision/data/spot/monthly/klines/BTCUSDT/4h/BTCUSDT-4h-2021-01.zip
2026-09-23 07:18:36 [info     ] imported_batch                 batch=1/1 interval=4h month=1 pair=BTC/USDT rows=186 year=2021
2026-09-23 07:18:36 [info     ] imported                       batches=1 interval=4h month=1 pair=BTC/USDT rows=186 year=2021
2026-09-23 07:18:36 [info     ] downloading                    url=https://data.binance.vision/data/spot/monthly/klines/BTCUSDT/4h/BTCUSDT-4h-2021-02.zip
2026-09-23 07:18:37 [info     ] imported_batch                 batch=1/1 interval=4h month=2 pair=BTC/USDT rows=168 year=2021
2026-09-23 07:18:37 [info     ] imported                       batches=1 interval=4h month=2 pair=BTC/USDT rows=168 year=2021
2026-09-23 07:18:37 [info     ] downloading                    url=https://data.binance.vision/data/spot/monthly/klines/BTCUSDT/4h/BTCUSDT-4h-2021-03.zip
2026-09-23 07:18:38 [info     ] imported_batch                 batch=1/1 interval=4h month=3 pair=BTC/USDT rows=186 year=2021
2026-09-23 07:18:38 [info     ] imported                       batches=1 interval=4h month=3 pair=BTC/USDT rows=186 year=2021
2026-09-23 07:18:38 [info     ] downloading                    url=https://data.binance.vision/data/spot/monthly/klines/BTCUSDT/4h/BTCUSDT-4h-2021-04.zip
2026-09-23 07:18:39 [info     ] imported_batch                 batch=1/1 interval=4h month=4 pair=BTC/USDT rows=180 year=2021
2026-09-23 07:18:39 [info     ] imported                       batches=1 interval=4h month=4 pair=BTC/USDT rows=180 year=2021
2026-09-23 07:18:39 [info     ] downloading                    url=https://data.binance.vision/data/spot/monthly/klines/BTCUSDT/4h/BTCUSDT-4h-2021-05.zip
2026-09-23 07:18:40 [info     ] imported_batch                 batch=1/1 interval=4h month=5 pair=BTC/USDT rows=186 year=2021
2026-09-23 07:18:40 [info     ] imported                       batches=1 interval=4h month=5 pair=BTC/USDT rows=186 year=2021
2026-09-23 07:18:40 [info     ] downloading                    url=https://data.binance.vision/data/spot/monthly/klines/BTCUSDT/4h/BTCUSDT-4h-2021-06.zip
2026-09-23 07:18:40 [info     ] imported_batch                 batch=1/1 interval=4h month=6 pair=BTC/USDT rows=180 year=2021
2026-09-23 07:18:40 [info     ] imported                       batches=1 interval=4h month=6 pair=BTC/USDT rows=180 year=2021
2026-09-23 07:18:40 [info     ] downloading                    url=https://data.binance.vision/data/spot/monthly/klines/BTCUSDT/4h/BTCUSDT-4h-2021-07.zip
2026-09-23 07:18:41 [info     ] imported_batch                 batch=1/1 interval=4h month=7 pair=BTC/USDT rows=186 year=2021
2026-09-23 07:18:41 [info     ] imported                       batches=1 interval=4h month=7 pair=BTC/USDT rows=186 year=2021
2026-09-23 07:18:41 [info     ] downloading                    url=https://data.binance.vision/data/spot/monthly/klines/BTCUSDT/4h/BTCUSDT-4h-2021-08.zip
2026-09-23 07:18:42 [info     ] imported_batch                 batch=1/1 interval=4h month=8 pair=BTC/USDT rows=186 year=2021
2026-09-23 07:18:42 [info     ] imported                       batches=1 interval=4h month=8 pair=BTC/USDT rows=186 year=2021
2026-09-23 07:18:42 [info     ] downloading                    url=https://data.binance.vision/data/spot/monthly/klines/BTCUSDT/4h/BTCUSDT-4h-2021-09.zip
2026-09-23 07:18:42 [info     ] imported_batch                 batch=1/1 interval=4h month=9 pair=BTC/USDT rows=180 year=2021
2026-09-23 07:18:42 [info     ] imported                       batches=1 interval=4h month=9 pair=BTC/USDT rows=180 year=2021
2026-09-23 07:18:42 [info     ] downloading                    url=https://data.binance.vision/data/spot/monthly/klines/BTCUSDT/4h/BTCUSDT-4h-2021-10.zip
2026-09-23 07:18:43 [info     ] imported_batch                 batch=1/1 interval=4h month=10 pair=BTC/USDT rows=186 year=2021
2026-09-23 07:18:43 [info     ] imported                       batches=1 interval=4h month=10 pair=BTC/USDT rows=186 year=2021
2026-09-23 07:18:43 [info     ] downloading                    url=https://data.binance.vision/data/spot/monthly/klines/BTCUSDT/4h/BTCUSDT-4h-2021-11.zip
2026-09-23 07:18:44 [info     ] imported_batch                 batch=1/1 interval=4h month=11 pair=BTC/USDT rows=180 year=2021
2026-09-23 07:18:44 [info     ] imported                       batches=1 interval=4h month=11 pair=BTC/USDT rows=180 year=2021
2026-09-23 07:18:44 [info     ] downloading                    url=https://data.binance.vision/data/spot/monthly/klines/BTCUSDT/4h/BTCUSDT-4h-2021-12.zip
2026-09-23 07:18:44 [info     ] imported_batch                 batch=1/1 interval=4h month=12 pair=BTC/USDT rows=186 year=2021
2026-09-23 07:18:44 [info     ] imported                       batches=1 interval=4h month=12 pair=BTC/USDT rows=186 year=2021
2026-09-23 07:18:44 [info     ] downloading                    url=https://data.binance.vision/data/spot/monthly/klines/BTCUSDT/4h/BTCUSDT-4h-2022-01.zip
2026-09-23 07:18:45 [info     ] imported_batch                 batch=1/1 interval=4h month=1 pair=BTC/USDT rows=186 year=2022
2026-09-23 07:18:45 [info     ] imported                       batches=1 interval=4h month=1 pair=BTC/USDT rows=186 year=2022
2026-09-23 07:18:45 [info     ] downloading                    url=https://data.binance.vision/data/spot/monthly/klines/BTCUSDT/4h/BTCUSDT-4h-2022-02.zip
2026-09-23 07:18:46 [info     ] imported_batch                 batch=1/1 interval=4h month=2 pair=BTC/USDT rows=168 year=2022
2026-09-23 07:18:46 [info     ] imported                       batches=1 interval=4h month=2 pair=BTC/USDT rows=168 year=2022
2026-09-23 07:18:46 [info     ] downloading                    url=https://data.binance.vision/data/spot/monthly/klines/BTCUSDT/4h/BTCUSDT-4h-2022-03.zip
2026-09-23 07:18:47 [info     ] imported_batch                 batch=1/1 interval=4h month=3 pair=BTC/USDT rows=186 year=2022
2026-09-23 07:18:47 [info     ] imported                       batches=1 interval=4h month=3 pair=BTC/USDT rows=186 year=2022
2026-09-23 07:18:47 [info     ] downloading                    url=https://data.binance.vision/data/spot/monthly/klines/BTCUSDT/4h/BTCUSDT-4h-2022-04.zip
2026-09-23 07:18:47 [info     ] imported_batch                 batch=1/1 interval=4h month=4 pair=BTC/USDT rows=180 year=2022
2026-09-23 07:18:47 [info     ] imported                       batches=1 interval=4h month=4 pair=BTC/USDT rows=180 year=2022
2026-09-23 07:18:47 [info     ] downloading                    url=https://data.binance.vision/data/spot/monthly/klines/BTCUSDT/4h/BTCUSDT-4h-2022-05.zip
2026-09-23 07:18:48 [info     ] imported_batch                 batch=1/1 interval=4h month=5 pair=BTC/USDT rows=186 year=2022
2026-09-23 07:18:48 [info     ] imported                       batches=1 interval=4h month=5 pair=BTC/USDT rows=186 year=2022
2026-09-23 07:18:48 [info     ] downloading                    url=https://data.binance.vision/data/spot/monthly/klines/BTCUSDT/4h/BTCUSDT-4h-2022-06.zip
2026-09-23 07:18:49 [info     ] imported_batch                 batch=1/1 interval=4h month=6 pair=BTC/USDT rows=180 year=2022
2026-09-23 07:18:49 [info     ] imported                       batches=1 interval=4h month=6 pair=BTC/USDT rows=180 year=2022
2026-09-23 07:18:49 [info     ] downloading                    url=https://data.binance.vision/data/spot/monthly/klines/BTCUSDT/4h/BTCUSDT-4h-2022-07.zip
2026-09-23 07:18:49 [info     ] imported_batch                 batch=1/1 interval=4h month=7 pair=BTC/USDT rows=186 year=2022
2026-09-23 07:18:49 [info     ] imported                       batches=1 interval=4h month=7 pair=BTC/USDT rows=186 year=2022
2026-09-23 07:18:49 [info     ] downloading                    url=https://data.binance.vision/data/spot/monthly/klines/BTCUSDT/4h/BTCUSDT-4h-2022-08.zip
2026-09-23 07:18:50 [info     ] imported_batch                 batch=1/1 interval=4h month=8 pair=BTC/USDT rows=186 year=2022
2026-09-23 07:18:50 [info     ] imported                       batches=1 interval=4h month=8 pair=BTC/USDT rows=186 year=2022
2026-09-23 07:18:50 [info     ] downloading                    url=https://data.binance.vision/data/spot/monthly/klines/BTCUSDT/4h/BTCUSDT-4h-2022-09.zip
2026-09-23 07:18:51 [info     ] imported_batch                 batch=1/1 interval=4h month=9 pair=BTC/USDT rows=180 year=2022
2026-09-23 07:18:51 [info     ] imported                       batches=1 interval=4h month=9 pair=BTC/USDT rows=180 year=2022
2026-09-23 07:18:51 [info     ] downloading                    url=https://data.binance.vision/data/spot/monthly/klines/BTCUSDT/4h/BTCUSDT-4h-2022-10.zip
2026-09-23 07:18:52 [info     ] imported_batch                 batch=1/1 interval=4h month=10 pair=BTC/USDT rows=186 year=2022
2026-09-23 07:18:52 [info     ] imported                       batches=1 interval=4h month=10 pair=BTC/USDT rows=186 year=2022
2026-09-23 07:18:52 [info     ] downloading                    url=https://data.binance.vision/data/spot/monthly/klines/BTCUSDT/4h/BTCUSDT-4h-2022-11.zip
2026-09-23 07:18:53 [info     ] imported_batch                 batch=1/1 interval=4h month=11 pair=BTC/USDT rows=180 year=2022
2026-09-23 07:18:53 [info     ] imported                       batches=1 interval=4h month=11 pair=BTC/USDT rows=180 year=2022
2026-09-23 07:18:53 [info     ] downloading                    url=https://data.binance.vision/data/spot/monthly/klines/BTCUSDT/4h/BTCUSDT-4h-2022-12.zip
2026-09-23 07:18:54 [info     ] imported_batch                 batch=1/1 interval=4h month=12 pair=BTC/USDT rows=186 year=2022
2026-09-23 07:18:54 [info     ] imported                       batches=1 interval=4h month=12 pair=BTC/USDT rows=186 year=2022
2026-09-23 07:18:54 [info     ] downloading                    url=https://data.binance.vision/data/spot/monthly/klines/BTCUSDT/4h/BTCUSDT-4h-2023-01.zip
2026-09-23 07:18:54 [info     ] imported_batch                 batch=1/1 interval=4h month=1 pair=BTC/USDT rows=186 year=2023
2026-09-23 07:18:54 [info     ] imported                       batches=1 interval=4h month=1 pair=BTC/USDT rows=186 year=2023
2026-09-23 07:18:54 [info     ] downloading                    url=https://data.binance.vision/data/spot/monthly/klines/BTCUSDT/4h/BTCUSDT-4h-2023-02.zip
2026-09-23 07:18:55 [info     ] imported_batch                 batch=1/1 interval=4h month=2 pair=BTC/USDT rows=168 year=2023
2026-09-23 07:18:55 [info     ] imported                       batches=1 interval=4h month=2 pair=BTC/USDT rows=168 year=2023
2026-09-23 07:18:55 [info     ] downloading                    url=https://data.binance.vision/data/spot/monthly/klines/BTCUSDT/4h/BTCUSDT-4h-2023-03.zip
2026-09-23 07:18:55 [info     ] imported_batch                 batch=1/1 interval=4h month=3 pair=BTC/USDT rows=186 year=2023
2026-09-23 07:18:55 [info     ] imported                       batches=1 interval=4h month=3 pair=BTC/USDT rows=186 year=2023
2026-09-23 07:18:55 [info     ] downloading                    url=https://data.binance.vision/data/spot/monthly/klines/BTCUSDT/4h/BTCUSDT-4h-2023-04.zip
2026-09-23 07:18:56 [info     ] imported_batch                 batch=1/1 interval=4h month=4 pair=BTC/USDT rows=180 year=2023
2026-09-23 07:18:56 [info     ] imported                       batches=1 interval=4h month=4 pair=BTC/USDT rows=180 year=2023
2026-09-23 07:18:56 [info     ] downloading                    url=https://data.binance.vision/data/spot/monthly/klines/BTCUSDT/4h/BTCUSDT-4h-2023-05.zip
2026-09-23 07:18:57 [info     ] imported_batch                 batch=1/1 interval=4h month=5 pair=BTC/USDT rows=186 year=2023
2026-09-23 07:18:57 [info     ] imported                       batches=1 interval=4h month=5 pair=BTC/USDT rows=186 year=2023
2026-09-23 07:18:57 [info     ] downloading                    url=https://data.binance.vision/data/spot/monthly/klines/BTCUSDT/4h/BTCUSDT-4h-2023-06.zip
2026-09-23 07:18:58 [info     ] imported_batch                 batch=1/1 interval=4h month=6 pair=BTC/USDT rows=180 year=2023
2026-09-23 07:18:58 [info     ] imported                       batches=1 interval=4h month=6 pair=BTC/USDT rows=180 year=2023
2026-09-23 07:18:58 [info     ] downloading                    url=https://data.binance.vision/data/spot/monthly/klines/BTCUSDT/4h/BTCUSDT-4h-2023-07.zip
2026-09-23 07:18:59 [info     ] imported_batch                 batch=1/1 interval=4h month=7 pair=BTC/USDT rows=186 year=2023
2026-09-23 07:18:59 [info     ] imported                       batches=1 interval=4h month=7 pair=BTC/USDT rows=186 year=2023
2026-09-23 07:18:59 [info     ] downloading                    url=https://data.binance.vision/data/spot/monthly/klines/BTCUSDT/4h/BTCUSDT-4h-2023-08.zip
2026-09-23 07:19:00 [info     ] imported_batch                 batch=1/1 interval=4h month=8 pair=BTC/USDT rows=186 year=2023
2026-09-23 07:19:00 [info     ] imported                       batches=1 interval=4h month=8 pair=BTC/USDT rows=186 year=2023
2026-09-23 07:19:00 [info     ] downloading                    url=https://data.binance.vision/data/spot/monthly/klines/BTCUSDT/4h/BTCUSDT-4h-2023-09.zip
2026-09-23 07:19:00 [info     ] imported_batch                 batch=1/1 interval=4h month=9 pair=BTC/USDT rows=180 year=2023
2026-09-23 07:19:00 [info     ] imported                       batches=1 interval=4h month=9 pair=BTC/USDT rows=180 year=2023
2026-09-23 07:19:00 [info     ] downloading                    url=https://data.binance.vision/data/spot/monthly/klines/BTCUSDT/4h/BTCUSDT-4h-2023-10.zip
2026-09-23 07:19:00 [info     ] imported_batch                 batch=1/1 interval=4h month=10 pair=BTC/USDT rows=186 year=2023
2026-09-23 07:19:00 [info     ] imported                       batches=1 interval=4h month=10 pair=BTC/USDT rows=186 year=2023
2026-09-23 07:19:00 [info     ] downloading                    url=https://data.binance.vision/data/spot/monthly/klines/BTCUSDT/4h/BTCUSDT-4h-2023-11.zip
2026-09-23 07:19:01 [info     ] imported_batch                 batch=1/1 interval=4h month=11 pair=BTC/USDT rows=180 year=2023
2026-09-23 07:19:01 [info     ] imported                       batches=1 interval=4h month=11 pair=BTC/USDT rows=180 year=2023
2026-09-23 07:19:01 [info     ] downloading                    url=https://data.binance.vision/data/spot/monthly/klines/BTCUSDT/4h/BTCUSDT-4h-2023-12.zip
2026-09-23 07:19:01 [info     ] imported_batch                 batch=1/1 interval=4h month=12 pair=BTC/USDT rows=186 year=2023
2026-09-23 07:19:01 [info     ] imported                       batches=1 interval=4h month=12 pair=BTC/USDT rows=186 year=2023
2026-09-23 07:19:01 [info     ] downloading                    url=https://data.binance.vision/data/spot/monthly/klines/BTCUSDT/4h/BTCUSDT-4h-2024-01.zip
2026-09-23 07:19:02 [info     ] imported_batch                 batch=1/1 interval=4h month=1 pair=BTC/USDT rows=186 year=2024
2026-09-23 07:19:02 [info     ] imported                       batches=1 interval=4h month=1 pair=BTC/USDT rows=186 year=2024
2026-09-23 07:19:02 [info     ] downloading                    url=https://data.binance.vision/data/spot/monthly/klines/BTCUSDT/4h/BTCUSDT-4h-2024-02.zip
2026-09-23 07:19:03 [info     ] imported_batch                 batch=1/1 interval=4h month=2 pair=BTC/USDT rows=174 year=2024
2026-09-23 07:19:03 [info     ] imported                       batches=1 interval=4h month=2 pair=BTC/USDT rows=174 year=2024
2026-09-23 07:19:03 [info     ] downloading                    url=https://data.binance.vision/data/spot/monthly/klines/BTCUSDT/4h/BTCUSDT-4h-2024-03.zip
2026-09-23 07:19:03 [info     ] imported_batch                 batch=1/1 interval=4h month=3 pair=BTC/USDT rows=186 year=2024
2026-09-23 07:19:03 [info     ] imported                       batches=1 interval=4h month=3 pair=BTC/USDT rows=186 year=2024
2026-09-23 07:19:03 [info     ] downloading                    url=https://data.binance.vision/data/spot/monthly/klines/BTCUSDT/4h/BTCUSDT-4h-2024-04.zip
2026-09-23 07:19:04 [info     ] imported_batch                 batch=1/1 interval=4h month=4 pair=BTC/USDT rows=180 year=2024
2026-09-23 07:19:04 [info     ] imported                       batches=1 interval=4h month=4 pair=BTC/USDT rows=180 year=2024
2026-09-23 07:19:04 [info     ] downloading                    url=https://data.binance.vision/data/spot/monthly/klines/BTCUSDT/4h/BTCUSDT-4h-2024-05.zip
2026-09-23 07:19:05 [info     ] imported_batch                 batch=1/1 interval=4h month=5 pair=BTC/USDT rows=186 year=2024
2026-09-23 07:19:05 [info     ] imported                       batches=1 interval=4h month=5 pair=BTC/USDT rows=186 year=2024
2026-09-23 07:19:05 [info     ] downloading                    url=https://data.binance.vision/data/spot/monthly/klines/BTCUSDT/4h/BTCUSDT-4h-2024-06.zip
2026-09-23 07:19:06 [info     ] imported_batch                 batch=1/1 interval=4h month=6 pair=BTC/USDT rows=180 year=2024
2026-09-23 07:19:06 [info     ] imported                       batches=1 interval=4h month=6 pair=BTC/USDT rows=180 year=2024
2026-09-23 07:19:06 [info     ] downloading                    url=https://data.binance.vision/data/spot/monthly/klines/BTCUSDT/4h/BTCUSDT-4h-2024-07.zip
2026-09-23 07:19:06 [info     ] imported_batch                 batch=1/1 interval=4h month=7 pair=BTC/USDT rows=186 year=2024
2026-09-23 07:19:06 [info     ] imported                       batches=1 interval=4h month=7 pair=BTC/USDT rows=186 year=2024
2026-09-23 07:19:06 [info     ] downloading                    url=https://data.binance.vision/data/spot/monthly/klines/BTCUSDT/4h/BTCUSDT-4h-2024-08.zip
2026-09-23 07:19:07 [info     ] imported_batch                 batch=1/1 interval=4h month=8 pair=BTC/USDT rows=186 year=2024
2026-09-23 07:19:07 [info     ] imported                       batches=1 interval=4h month=8 pair=BTC/USDT rows=186 year=2024
2026-09-23 07:19:07 [info     ] downloading                    url=https://data.binance.vision/data/spot/monthly/klines/BTCUSDT/4h/BTCUSDT-4h-2024-09.zip
2026-09-23 07:19:08 [info     ] imported_batch                 batch=1/1 interval=4h month=9 pair=BTC/USDT rows=180 year=2024
2026-09-23 07:19:08 [info     ] imported                       batches=1 interval=4h month=9 pair=BTC/USDT rows=180 year=2024
2026-09-23 07:19:08 [info     ] downloading                    url=https://data.binance.vision/data/spot/monthly/klines/BTCUSDT/4h/BTCUSDT-4h-2024-10.zip
2026-09-23 07:19:09 [info     ] imported_batch                 batch=1/1 interval=4h month=10 pair=BTC/USDT rows=186 year=2024
2026-09-23 07:19:09 [info     ] imported                       batches=1 interval=4h month=10 pair=BTC/USDT rows=186 year=2024
2026-09-23 07:19:09 [info     ] progress                       pct=20.4% processed=250 total=1224 total_rows=852255
2026-09-23 07:19:09 [info     ] downloading                    url=https://data.binance.vision/data/spot/monthly/klines/BTCUSDT/4h/BTCUSDT-4h-2024-11.zip
2026-09-23 07:19:09 [info     ] imported_batch                 batch=1/1 interval=4h month=11 pair=BTC/USDT rows=180 year=2024
2026-09-23 07:19:09 [info     ] imported                       batches=1 interval=4h month=11 pair=BTC/USDT rows=180 year=2024
2026-09-23 07:19:09 [info     ] downloading                    url=https://data.binance.vision/data/spot/monthly/klines/BTCUSDT/4h/BTCUSDT-4h-2024-12.zip
2026-09-23 07:19:10 [info     ] imported_batch                 batch=1/1 interval=4h month=12 pair=BTC/USDT rows=186 year=2024
2026-09-23 07:19:10 [info     ] imported                       batches=1 interval=4h month=12 pair=BTC/USDT rows=186 year=2024
2026-09-23 07:19:10 [info     ] downloading                    url=https://data.binance.vision/data/spot/monthly/klines/BTCUSDT/4h/BTCUSDT-4h-2025-01.zip
2026-09-23 07:19:11 [info     ] imported_batch                 batch=1/1 interval=4h month=1 pair=BTC/USDT rows=186 year=2025
2026-09-23 07:19:11 [info     ] imported                       batches=1 interval=4h month=1 pair=BTC/USDT rows=186 year=2025
2026-09-23 07:19:11 [info     ] downloading                    url=https://data.binance.vision/data/spot/monthly/klines/BTCUSDT/4h/BTCUSDT-4h-2025-02.zip
2026-09-23 07:19:12 [info     ] imported_batch                 batch=1/1 interval=4h month=2 pair=BTC/USDT rows=168 year=2025
2026-09-23 07:19:12 [info     ] imported                       batches=1 interval=4h month=2 pair=BTC/USDT rows=168 year=2025
2026-09-23 07:19:12 [info     ] downloading                    url=https://data.binance.vision/data/spot/monthly/klines/BTCUSDT/4h/BTCUSDT-4h-2025-03.zip
2026-09-23 07:19:13 [info     ] imported_batch                 batch=1/1 interval=4h month=3 pair=BTC/USDT rows=186 year=2025
2026-09-23 07:19:13 [info     ] imported                       batches=1 interval=4h month=3 pair=BTC/USDT rows=186 year=2025
2026-09-23 07:19:13 [info     ] downloading                    url=https://data.binance.vision/data/spot/monthly/klines/BTCUSDT/4h/BTCUSDT-4h-2025-04.zip
2026-09-23 07:19:13 [info     ] imported_batch                 batch=1/1 interval=4h month=4 pair=BTC/USDT rows=180 year=2025
2026-09-23 07:19:13 [info     ] imported                       batches=1 interval=4h month=4 pair=BTC/USDT rows=180 year=2025
2026-09-23 07:19:13 [info     ] downloading                    url=https://data.binance.vision/data/spot/monthly/klines/BTCUSDT/4h/BTCUSDT-4h-2025-05.zip
2026-09-23 07:19:14 [info     ] imported_batch                 batch=1/1 interval=4h month=5 pair=BTC/USDT rows=186 year=2025
2026-09-23 07:19:14 [info     ] imported                       batches=1 interval=4h month=5 pair=BTC/USDT rows=186 year=2025
2026-09-23 07:19:14 [info     ] downloading                    url=https://data.binance.vision/data/spot/monthly/klines/BTCUSDT/4h/BTCUSDT-4h-2025-06.zip
2026-09-23 07:19:14 [info     ] imported_batch                 batch=1/1 interval=4h month=6 pair=BTC/USDT rows=180 year=2025
2026-09-23 07:19:14 [info     ] imported                       batches=1 interval=4h month=6 pair=BTC/USDT rows=180 year=2025
2026-09-23 07:19:14 [info     ] downloading                    url=https://data.binance.vision/data/spot/monthly/klines/BTCUSDT/4h/BTCUSDT-4h-2025-07.zip
2026-09-23 07:19:14 [info     ] imported_batch                 batch=1/1 interval=4h month=7 pair=BTC/USDT rows=186 year=2025
2026-09-23 07:19:14 [info     ] imported                       batches=1 interval=4h month=7 pair=BTC/USDT rows=186 year=2025
2026-09-23 07:19:14 [info     ] downloading                    url=https://data.binance.vision/data/spot/monthly/klines/BTCUSDT/4h/BTCUSDT-4h-2025-08.zip
2026-09-23 07:19:15 [info     ] imported_batch                 batch=1/1 interval=4h month=8 pair=BTC/USDT rows=186 year=2025
2026-09-23 07:19:15 [info     ] imported                       batches=1 interval=4h month=8 pair=BTC/USDT rows=186 year=2025
2026-09-23 07:19:15 [info     ] downloading                    url=https://data.binance.vision/data/spot/monthly/klines/BTCUSDT/4h/BTCUSDT-4h-2025-09.zip
2026-09-23 07:19:15 [info     ] imported_batch                 batch=1/1 interval=4h month=9 pair=BTC/USDT rows=180 year=2025
2026-09-23 07:19:15 [info     ] imported                       batches=1 interval=4h month=9 pair=BTC/USDT rows=180 year=2025
2026-09-23 07:19:15 [info     ] downloading                    url=https://data.binance.vision/data/spot/monthly/klines/BTCUSDT/4h/BTCUSDT-4h-2025-10.zip
2026-09-23 07:19:16 [info     ] imported_batch                 batch=1/1 interval=4h month=10 pair=BTC/USDT rows=186 year=2025
2026-09-23 07:19:16 [info     ] imported                       batches=1 interval=4h month=10 pair=BTC/USDT rows=186 year=2025
2026-09-23 07:19:16 [info     ] downloading                    url=https://data.binance.vision/data/spot/monthly/klines/BTCUSDT/4h/BTCUSDT-4h-2025-11.zip
2026-09-23 07:19:17 [info     ] imported_batch                 batch=1/1 interval=4h month=11 pair=BTC/USDT rows=180 year=2025
2026-09-23 07:19:17 [info     ] imported                       batches=1 interval=4h month=11 pair=BTC/USDT rows=180 year=2025
2026-09-23 07:19:17 [info     ] downloading                    url=https://data.binance.vision/data/spot/monthly/klines/BTCUSDT/4h/BTCUSDT-4h-2025-12.zip
2026-09-23 07:19:17 [info     ] imported_batch                 batch=1/1 interval=4h month=12 pair=BTC/USDT rows=186 year=2025
2026-09-23 07:19:17 [info     ] imported                       batches=1 interval=4h month=12 pair=BTC/USDT rows=186 year=2025
2026-09-23 07:19:17 [info     ] downloading                    url=https://data.binance.vision/data/spot/monthly/klines/BTCUSDT/4h/BTCUSDT-4h-2026-01.zip
2026-09-23 07:19:18 [info     ] imported_batch                 batch=1/1 interval=4h month=1 pair=BTC/USDT rows=186 year=2026
2026-09-23 07:19:18 [info     ] imported                       batches=1 interval=4h month=1 pair=BTC/USDT rows=186 year=2026
2026-09-23 07:19:18 [info     ] downloading                    url=https://data.binance.vision/data/spot/monthly/klines/BTCUSDT/4h/BTCUSDT-4h-2026-02.zip
2026-09-23 07:19:19 [info     ] imported_batch                 batch=1/1 interval=4h month=2 pair=BTC/USDT rows=168 year=2026
2026-09-23 07:19:19 [info     ] imported                       batches=1 interval=4h month=2 pair=BTC/USDT rows=168 year=2026
2026-09-23 07:19:19 [info     ] downloading                    url=https://data.binance.vision/data/spot/monthly/klines/BTCUSDT/4h/BTCUSDT-4h-2026-03.zip
2026-09-23 07:19:19 [info     ] imported_batch                 batch=1/1 interval=4h month=3 pair=BTC/USDT rows=186 year=2026
2026-09-23 07:19:19 [info     ] imported                       batches=1 interval=4h month=3 pair=BTC/USDT rows=186 year=2026
2026-09-23 07:19:19 [info     ] downloading                    url=https://data.binance.vision/data/spot/monthly/klines/BTCUSDT/4h/BTCUSDT-4h-2026-04.zip
2026-09-23 07:19:20 [info     ] imported_batch                 batch=1/1 interval=4h month=4 pair=BTC/USDT rows=180 year=2026
2026-09-23 07:19:20 [info     ] imported                       batches=1 interval=4h month=4 pair=BTC/USDT rows=180 year=2026
2026-09-23 07:19:20 [info     ] downloading                    url=https://data.binance.vision/data/spot/monthly/klines/BTCUSDT/4h/BTCUSDT-4h-2026-05.zip
2026-09-23 07:19:20 [info     ] imported_batch                 batch=1/1 interval=4h month=5 pair=BTC/USDT rows=186 year=2026
2026-09-23 07:19:20 [info     ] imported                       batches=1 interval=4h month=5 pair=BTC/USDT rows=186 year=2026
2026-09-23 07:19:20 [info     ] downloading                    url=https://data.binance.vision/data/spot/monthly/klines/BTCUSDT/4h/BTCUSDT-4h-2026-06.zip
2026-09-23 07:19:21 [info     ] imported_batch                 batch=1/1 interval=4h month=6 pair=BTC/USDT rows=180 year=2026
2026-09-23 07:19:21 [info     ] imported                       batches=1 interval=4h month=6 pair=BTC/USDT rows=180 year=2026
2026-09-23 07:19:21 [info     ] downloading                    url=https://data.binance.vision/data/spot/monthly/klines/BTCUSDT/4h/BTCUSDT-4h-2026-07.zip
2026-09-23 07:19:22 [info     ] imported_batch                 batch=1/1 interval=4h month=7 pair=BTC/USDT rows=186 year=2026
2026-09-23 07:19:22 [info     ] imported                       batches=1 interval=4h month=7 pair=BTC/USDT rows=186 year=2026
2026-09-23 07:19:22 [info     ] downloading                    url=https://data.binance.vision/data/spot/monthly/klines/BTCUSDT/4h/BTCUSDT-4h-2026-08.zip
2026-09-23 07:19:23 [info     ] imported_batch                 batch=1/1 interval=4h month=8 pair=BTC/USDT rows=186 year=2026
2026-09-23 07:19:23 [info     ] imported                       batches=1 interval=4h month=8 pair=BTC/USDT rows=186 year=2026
2026-09-23 07:19:23 [info     ] downloading                    url=https://data.binance.vision/data/spot/monthly/klines/BTCUSDT/1d/BTCUSDT-1d-2021-01.zip
2026-09-23 07:19:23 [info     ] imported_batch                 batch=1/1 interval=1d month=1 pair=BTC/USDT rows=31 year=2021
2026-09-23 07:19:23 [info     ] imported                       batches=1 interval=1d month=1 pair=BTC/USDT rows=31 year=2021
2026-09-23 07:19:23 [info     ] downloading                    url=https://data.binance.vision/data/spot/monthly/klines/BTCUSDT/1d/BTCUSDT-1d-2021-02.zip
2026-09-23 07:19:24 [info     ] imported_batch                 batch=1/1 interval=1d month=2 pair=BTC/USDT rows=28 year=2021
2026-09-23 07:19:24 [info     ] imported                       batches=1 interval=1d month=2 pair=BTC/USDT rows=28 year=2021
2026-09-23 07:19:24 [info     ] downloading                    url=https://data.binance.vision/data/spot/monthly/klines/BTCUSDT/1d/BTCUSDT-1d-2021-03.zip
2026-09-23 07:19:24 [info     ] imported_batch                 batch=1/1 interval=1d month=3 pair=BTC/USDT rows=31 year=2021
2026-09-23 07:19:24 [info     ] imported                       batches=1 interval=1d month=3 pair=BTC/USDT rows=31 year=2021
2026-09-23 07:19:24 [info     ] downloading                    url=https://data.binance.vision/data/spot/monthly/klines/BTCUSDT/1d/BTCUSDT-1d-2021-04.zip
2026-09-23 07:19:25 [info     ] imported_batch                 batch=1/1 interval=1d month=4 pair=BTC/USDT rows=30 year=2021
2026-09-23 07:19:25 [info     ] imported                       batches=1 interval=1d month=4 pair=BTC/USDT rows=30 year=2021
2026-09-23 07:19:25 [info     ] downloading                    url=https://data.binance.vision/data/spot/monthly/klines/BTCUSDT/1d/BTCUSDT-1d-2021-05.zip
2026-09-23 07:19:25 [info     ] imported_batch                 batch=1/1 interval=1d month=5 pair=BTC/USDT rows=31 year=2021
2026-09-23 07:19:25 [info     ] imported                       batches=1 interval=1d month=5 pair=BTC/USDT rows=31 year=2021
2026-09-23 07:19:25 [info     ] downloading                    url=https://data.binance.vision/data/spot/monthly/klines/BTCUSDT/1d/BTCUSDT-1d-2021-06.zip
2026-09-23 07:19:25 [info     ] imported_batch                 batch=1/1 interval=1d month=6 pair=BTC/USDT rows=30 year=2021
2026-09-23 07:19:25 [info     ] imported                       batches=1 interval=1d month=6 pair=BTC/USDT rows=30 year=2021
2026-09-23 07:19:25 [info     ] downloading                    url=https://data.binance.vision/data/spot/monthly/klines/BTCUSDT/1d/BTCUSDT-1d-2021-07.zip
2026-09-23 07:19:26 [info     ] imported_batch                 batch=1/1 interval=1d month=7 pair=BTC/USDT rows=31 year=2021
2026-09-23 07:19:26 [info     ] imported                       batches=1 interval=1d month=7 pair=BTC/USDT rows=31 year=2021
2026-09-23 07:19:26 [info     ] downloading                    url=https://data.binance.vision/data/spot/monthly/klines/BTCUSDT/1d/BTCUSDT-1d-2021-08.zip
2026-09-23 07:19:26 [info     ] imported_batch                 batch=1/1 interval=1d month=8 pair=BTC/USDT rows=31 year=2021
2026-09-23 07:19:26 [info     ] imported                       batches=1 interval=1d month=8 pair=BTC/USDT rows=31 year=2021
2026-09-23 07:19:26 [info     ] downloading                    url=https://data.binance.vision/data/spot/monthly/klines/BTCUSDT/1d/BTCUSDT-1d-2021-09.zip
2026-09-23 07:19:27 [info     ] imported_batch                 batch=1/1 interval=1d month=9 pair=BTC/USDT rows=30 year=2021
2026-09-23 07:19:27 [info     ] imported                       batches=1 interval=1d month=9 pair=BTC/USDT rows=30 year=2021
2026-09-23 07:19:27 [info     ] downloading                    url=https://data.binance.vision/data/spot/monthly/klines/BTCUSDT/1d/BTCUSDT-1d-2021-10.zip
2026-09-23 07:19:28 [info     ] imported_batch                 batch=1/1 interval=1d month=10 pair=BTC/USDT rows=31 year=2021
2026-09-23 07:19:28 [info     ] imported                       batches=1 interval=1d month=10 pair=BTC/USDT rows=31 year=2021
2026-09-23 07:19:28 [info     ] downloading                    url=https://data.binance.vision/data/spot/monthly/klines/BTCUSDT/1d/BTCUSDT-1d-2021-11.zip
2026-09-23 07:19:28 [info     ] imported_batch                 batch=1/1 interval=1d month=11 pair=BTC/USDT rows=30 year=2021
2026-09-23 07:19:28 [info     ] imported                       batches=1 interval=1d month=11 pair=BTC/USDT rows=30 year=2021
2026-09-23 07:19:28 [info     ] downloading                    url=https://data.binance.vision/data/spot/monthly/klines/BTCUSDT/1d/BTCUSDT-1d-2021-12.zip
2026-09-23 07:19:29 [info     ] imported_batch                 batch=1/1 interval=1d month=12 pair=BTC/USDT rows=31 year=2021
2026-09-23 07:19:29 [info     ] imported                       batches=1 interval=1d month=12 pair=BTC/USDT rows=31 year=2021
2026-09-23 07:19:29 [info     ] downloading                    url=https://data.binance.vision/data/spot/monthly/klines/BTCUSDT/1d/BTCUSDT-1d-2022-01.zip
2026-09-23 07:19:30 [info     ] imported_batch                 batch=1/1 interval=1d month=1 pair=BTC/USDT rows=31 year=2022
2026-09-23 07:19:30 [info     ] imported                       batches=1 interval=1d month=1 pair=BTC/USDT rows=31 year=2022
2026-09-23 07:19:30 [info     ] downloading                    url=https://data.binance.vision/data/spot/monthly/klines/BTCUSDT/1d/BTCUSDT-1d-2022-02.zip
2026-09-23 07:19:30 [info     ] imported_batch                 batch=1/1 interval=1d month=2 pair=BTC/USDT rows=28 year=2022
2026-09-23 07:19:30 [info     ] imported                       batches=1 interval=1d month=2 pair=BTC/USDT rows=28 year=2022
2026-09-23 07:19:30 [info     ] downloading                    url=https://data.binance.vision/data/spot/monthly/klines/BTCUSDT/1d/BTCUSDT-1d-2022-03.zip
2026-09-23 07:19:30 [info     ] imported_batch                 batch=1/1 interval=1d month=3 pair=BTC/USDT rows=31 year=2022
2026-09-23 07:19:30 [info     ] imported                       batches=1 interval=1d month=3 pair=BTC/USDT rows=31 year=2022
2026-09-23 07:19:30 [info     ] downloading                    url=https://data.binance.vision/data/spot/monthly/klines/BTCUSDT/1d/BTCUSDT-1d-2022-04.zip
2026-09-23 07:19:31 [info     ] imported_batch                 batch=1/1 interval=1d month=4 pair=BTC/USDT rows=30 year=2022
2026-09-23 07:19:31 [info     ] imported                       batches=1 interval=1d month=4 pair=BTC/USDT rows=30 year=2022
2026-09-23 07:19:31 [info     ] downloading                    url=https://data.binance.vision/data/spot/monthly/klines/BTCUSDT/1d/BTCUSDT-1d-2022-05.zip
2026-09-23 07:19:32 [info     ] imported_batch                 batch=1/1 interval=1d month=5 pair=BTC/USDT rows=31 year=2022
2026-09-23 07:19:32 [info     ] imported                       batches=1 interval=1d month=5 pair=BTC/USDT rows=31 year=2022
2026-09-23 07:19:32 [info     ] downloading                    url=https://data.binance.vision/data/spot/monthly/klines/BTCUSDT/1d/BTCUSDT-1d-2022-06.zip
2026-09-23 07:19:33 [info     ] imported_batch                 batch=1/1 interval=1d month=6 pair=BTC/USDT rows=30 year=2022
2026-09-23 07:19:33 [info     ] imported                       batches=1 interval=1d month=6 pair=BTC/USDT rows=30 year=2022
2026-09-23 07:19:33 [info     ] downloading                    url=https://data.binance.vision/data/spot/monthly/klines/BTCUSDT/1d/BTCUSDT-1d-2022-07.zip
2026-09-23 07:19:33 [info     ] imported_batch                 batch=1/1 interval=1d month=7 pair=BTC/USDT rows=31 year=2022
2026-09-23 07:19:33 [info     ] imported                       batches=1 interval=1d month=7 pair=BTC/USDT rows=31 year=2022
2026-09-23 07:19:33 [info     ] downloading                    url=https://data.binance.vision/data/spot/monthly/klines/BTCUSDT/1d/BTCUSDT-1d-2022-08.zip
2026-09-23 07:19:34 [info     ] imported_batch                 batch=1/1 interval=1d month=8 pair=BTC/USDT rows=31 year=2022
2026-09-23 07:19:34 [info     ] imported                       batches=1 interval=1d month=8 pair=BTC/USDT rows=31 year=2022
2026-09-23 07:19:34 [info     ] downloading                    url=https://data.binance.vision/data/spot/monthly/klines/BTCUSDT/1d/BTCUSDT-1d-2022-09.zip
2026-09-23 07:19:35 [info     ] imported_batch                 batch=1/1 interval=1d month=9 pair=BTC/USDT rows=30 year=2022
2026-09-23 07:19:35 [info     ] imported                       batches=1 interval=1d month=9 pair=BTC/USDT rows=30 year=2022
2026-09-23 07:19:35 [info     ] downloading                    url=https://data.binance.vision/data/spot/monthly/klines/BTCUSDT/1d/BTCUSDT-1d-2022-10.zip
2026-09-23 07:19:35 [info     ] imported_batch                 batch=1/1 interval=1d month=10 pair=BTC/USDT rows=31 year=2022
2026-09-23 07:19:35 [info     ] imported                       batches=1 interval=1d month=10 pair=BTC/USDT rows=31 year=2022
2026-09-23 07:19:35 [info     ] downloading                    url=https://data.binance.vision/data/spot/monthly/klines/BTCUSDT/1d/BTCUSDT-1d-2022-11.zip
2026-09-23 07:19:36 [info     ] imported_batch                 batch=1/1 interval=1d month=11 pair=BTC/USDT rows=30 year=2022
2026-09-23 07:19:36 [info     ] imported                       batches=1 interval=1d month=11 pair=BTC/USDT rows=30 year=2022
2026-09-23 07:19:36 [info     ] downloading                    url=https://data.binance.vision/data/spot/monthly/klines/BTCUSDT/1d/BTCUSDT-1d-2022-12.zip
2026-09-23 07:19:37 [info     ] imported_batch                 batch=1/1 interval=1d month=12 pair=BTC/USDT rows=31 year=2022
2026-09-23 07:19:37 [info     ] imported                       batches=1 interval=1d month=12 pair=BTC/USDT rows=31 year=2022
2026-09-23 07:19:37 [info     ] downloading                    url=https://data.binance.vision/data/spot/monthly/klines/BTCUSDT/1d/BTCUSDT-1d-2023-01.zip
2026-09-23 07:19:37 [info     ] imported_batch                 batch=1/1 interval=1d month=1 pair=BTC/USDT rows=31 year=2023
2026-09-23 07:19:37 [info     ] imported                       batches=1 interval=1d month=1 pair=BTC/USDT rows=31 year=2023
2026-09-23 07:19:37 [info     ] downloading                    url=https://data.binance.vision/data/spot/monthly/klines/BTCUSDT/1d/BTCUSDT-1d-2023-02.zip
2026-09-23 07:19:38 [info     ] imported_batch                 batch=1/1 interval=1d month=2 pair=BTC/USDT rows=28 year=2023
2026-09-23 07:19:38 [info     ] imported                       batches=1 interval=1d month=2 pair=BTC/USDT rows=28 year=2023
2026-09-23 07:19:38 [info     ] downloading                    url=https://data.binance.vision/data/spot/monthly/klines/BTCUSDT/1d/BTCUSDT-1d-2023-03.zip
2026-09-23 07:19:38 [info     ] imported_batch                 batch=1/1 interval=1d month=3 pair=BTC/USDT rows=31 year=2023
2026-09-23 07:19:38 [info     ] imported                       batches=1 interval=1d month=3 pair=BTC/USDT rows=31 year=2023
2026-09-23 07:19:38 [info     ] downloading                    url=https://data.binance.vision/data/spot/monthly/klines/BTCUSDT/1d/BTCUSDT-1d-2023-04.zip
2026-09-23 07:19:39 [info     ] imported_batch                 batch=1/1 interval=1d month=4 pair=BTC/USDT rows=30 year=2023
2026-09-23 07:19:39 [info     ] imported                       batches=1 interval=1d month=4 pair=BTC/USDT rows=30 year=2023
2026-09-23 07:19:39 [info     ] progress                       pct=24.5% processed=300 total=1224 total_rows=857119
2026-09-23 07:19:39 [info     ] downloading                    url=https://data.binance.vision/data/spot/monthly/klines/BTCUSDT/1d/BTCUSDT-1d-2023-05.zip
2026-09-23 07:19:40 [info     ] imported_batch                 batch=1/1 interval=1d month=5 pair=BTC/USDT rows=31 year=2023
2026-09-23 07:19:40 [info     ] imported                       batches=1 interval=1d month=5 pair=BTC/USDT rows=31 year=2023
2026-09-23 07:19:40 [info     ] downloading                    url=https://data.binance.vision/data/spot/monthly/klines/BTCUSDT/1d/BTCUSDT-1d-2023-06.zip
2026-09-23 07:19:40 [info     ] imported_batch                 batch=1/1 interval=1d month=6 pair=BTC/USDT rows=30 year=2023
2026-09-23 07:19:40 [info     ] imported                       batches=1 interval=1d month=6 pair=BTC/USDT rows=30 year=2023
2026-09-23 07:19:40 [info     ] downloading                    url=https://data.binance.vision/data/spot/monthly/klines/BTCUSDT/1d/BTCUSDT-1d-2023-07.zip
2026-09-23 07:19:41 [info     ] imported_batch                 batch=1/1 interval=1d month=7 pair=BTC/USDT rows=31 year=2023
2026-09-23 07:19:41 [info     ] imported                       batches=1 interval=1d month=7 pair=BTC/USDT rows=31 year=2023
2026-09-23 07:19:41 [info     ] downloading                    url=https://data.binance.vision/data/spot/monthly/klines/BTCUSDT/1d/BTCUSDT-1d-2023-08.zip
2026-09-23 07:19:41 [info     ] imported_batch                 batch=1/1 interval=1d month=8 pair=BTC/USDT rows=31 year=2023
2026-09-23 07:19:41 [info     ] imported                       batches=1 interval=1d month=8 pair=BTC/USDT rows=31 year=2023
2026-09-23 07:19:41 [info     ] downloading                    url=https://data.binance.vision/data/spot/monthly/klines/BTCUSDT/1d/BTCUSDT-1d-2023-09.zip
2026-09-23 07:19:42 [info     ] imported_batch                 batch=1/1 interval=1d month=9 pair=BTC/USDT rows=30 year=2023
2026-09-23 07:19:42 [info     ] imported                       batches=1 interval=1d month=9 pair=BTC/USDT rows=30 year=2023
2026-09-23 07:19:42 [info     ] downloading                    url=https://data.binance.vision/data/spot/monthly/klines/BTCUSDT/1d/BTCUSDT-1d-2023-10.zip
2026-09-23 07:19:43 [info     ] imported_batch                 batch=1/1 interval=1d month=10 pair=BTC/USDT rows=31 year=2023
2026-09-23 07:19:43 [info     ] imported                       batches=1 interval=1d month=10 pair=BTC/USDT rows=31 year=2023
2026-09-23 07:19:43 [info     ] downloading                    url=https://data.binance.vision/data/spot/monthly/klines/BTCUSDT/1d/BTCUSDT-1d-2023-11.zip
2026-09-23 07:19:44 [info     ] imported_batch                 batch=1/1 interval=1d month=11 pair=BTC/USDT rows=30 year=2023
2026-09-23 07:19:44 [info     ] imported                       batches=1 interval=1d month=11 pair=BTC/USDT rows=30 year=2023
2026-09-23 07:19:44 [info     ] downloading                    url=https://data.binance.vision/data/spot/monthly/klines/BTCUSDT/1d/BTCUSDT-1d-2023-12.zip
2026-09-23 07:19:45 [info     ] imported_batch                 batch=1/1 interval=1d month=12 pair=BTC/USDT rows=31 year=2023
2026-09-23 07:19:45 [info     ] imported                       batches=1 interval=1d month=12 pair=BTC/USDT rows=31 year=2023
2026-09-23 07:19:45 [info     ] downloading                    url=https://data.binance.vision/data/spot/monthly/klines/BTCUSDT/1d/BTCUSDT-1d-2024-01.zip
2026-09-23 07:19:45 [info     ] imported_batch                 batch=1/1 interval=1d month=1 pair=BTC/USDT rows=31 year=2024
2026-09-23 07:19:45 [info     ] imported                       batches=1 interval=1d month=1 pair=BTC/USDT rows=31 year=2024
2026-09-23 07:19:45 [info     ] downloading                    url=https://data.binance.vision/data/spot/monthly/klines/BTCUSDT/1d/BTCUSDT-1d-2024-02.zip
2026-09-23 07:19:45 [info     ] imported_batch                 batch=1/1 interval=1d month=2 pair=BTC/USDT rows=29 year=2024
2026-09-23 07:19:45 [info     ] imported                       batches=1 interval=1d month=2 pair=BTC/USDT rows=29 year=2024
2026-09-23 07:19:45 [info     ] downloading                    url=https://data.binance.vision/data/spot/monthly/klines/BTCUSDT/1d/BTCUSDT-1d-2024-03.zip
2026-09-23 07:19:46 [info     ] imported_batch                 batch=1/1 interval=1d month=3 pair=BTC/USDT rows=31 year=2024
2026-09-23 07:19:46 [info     ] imported                       batches=1 interval=1d month=3 pair=BTC/USDT rows=31 year=2024
2026-09-23 07:19:46 [info     ] downloading                    url=https://data.binance.vision/data/spot/monthly/klines/BTCUSDT/1d/BTCUSDT-1d-2024-04.zip
2026-09-23 07:19:47 [info     ] imported_batch                 batch=1/1 interval=1d month=4 pair=BTC/USDT rows=30 year=2024
2026-09-23 07:19:47 [info     ] imported                       batches=1 interval=1d month=4 pair=BTC/USDT rows=30 year=2024
2026-09-23 07:19:47 [info     ] downloading                    url=https://data.binance.vision/data/spot/monthly/klines/BTCUSDT/1d/BTCUSDT-1d-2024-05.zip
2026-09-23 07:19:48 [info     ] imported_batch                 batch=1/1 interval=1d month=5 pair=BTC/USDT rows=31 year=2024
2026-09-23 07:19:48 [info     ] imported                       batches=1 interval=1d month=5 pair=BTC/USDT rows=31 year=2024
2026-09-23 07:19:48 [info     ] downloading                    url=https://data.binance.vision/data/spot/monthly/klines/BTCUSDT/1d/BTCUSDT-1d-2024-06.zip
2026-09-23 07:19:48 [info     ] imported_batch                 batch=1/1 interval=1d month=6 pair=BTC/USDT rows=30 year=2024
2026-09-23 07:19:48 [info     ] imported                       batches=1 interval=1d month=6 pair=BTC/USDT rows=30 year=2024
2026-09-23 07:19:48 [info     ] downloading                    url=https://data.binance.vision/data/spot/monthly/klines/BTCUSDT/1d/BTCUSDT-1d-2024-07.zip
2026-09-23 07:19:49 [info     ] imported_batch                 batch=1/1 interval=1d month=7 pair=BTC/USDT rows=31 year=2024
2026-09-23 07:19:49 [info     ] imported                       batches=1 interval=1d month=7 pair=BTC/USDT rows=31 year=2024
2026-09-23 07:19:49 [info     ] downloading                    url=https://data.binance.vision/data/spot/monthly/klines/BTCUSDT/1d/BTCUSDT-1d-2024-08.zip
2026-09-23 07:19:49 [info     ] imported_batch                 batch=1/1 interval=1d month=8 pair=BTC/USDT rows=31 year=2024
2026-09-23 07:19:49 [info     ] imported                       batches=1 interval=1d month=8 pair=BTC/USDT rows=31 year=2024
2026-09-23 07:19:49 [info     ] downloading                    url=https://data.binance.vision/data/spot/monthly/klines/BTCUSDT/1d/BTCUSDT-1d-2024-09.zip
2026-09-23 07:19:50 [info     ] imported_batch                 batch=1/1 interval=1d month=9 pair=BTC/USDT rows=30 year=2024
2026-09-23 07:19:50 [info     ] imported                       batches=1 interval=1d month=9 pair=BTC/USDT rows=30 year=2024
2026-09-23 07:19:50 [info     ] downloading                    url=https://data.binance.vision/data/spot/monthly/klines/BTCUSDT/1d/BTCUSDT-1d-2024-10.zip
2026-09-23 07:19:50 [info     ] imported_batch                 batch=1/1 interval=1d month=10 pair=BTC/USDT rows=31 year=2024
2026-09-23 07:19:50 [info     ] imported                       batches=1 interval=1d month=10 pair=BTC/USDT rows=31 year=2024
2026-09-23 07:19:50 [info     ] downloading                    url=https://data.binance.vision/data/spot/monthly/klines/BTCUSDT/1d/BTCUSDT-1d-2024-11.zip
2026-09-23 07:19:50 [info     ] imported_batch                 batch=1/1 interval=1d month=11 pair=BTC/USDT rows=30 year=2024
2026-09-23 07:19:50 [info     ] imported                       batches=1 interval=1d month=11 pair=BTC/USDT rows=30 year=2024
2026-09-23 07:19:50 [info     ] downloading                    url=https://data.binance.vision/data/spot/monthly/klines/BTCUSDT/1d/BTCUSDT-1d-2024-12.zip
2026-09-23 07:19:51 [info     ] imported_batch                 batch=1/1 interval=1d month=12 pair=BTC/USDT rows=31 year=2024
2026-09-23 07:19:51 [info     ] imported                       batches=1 interval=1d month=12 pair=BTC/USDT rows=31 year=2024
2026-09-23 07:19:51 [info     ] downloading                    url=https://data.binance.vision/data/spot/monthly/klines/BTCUSDT/1d/BTCUSDT-1d-2025-01.zip
2026-09-23 07:19:52 [info     ] imported_batch                 batch=1/1 interval=1d month=1 pair=BTC/USDT rows=31 year=2025
2026-09-23 07:19:52 [info     ] imported                       batches=1 interval=1d month=1 pair=BTC/USDT rows=31 year=2025
2026-09-23 07:19:52 [info     ] downloading                    url=https://data.binance.vision/data/spot/monthly/klines/BTCUSDT/1d/BTCUSDT-1d-2025-02.zip
2026-09-23 07:19:52 [info     ] imported_batch                 batch=1/1 interval=1d month=2 pair=BTC/USDT rows=28 year=2025
2026-09-23 07:19:52 [info     ] imported                       batches=1 interval=1d month=2 pair=BTC/USDT rows=28 year=2025
2026-09-23 07:19:52 [info     ] downloading                    url=https://data.binance.vision/data/spot/monthly/klines/BTCUSDT/1d/BTCUSDT-1d-2025-03.zip
2026-09-23 07:19:53 [info     ] imported_batch                 batch=1/1 interval=1d month=3 pair=BTC/USDT rows=31 year=2025
2026-09-23 07:19:53 [info     ] imported                       batches=1 interval=1d month=3 pair=BTC/USDT rows=31 year=2025
2026-09-23 07:19:53 [info     ] downloading                    url=https://data.binance.vision/data/spot/monthly/klines/BTCUSDT/1d/BTCUSDT-1d-2025-04.zip
2026-09-23 07:19:53 [info     ] imported_batch                 batch=1/1 interval=1d month=4 pair=BTC/USDT rows=30 year=2025
2026-09-23 07:19:54 [info     ] imported                       batches=1 interval=1d month=4 pair=BTC/USDT rows=30 year=2025
2026-09-23 07:19:54 [info     ] downloading                    url=https://data.binance.vision/data/spot/monthly/klines/BTCUSDT/1d/BTCUSDT-1d-2025-05.zip
2026-09-23 07:19:54 [info     ] imported_batch                 batch=1/1 interval=1d month=5 pair=BTC/USDT rows=31 year=2025
2026-09-23 07:19:54 [info     ] imported                       batches=1 interval=1d month=5 pair=BTC/USDT rows=31 year=2025
2026-09-23 07:19:54 [info     ] downloading                    url=https://data.binance.vision/data/spot/monthly/klines/BTCUSDT/1d/BTCUSDT-1d-2025-06.zip
2026-09-23 07:19:55 [info     ] imported_batch                 batch=1/1 interval=1d month=6 pair=BTC/USDT rows=30 year=2025
2026-09-23 07:19:55 [info     ] imported                       batches=1 interval=1d month=6 pair=BTC/USDT rows=30 year=2025
2026-09-23 07:19:55 [info     ] downloading                    url=https://data.binance.vision/data/spot/monthly/klines/BTCUSDT/1d/BTCUSDT-1d-2025-07.zip
2026-09-23 07:19:55 [info     ] imported_batch                 batch=1/1 interval=1d month=7 pair=BTC/USDT rows=31 year=2025
2026-09-23 07:19:55 [info     ] imported                       batches=1 interval=1d month=7 pair=BTC/USDT rows=31 year=2025
2026-09-23 07:19:55 [info     ] downloading                    url=https://data.binance.vision/data/spot/monthly/klines/BTCUSDT/1d/BTCUSDT-1d-2025-08.zip
2026-09-23 07:19:56 [info     ] imported_batch                 batch=1/1 interval=1d month=8 pair=BTC/USDT rows=31 year=2025
2026-09-23 07:19:56 [info     ] imported                       batches=1 interval=1d month=8 pair=BTC/USDT rows=31 year=2025
2026-09-23 07:19:56 [info     ] downloading                    url=https://data.binance.vision/data/spot/monthly/klines/BTCUSDT/1d/BTCUSDT-1d-2025-09.zip
2026-09-23 07:19:56 [info     ] imported_batch                 batch=1/1 interval=1d month=9 pair=BTC/USDT rows=30 year=2025
2026-09-23 07:19:56 [info     ] imported                       batches=1 interval=1d month=9 pair=BTC/USDT rows=30 year=2025
2026-09-23 07:19:56 [info     ] downloading                    url=https://data.binance.vision/data/spot/monthly/klines/BTCUSDT/1d/BTCUSDT-1d-2025-10.zip
2026-09-23 07:19:57 [info     ] imported_batch                 batch=1/1 interval=1d month=10 pair=BTC/USDT rows=31 year=2025
2026-09-23 07:19:57 [info     ] imported                       batches=1 interval=1d month=10 pair=BTC/USDT rows=31 year=2025
2026-09-23 07:19:57 [info     ] downloading                    url=https://data.binance.vision/data/spot/monthly/klines/BTCUSDT/1d/BTCUSDT-1d-2025-11.zip
2026-09-23 07:19:58 [info     ] imported_batch                 batch=1/1 interval=1d month=11 pair=BTC/USDT rows=30 year=2025
2026-09-23 07:19:58 [info     ] imported                       batches=1 interval=1d month=11 pair=BTC/USDT rows=30 year=2025
2026-09-23 07:19:58 [info     ] downloading                    url=https://data.binance.vision/data/spot/monthly/klines/BTCUSDT/1d/BTCUSDT-1d-2025-12.zip
2026-09-23 07:19:59 [info     ] imported_batch                 batch=1/1 interval=1d month=12 pair=BTC/USDT rows=31 year=2025
2026-09-23 07:19:59 [info     ] imported                       batches=1 interval=1d month=12 pair=BTC/USDT rows=31 year=2025
2026-09-23 07:19:59 [info     ] downloading                    url=https://data.binance.vision/data/spot/monthly/klines/BTCUSDT/1d/BTCUSDT-1d-2026-01.zip
2026-09-23 07:20:00 [info     ] imported_batch                 batch=1/1 interval=1d month=1 pair=BTC/USDT rows=31 year=2026
2026-09-23 07:20:00 [info     ] imported                       batches=1 interval=1d month=1 pair=BTC/USDT rows=31 year=2026
2026-09-23 07:20:00 [info     ] downloading                    url=https://data.binance.vision/data/spot/monthly/klines/BTCUSDT/1d/BTCUSDT-1d-2026-02.zip
2026-09-23 07:20:00 [info     ] imported_batch                 batch=1/1 interval=1d month=2 pair=BTC/USDT rows=28 year=2026
2026-09-23 07:20:00 [info     ] imported                       batches=1 interval=1d month=2 pair=BTC/USDT rows=28 year=2026
2026-09-23 07:20:00 [info     ] downloading                    url=https://data.binance.vision/data/spot/monthly/klines/BTCUSDT/1d/BTCUSDT-1d-2026-03.zip
2026-09-23 07:20:01 [info     ] imported_batch                 batch=1/1 interval=1d month=3 pair=BTC/USDT rows=31 year=2026
2026-09-23 07:20:01 [info     ] imported                       batches=1 interval=1d month=3 pair=BTC/USDT rows=31 year=2026
2026-09-23 07:20:01 [info     ] downloading                    url=https://data.binance.vision/data/spot/monthly/klines/BTCUSDT/1d/BTCUSDT-1d-2026-04.zip
2026-09-23 07:20:02 [info     ] imported_batch                 batch=1/1 interval=1d month=4 pair=BTC/USDT rows=30 year=2026
2026-09-23 07:20:02 [info     ] imported                       batches=1 interval=1d month=4 pair=BTC/USDT rows=30 year=2026
2026-09-23 07:20:02 [info     ] downloading                    url=https://data.binance.vision/data/spot/monthly/klines/BTCUSDT/1d/BTCUSDT-1d-2026-05.zip
2026-09-23 07:20:02 [info     ] imported_batch                 batch=1/1 interval=1d month=5 pair=BTC/USDT rows=31 year=2026
2026-09-23 07:20:02 [info     ] imported                       batches=1 interval=1d month=5 pair=BTC/USDT rows=31 year=2026
2026-09-23 07:20:02 [info     ] downloading                    url=https://data.binance.vision/data/spot/monthly/klines/BTCUSDT/1d/BTCUSDT-1d-2026-06.zip
2026-09-23 07:20:03 [info     ] imported_batch                 batch=1/1 interval=1d month=6 pair=BTC/USDT rows=30 year=2026
2026-09-23 07:20:03 [info     ] imported                       batches=1 interval=1d month=6 pair=BTC/USDT rows=30 year=2026
2026-09-23 07:20:03 [info     ] downloading                    url=https://data.binance.vision/data/spot/monthly/klines/BTCUSDT/1d/BTCUSDT-1d-2026-07.zip
2026-09-23 07:20:03 [info     ] imported_batch                 batch=1/1 interval=1d month=7 pair=BTC/USDT rows=31 year=2026
2026-09-23 07:20:03 [info     ] imported                       batches=1 interval=1d month=7 pair=BTC/USDT rows=31 year=2026
2026-09-23 07:20:03 [info     ] downloading                    url=https://data.binance.vision/data/spot/monthly/klines/BTCUSDT/1d/BTCUSDT-1d-2026-08.zip
2026-09-23 07:20:04 [info     ] imported_batch                 batch=1/1 interval=1d month=8 pair=BTC/USDT rows=31 year=2026
2026-09-23 07:20:04 [info     ] imported                       batches=1 interval=1d month=8 pair=BTC/USDT rows=31 year=2026
2026-09-23 07:20:04 [info     ] downloading                    url=https://data.binance.vision/data/spot/monthly/klines/BTCUSDT/1w/BTCUSDT-1w-2021-01.zip
2026-09-23 07:20:05 [info     ] imported_batch                 batch=1/1 interval=1w month=1 pair=BTC/USDT rows=4 year=2021
2026-09-23 07:20:05 [info     ] imported                       batches=1 interval=1w month=1 pair=BTC/USDT rows=4 year=2021
2026-09-23 07:20:05 [info     ] downloading                    url=https://data.binance.vision/data/spot/monthly/klines/BTCUSDT/1w/BTCUSDT-1w-2021-02.zip
2026-09-23 07:20:05 [info     ] imported_batch                 batch=1/1 interval=1w month=2 pair=BTC/USDT rows=4 year=2021
2026-09-23 07:20:05 [info     ] imported                       batches=1 interval=1w month=2 pair=BTC/USDT rows=4 year=2021
2026-09-23 07:20:05 [info     ] downloading                    url=https://data.binance.vision/data/spot/monthly/klines/BTCUSDT/1w/BTCUSDT-1w-2021-03.zip
2026-09-23 07:20:05 [info     ] imported_batch                 batch=1/1 interval=1w month=3 pair=BTC/USDT rows=5 year=2021
2026-09-23 07:20:05 [info     ] imported                       batches=1 interval=1w month=3 pair=BTC/USDT rows=5 year=2021
2026-09-23 07:20:05 [info     ] downloading                    url=https://data.binance.vision/data/spot/monthly/klines/BTCUSDT/1w/BTCUSDT-1w-2021-04.zip
2026-09-23 07:20:05 [info     ] imported_batch                 batch=1/1 interval=1w month=4 pair=BTC/USDT rows=4 year=2021
2026-09-23 07:20:05 [info     ] imported                       batches=1 interval=1w month=4 pair=BTC/USDT rows=4 year=2021
2026-09-23 07:20:05 [info     ] downloading                    url=https://data.binance.vision/data/spot/monthly/klines/BTCUSDT/1w/BTCUSDT-1w-2021-05.zip
2026-09-23 07:20:06 [info     ] imported_batch                 batch=1/1 interval=1w month=5 pair=BTC/USDT rows=5 year=2021
2026-09-23 07:20:06 [info     ] imported                       batches=1 interval=1w month=5 pair=BTC/USDT rows=5 year=2021
2026-09-23 07:20:06 [info     ] downloading                    url=https://data.binance.vision/data/spot/monthly/klines/BTCUSDT/1w/BTCUSDT-1w-2021-06.zip
2026-09-23 07:20:07 [info     ] imported_batch                 batch=1/1 interval=1w month=6 pair=BTC/USDT rows=4 year=2021
2026-09-23 07:20:07 [info     ] imported                       batches=1 interval=1w month=6 pair=BTC/USDT rows=4 year=2021
2026-09-23 07:20:07 [info     ] downloading                    url=https://data.binance.vision/data/spot/monthly/klines/BTCUSDT/1w/BTCUSDT-1w-2021-07.zip
2026-09-23 07:20:08 [info     ] imported_batch                 batch=1/1 interval=1w month=7 pair=BTC/USDT rows=4 year=2021
2026-09-23 07:20:08 [info     ] imported                       batches=1 interval=1w month=7 pair=BTC/USDT rows=4 year=2021
2026-09-23 07:20:08 [info     ] downloading                    url=https://data.binance.vision/data/spot/monthly/klines/BTCUSDT/1w/BTCUSDT-1w-2021-08.zip
2026-09-23 07:20:08 [info     ] imported_batch                 batch=1/1 interval=1w month=8 pair=BTC/USDT rows=5 year=2021
2026-09-23 07:20:08 [info     ] imported                       batches=1 interval=1w month=8 pair=BTC/USDT rows=5 year=2021
2026-09-23 07:20:08 [info     ] downloading                    url=https://data.binance.vision/data/spot/monthly/klines/BTCUSDT/1w/BTCUSDT-1w-2021-09.zip
2026-09-23 07:20:09 [info     ] imported_batch                 batch=1/1 interval=1w month=9 pair=BTC/USDT rows=4 year=2021
2026-09-23 07:20:09 [info     ] imported                       batches=1 interval=1w month=9 pair=BTC/USDT rows=4 year=2021
2026-09-23 07:20:09 [info     ] downloading                    url=https://data.binance.vision/data/spot/monthly/klines/BTCUSDT/1w/BTCUSDT-1w-2021-10.zip
2026-09-23 07:20:10 [info     ] imported_batch                 batch=1/1 interval=1w month=10 pair=BTC/USDT rows=4 year=2021
2026-09-23 07:20:10 [info     ] imported                       batches=1 interval=1w month=10 pair=BTC/USDT rows=4 year=2021
2026-09-23 07:20:10 [info     ] progress                       pct=28.6% processed=350 total=1224 total_rows=858381
2026-09-23 07:20:10 [info     ] downloading                    url=https://data.binance.vision/data/spot/monthly/klines/BTCUSDT/1w/BTCUSDT-1w-2021-11.zip
2026-09-23 07:20:10 [info     ] imported_batch                 batch=1/1 interval=1w month=11 pair=BTC/USDT rows=5 year=2021
2026-09-23 07:20:10 [info     ] imported                       batches=1 interval=1w month=11 pair=BTC/USDT rows=5 year=2021
2026-09-23 07:20:10 [info     ] downloading                    url=https://data.binance.vision/data/spot/monthly/klines/BTCUSDT/1w/BTCUSDT-1w-2021-12.zip
2026-09-23 07:20:11 [info     ] imported_batch                 batch=1/1 interval=1w month=12 pair=BTC/USDT rows=4 year=2021
2026-09-23 07:20:11 [info     ] imported                       batches=1 interval=1w month=12 pair=BTC/USDT rows=4 year=2021
2026-09-23 07:20:11 [info     ] downloading                    url=https://data.binance.vision/data/spot/monthly/klines/BTCUSDT/1w/BTCUSDT-1w-2022-01.zip
2026-09-23 07:20:12 [info     ] imported_batch                 batch=1/1 interval=1w month=1 pair=BTC/USDT rows=5 year=2022
2026-09-23 07:20:12 [info     ] imported                       batches=1 interval=1w month=1 pair=BTC/USDT rows=5 year=2022
2026-09-23 07:20:12 [info     ] downloading                    url=https://data.binance.vision/data/spot/monthly/klines/BTCUSDT/1w/BTCUSDT-1w-2022-02.zip
2026-09-23 07:20:13 [info     ] imported_batch                 batch=1/1 interval=1w month=2 pair=BTC/USDT rows=4 year=2022
2026-09-23 07:20:13 [info     ] imported                       batches=1 interval=1w month=2 pair=BTC/USDT rows=4 year=2022
2026-09-23 07:20:13 [info     ] downloading                    url=https://data.binance.vision/data/spot/monthly/klines/BTCUSDT/1w/BTCUSDT-1w-2022-03.zip
2026-09-23 07:20:13 [info     ] imported_batch                 batch=1/1 interval=1w month=3 pair=BTC/USDT rows=4 year=2022
2026-09-23 07:20:13 [info     ] imported                       batches=1 interval=1w month=3 pair=BTC/USDT rows=4 year=2022
2026-09-23 07:20:13 [info     ] downloading                    url=https://data.binance.vision/data/spot/monthly/klines/BTCUSDT/1w/BTCUSDT-1w-2022-04.zip
2026-09-23 07:20:14 [info     ] imported_batch                 batch=1/1 interval=1w month=4 pair=BTC/USDT rows=4 year=2022
2026-09-23 07:20:14 [info     ] imported                       batches=1 interval=1w month=4 pair=BTC/USDT rows=4 year=2022
2026-09-23 07:20:14 [info     ] downloading                    url=https://data.binance.vision/data/spot/monthly/klines/BTCUSDT/1w/BTCUSDT-1w-2022-05.zip
2026-09-23 07:20:14 [info     ] imported_batch                 batch=1/1 interval=1w month=5 pair=BTC/USDT rows=4 year=2022
2026-09-23 07:20:14 [info     ] imported                       batches=1 interval=1w month=5 pair=BTC/USDT rows=4 year=2022
2026-09-23 07:20:14 [info     ] downloading                    url=https://data.binance.vision/data/spot/monthly/klines/BTCUSDT/1w/BTCUSDT-1w-2022-06.zip
2026-09-23 07:20:15 [info     ] imported_batch                 batch=1/1 interval=1w month=6 pair=BTC/USDT rows=3 year=2022
2026-09-23 07:20:15 [info     ] imported                       batches=1 interval=1w month=6 pair=BTC/USDT rows=3 year=2022
2026-09-23 07:20:15 [info     ] downloading                    url=https://data.binance.vision/data/spot/monthly/klines/BTCUSDT/1w/BTCUSDT-1w-2022-07.zip
2026-09-23 07:20:15 [info     ] imported_batch                 batch=1/1 interval=1w month=7 pair=BTC/USDT rows=4 year=2022
2026-09-23 07:20:15 [info     ] imported                       batches=1 interval=1w month=7 pair=BTC/USDT rows=4 year=2022
2026-09-23 07:20:15 [info     ] downloading                    url=https://data.binance.vision/data/spot/monthly/klines/BTCUSDT/1w/BTCUSDT-1w-2022-08.zip
2026-09-23 07:20:16 [info     ] imported_batch                 batch=1/1 interval=1w month=8 pair=BTC/USDT rows=4 year=2022
2026-09-23 07:20:16 [info     ] imported                       batches=1 interval=1w month=8 pair=BTC/USDT rows=4 year=2022
2026-09-23 07:20:16 [info     ] downloading                    url=https://data.binance.vision/data/spot/monthly/klines/BTCUSDT/1w/BTCUSDT-1w-2022-09.zip
2026-09-23 07:20:17 [info     ] imported_batch                 batch=1/1 interval=1w month=9 pair=BTC/USDT rows=3 year=2022
2026-09-23 07:20:17 [info     ] imported                       batches=1 interval=1w month=9 pair=BTC/USDT rows=3 year=2022
2026-09-23 07:20:17 [info     ] downloading                    url=https://data.binance.vision/data/spot/monthly/klines/BTCUSDT/1w/BTCUSDT-1w-2022-10.zip
2026-09-23 07:20:18 [info     ] imported_batch                 batch=1/1 interval=1w month=10 pair=BTC/USDT rows=4 year=2022
2026-09-23 07:20:18 [info     ] imported                       batches=1 interval=1w month=10 pair=BTC/USDT rows=4 year=2022
2026-09-23 07:20:18 [info     ] downloading                    url=https://data.binance.vision/data/spot/monthly/klines/BTCUSDT/1w/BTCUSDT-1w-2022-11.zip
2026-09-23 07:20:18 [info     ] imported_batch                 batch=1/1 interval=1w month=11 pair=BTC/USDT rows=3 year=2022
2026-09-23 07:20:18 [info     ] imported                       batches=1 interval=1w month=11 pair=BTC/USDT rows=3 year=2022
2026-09-23 07:20:18 [info     ] downloading                    url=https://data.binance.vision/data/spot/monthly/klines/BTCUSDT/1w/BTCUSDT-1w-2022-12.zip
2026-09-23 07:20:19 [info     ] imported_batch                 batch=1/1 interval=1w month=12 pair=BTC/USDT rows=4 year=2022
2026-09-23 07:20:19 [info     ] imported                       batches=1 interval=1w month=12 pair=BTC/USDT rows=4 year=2022
2026-09-23 07:20:19 [info     ] downloading                    url=https://data.binance.vision/data/spot/monthly/klines/BTCUSDT/1w/BTCUSDT-1w-2023-01.zip
2026-09-23 07:20:20 [info     ] imported_batch                 batch=1/1 interval=1w month=1 pair=BTC/USDT rows=5 year=2023
2026-09-23 07:20:20 [info     ] imported                       batches=1 interval=1w month=1 pair=BTC/USDT rows=5 year=2023
2026-09-23 07:20:20 [info     ] downloading                    url=https://data.binance.vision/data/spot/monthly/klines/BTCUSDT/1w/BTCUSDT-1w-2023-02.zip
2026-09-23 07:20:20 [info     ] imported_batch                 batch=1/1 interval=1w month=2 pair=BTC/USDT rows=4 year=2023
2026-09-23 07:20:20 [info     ] imported                       batches=1 interval=1w month=2 pair=BTC/USDT rows=4 year=2023
2026-09-23 07:20:20 [info     ] downloading                    url=https://data.binance.vision/data/spot/monthly/klines/BTCUSDT/1w/BTCUSDT-1w-2023-03.zip
2026-09-23 07:20:21 [info     ] imported_batch                 batch=1/1 interval=1w month=3 pair=BTC/USDT rows=4 year=2023
2026-09-23 07:20:21 [info     ] imported                       batches=1 interval=1w month=3 pair=BTC/USDT rows=4 year=2023
2026-09-23 07:20:21 [info     ] downloading                    url=https://data.binance.vision/data/spot/monthly/klines/BTCUSDT/1w/BTCUSDT-1w-2023-04.zip
2026-09-23 07:20:22 [info     ] imported_batch                 batch=1/1 interval=1w month=4 pair=BTC/USDT rows=4 year=2023
2026-09-23 07:20:22 [info     ] imported                       batches=1 interval=1w month=4 pair=BTC/USDT rows=4 year=2023
2026-09-23 07:20:22 [info     ] downloading                    url=https://data.binance.vision/data/spot/monthly/klines/BTCUSDT/1w/BTCUSDT-1w-2023-05.zip
2026-09-23 07:20:22 [info     ] imported_batch                 batch=1/1 interval=1w month=5 pair=BTC/USDT rows=5 year=2023
2026-09-23 07:20:22 [info     ] imported                       batches=1 interval=1w month=5 pair=BTC/USDT rows=5 year=2023
2026-09-23 07:20:22 [info     ] downloading                    url=https://data.binance.vision/data/spot/monthly/klines/BTCUSDT/1w/BTCUSDT-1w-2023-06.zip
2026-09-23 07:20:23 [info     ] imported_batch                 batch=1/1 interval=1w month=6 pair=BTC/USDT rows=4 year=2023
2026-09-23 07:20:23 [info     ] imported                       batches=1 interval=1w month=6 pair=BTC/USDT rows=4 year=2023
2026-09-23 07:20:23 [info     ] downloading                    url=https://data.binance.vision/data/spot/monthly/klines/BTCUSDT/1w/BTCUSDT-1w-2023-07.zip
2026-09-23 07:20:24 [info     ] imported_batch                 batch=1/1 interval=1w month=7 pair=BTC/USDT rows=5 year=2023
2026-09-23 07:20:24 [info     ] imported                       batches=1 interval=1w month=7 pair=BTC/USDT rows=5 year=2023
2026-09-23 07:20:24 [info     ] downloading                    url=https://data.binance.vision/data/spot/monthly/klines/BTCUSDT/1w/BTCUSDT-1w-2023-08.zip
2026-09-23 07:20:24 [info     ] imported_batch                 batch=1/1 interval=1w month=8 pair=BTC/USDT rows=4 year=2023
2026-09-23 07:20:24 [info     ] imported                       batches=1 interval=1w month=8 pair=BTC/USDT rows=4 year=2023
2026-09-23 07:20:24 [info     ] downloading                    url=https://data.binance.vision/data/spot/monthly/klines/BTCUSDT/1w/BTCUSDT-1w-2023-09.zip
2026-09-23 07:20:24 [info     ] imported_batch                 batch=1/1 interval=1w month=9 pair=BTC/USDT rows=4 year=2023
2026-09-23 07:20:25 [info     ] imported                       batches=1 interval=1w month=9 pair=BTC/USDT rows=4 year=2023
2026-09-23 07:20:25 [info     ] downloading                    url=https://data.binance.vision/data/spot/monthly/klines/BTCUSDT/1w/BTCUSDT-1w-2023-10.zip
2026-09-23 07:20:25 [info     ] imported_batch                 batch=1/1 interval=1w month=10 pair=BTC/USDT rows=5 year=2023
2026-09-23 07:20:25 [info     ] imported                       batches=1 interval=1w month=10 pair=BTC/USDT rows=5 year=2023
2026-09-23 07:20:25 [info     ] downloading                    url=https://data.binance.vision/data/spot/monthly/klines/BTCUSDT/1w/BTCUSDT-1w-2023-11.zip
2026-09-23 07:20:26 [info     ] imported_batch                 batch=1/1 interval=1w month=11 pair=BTC/USDT rows=4 year=2023
2026-09-23 07:20:26 [info     ] imported                       batches=1 interval=1w month=11 pair=BTC/USDT rows=4 year=2023
2026-09-23 07:20:26 [info     ] downloading                    url=https://data.binance.vision/data/spot/monthly/klines/BTCUSDT/1w/BTCUSDT-1w-2023-12.zip
2026-09-23 07:20:26 [info     ] imported_batch                 batch=1/1 interval=1w month=12 pair=BTC/USDT rows=4 year=2023
2026-09-23 07:20:26 [info     ] imported                       batches=1 interval=1w month=12 pair=BTC/USDT rows=4 year=2023
2026-09-23 07:20:26 [info     ] downloading                    url=https://data.binance.vision/data/spot/monthly/klines/BTCUSDT/1w/BTCUSDT-1w-2024-01.zip
2026-09-23 07:20:27 [info     ] imported_batch                 batch=1/1 interval=1w month=1 pair=BTC/USDT rows=5 year=2024
2026-09-23 07:20:27 [info     ] imported                       batches=1 interval=1w month=1 pair=BTC/USDT rows=5 year=2024
2026-09-23 07:20:27 [info     ] downloading                    url=https://data.binance.vision/data/spot/monthly/klines/BTCUSDT/1w/BTCUSDT-1w-2024-02.zip
2026-09-23 07:20:27 [info     ] imported_batch                 batch=1/1 interval=1w month=2 pair=BTC/USDT rows=4 year=2024
2026-09-23 07:20:27 [info     ] imported                       batches=1 interval=1w month=2 pair=BTC/USDT rows=4 year=2024
2026-09-23 07:20:27 [info     ] downloading                    url=https://data.binance.vision/data/spot/monthly/klines/BTCUSDT/1w/BTCUSDT-1w-2024-03.zip
2026-09-23 07:20:28 [info     ] imported_batch                 batch=1/1 interval=1w month=3 pair=BTC/USDT rows=4 year=2024
2026-09-23 07:20:28 [info     ] imported                       batches=1 interval=1w month=3 pair=BTC/USDT rows=4 year=2024
2026-09-23 07:20:28 [info     ] downloading                    url=https://data.binance.vision/data/spot/monthly/klines/BTCUSDT/1w/BTCUSDT-1w-2024-04.zip
2026-09-23 07:20:29 [info     ] imported_batch                 batch=1/1 interval=1w month=4 pair=BTC/USDT rows=5 year=2024
2026-09-23 07:20:29 [info     ] imported                       batches=1 interval=1w month=4 pair=BTC/USDT rows=5 year=2024
2026-09-23 07:20:29 [info     ] downloading                    url=https://data.binance.vision/data/spot/monthly/klines/BTCUSDT/1w/BTCUSDT-1w-2024-05.zip
2026-09-23 07:20:29 [info     ] imported_batch                 batch=1/1 interval=1w month=5 pair=BTC/USDT rows=4 year=2024
2026-09-23 07:20:29 [info     ] imported                       batches=1 interval=1w month=5 pair=BTC/USDT rows=4 year=2024
2026-09-23 07:20:29 [info     ] downloading                    url=https://data.binance.vision/data/spot/monthly/klines/BTCUSDT/1w/BTCUSDT-1w-2024-06.zip
2026-09-23 07:20:29 [info     ] imported_batch                 batch=1/1 interval=1w month=6 pair=BTC/USDT rows=4 year=2024
2026-09-23 07:20:29 [info     ] imported                       batches=1 interval=1w month=6 pair=BTC/USDT rows=4 year=2024
2026-09-23 07:20:29 [info     ] downloading                    url=https://data.binance.vision/data/spot/monthly/klines/BTCUSDT/1w/BTCUSDT-1w-2024-07.zip
2026-09-23 07:20:30 [info     ] imported_batch                 batch=1/1 interval=1w month=7 pair=BTC/USDT rows=5 year=2024
2026-09-23 07:20:30 [info     ] imported                       batches=1 interval=1w month=7 pair=BTC/USDT rows=5 year=2024
2026-09-23 07:20:30 [info     ] downloading                    url=https://data.binance.vision/data/spot/monthly/klines/BTCUSDT/1w/BTCUSDT-1w-2024-08.zip
2026-09-23 07:20:30 [info     ] imported_batch                 batch=1/1 interval=1w month=8 pair=BTC/USDT rows=4 year=2024
2026-09-23 07:20:30 [info     ] imported                       batches=1 interval=1w month=8 pair=BTC/USDT rows=4 year=2024
2026-09-23 07:20:30 [info     ] downloading                    url=https://data.binance.vision/data/spot/monthly/klines/BTCUSDT/1w/BTCUSDT-1w-2024-09.zip
2026-09-23 07:20:30 [info     ] imported_batch                 batch=1/1 interval=1w month=9 pair=BTC/USDT rows=5 year=2024
2026-09-23 07:20:30 [info     ] imported                       batches=1 interval=1w month=9 pair=BTC/USDT rows=5 year=2024
2026-09-23 07:20:30 [info     ] downloading                    url=https://data.binance.vision/data/spot/monthly/klines/BTCUSDT/1w/BTCUSDT-1w-2024-10.zip
2026-09-23 07:20:31 [info     ] imported_batch                 batch=1/1 interval=1w month=10 pair=BTC/USDT rows=4 year=2024
2026-09-23 07:20:31 [info     ] imported                       batches=1 interval=1w month=10 pair=BTC/USDT rows=4 year=2024
2026-09-23 07:20:31 [info     ] downloading                    url=https://data.binance.vision/data/spot/monthly/klines/BTCUSDT/1w/BTCUSDT-1w-2024-11.zip
2026-09-23 07:20:32 [info     ] imported_batch                 batch=1/1 interval=1w month=11 pair=BTC/USDT rows=4 year=2024
2026-09-23 07:20:32 [info     ] imported                       batches=1 interval=1w month=11 pair=BTC/USDT rows=4 year=2024
2026-09-23 07:20:32 [info     ] downloading                    url=https://data.binance.vision/data/spot/monthly/klines/BTCUSDT/1w/BTCUSDT-1w-2024-12.zip
2026-09-23 07:20:33 [info     ] imported_batch                 batch=1/1 interval=1w month=12 pair=BTC/USDT rows=5 year=2024
2026-09-23 07:20:33 [info     ] imported                       batches=1 interval=1w month=12 pair=BTC/USDT rows=5 year=2024
2026-09-23 07:20:33 [info     ] downloading                    url=https://data.binance.vision/data/spot/monthly/klines/BTCUSDT/1w/BTCUSDT-1w-2025-01.zip
2026-09-23 07:20:33 [info     ] imported_batch                 batch=1/1 interval=1w month=1 pair=BTC/USDT rows=3 year=2025
2026-09-23 07:20:33 [info     ] imported                       batches=1 interval=1w month=1 pair=BTC/USDT rows=3 year=2025
2026-09-23 07:20:33 [info     ] downloading                    url=https://data.binance.vision/data/spot/monthly/klines/BTCUSDT/1w/BTCUSDT-1w-2025-02.zip
2026-09-23 07:20:34 [info     ] imported_batch                 batch=1/1 interval=1w month=2 pair=BTC/USDT rows=3 year=2025
2026-09-23 07:20:34 [info     ] imported                       batches=1 interval=1w month=2 pair=BTC/USDT rows=3 year=2025
2026-09-23 07:20:34 [info     ] downloading                    url=https://data.binance.vision/data/spot/monthly/klines/BTCUSDT/1w/BTCUSDT-1w-2025-03.zip
2026-09-23 07:20:34 [info     ] imported_batch                 batch=1/1 interval=1w month=3 pair=BTC/USDT rows=5 year=2025
2026-09-23 07:20:34 [info     ] imported                       batches=1 interval=1w month=3 pair=BTC/USDT rows=5 year=2025
2026-09-23 07:20:34 [info     ] downloading                    url=https://data.binance.vision/data/spot/monthly/klines/BTCUSDT/1w/BTCUSDT-1w-2025-04.zip
2026-09-23 07:20:35 [info     ] imported_batch                 batch=1/1 interval=1w month=4 pair=BTC/USDT rows=4 year=2025
2026-09-23 07:20:35 [info     ] imported                       batches=1 interval=1w month=4 pair=BTC/USDT rows=4 year=2025
2026-09-23 07:20:35 [info     ] downloading                    url=https://data.binance.vision/data/spot/monthly/klines/BTCUSDT/1w/BTCUSDT-1w-2025-05.zip
2026-09-23 07:20:35 [info     ] imported_batch                 batch=1/1 interval=1w month=5 pair=BTC/USDT rows=4 year=2025
2026-09-23 07:20:35 [info     ] imported                       batches=1 interval=1w month=5 pair=BTC/USDT rows=4 year=2025
2026-09-23 07:20:35 [info     ] downloading                    url=https://data.binance.vision/data/spot/monthly/klines/BTCUSDT/1w/BTCUSDT-1w-2025-06.zip
2026-09-23 07:20:36 [info     ] imported_batch                 batch=1/1 interval=1w month=6 pair=BTC/USDT rows=5 year=2025
2026-09-23 07:20:36 [info     ] imported                       batches=1 interval=1w month=6 pair=BTC/USDT rows=5 year=2025
2026-09-23 07:20:36 [info     ] downloading                    url=https://data.binance.vision/data/spot/monthly/klines/BTCUSDT/1w/BTCUSDT-1w-2025-07.zip
2026-09-23 07:20:36 [info     ] imported_batch                 batch=1/1 interval=1w month=7 pair=BTC/USDT rows=4 year=2025
2026-09-23 07:20:36 [info     ] imported                       batches=1 interval=1w month=7 pair=BTC/USDT rows=4 year=2025
2026-09-23 07:20:36 [info     ] downloading                    url=https://data.binance.vision/data/spot/monthly/klines/BTCUSDT/1w/BTCUSDT-1w-2025-08.zip
2026-09-23 07:20:37 [info     ] imported_batch                 batch=1/1 interval=1w month=8 pair=BTC/USDT rows=4 year=2025
2026-09-23 07:20:37 [info     ] imported                       batches=1 interval=1w month=8 pair=BTC/USDT rows=4 year=2025
2026-09-23 07:20:37 [info     ] downloading                    url=https://data.binance.vision/data/spot/monthly/klines/BTCUSDT/1w/BTCUSDT-1w-2025-09.zip
2026-09-23 07:20:38 [info     ] imported_batch                 batch=1/1 interval=1w month=9 pair=BTC/USDT rows=5 year=2025
2026-09-23 07:20:38 [info     ] imported                       batches=1 interval=1w month=9 pair=BTC/USDT rows=5 year=2025
2026-09-23 07:20:38 [info     ] downloading                    url=https://data.binance.vision/data/spot/monthly/klines/BTCUSDT/1w/BTCUSDT-1w-2025-10.zip
2026-09-23 07:20:38 [info     ] imported_batch                 batch=1/1 interval=1w month=10 pair=BTC/USDT rows=4 year=2025
2026-09-23 07:20:38 [info     ] imported                       batches=1 interval=1w month=10 pair=BTC/USDT rows=4 year=2025
2026-09-23 07:20:38 [info     ] downloading                    url=https://data.binance.vision/data/spot/monthly/klines/BTCUSDT/1w/BTCUSDT-1w-2025-11.zip
2026-09-23 07:20:39 [info     ] imported_batch                 batch=1/1 interval=1w month=11 pair=BTC/USDT rows=4 year=2025
2026-09-23 07:20:39 [info     ] imported                       batches=1 interval=1w month=11 pair=BTC/USDT rows=4 year=2025
2026-09-23 07:20:39 [info     ] downloading                    url=https://data.binance.vision/data/spot/monthly/klines/BTCUSDT/1w/BTCUSDT-1w-2025-12.zip
2026-09-23 07:20:40 [info     ] imported_batch                 batch=1/1 interval=1w month=12 pair=BTC/USDT rows=5 year=2025
2026-09-23 07:20:40 [info     ] imported                       batches=1 interval=1w month=12 pair=BTC/USDT rows=5 year=2025
2026-09-23 07:20:40 [info     ] progress                       pct=32.7% processed=400 total=1224 total_rows=858591
2026-09-23 07:20:40 [info     ] downloading                    url=https://data.binance.vision/data/spot/monthly/klines/BTCUSDT/1w/BTCUSDT-1w-2026-01.zip
2026-09-23 07:20:40 [info     ] imported_batch                 batch=1/1 interval=1w month=1 pair=BTC/USDT rows=4 year=2026
2026-09-23 07:20:40 [info     ] imported                       batches=1 interval=1w month=1 pair=BTC/USDT rows=4 year=2026
2026-09-23 07:20:40 [info     ] downloading                    url=https://data.binance.vision/data/spot/monthly/klines/BTCUSDT/1w/BTCUSDT-1w-2026-02.zip
2026-09-23 07:20:40 [info     ] imported_batch                 batch=1/1 interval=1w month=2 pair=BTC/USDT rows=4 year=2026
2026-09-23 07:20:40 [info     ] imported                       batches=1 interval=1w month=2 pair=BTC/USDT rows=4 year=2026
2026-09-23 07:20:40 [info     ] downloading                    url=https://data.binance.vision/data/spot/monthly/klines/BTCUSDT/1w/BTCUSDT-1w-2026-03.zip
2026-09-23 07:20:41 [info     ] imported_batch                 batch=1/1 interval=1w month=3 pair=BTC/USDT rows=5 year=2026
2026-09-23 07:20:41 [info     ] imported                       batches=1 interval=1w month=3 pair=BTC/USDT rows=5 year=2026
2026-09-23 07:20:41 [info     ] downloading                    url=https://data.binance.vision/data/spot/monthly/klines/BTCUSDT/1w/BTCUSDT-1w-2026-04.zip
2026-09-23 07:20:42 [info     ] imported_batch                 batch=1/1 interval=1w month=4 pair=BTC/USDT rows=4 year=2026
2026-09-23 07:20:42 [info     ] imported                       batches=1 interval=1w month=4 pair=BTC/USDT rows=4 year=2026
2026-09-23 07:20:42 [info     ] downloading                    url=https://data.binance.vision/data/spot/monthly/klines/BTCUSDT/1w/BTCUSDT-1w-2026-05.zip
2026-09-23 07:20:43 [info     ] imported_batch                 batch=1/1 interval=1w month=5 pair=BTC/USDT rows=4 year=2026
2026-09-23 07:20:43 [info     ] imported                       batches=1 interval=1w month=5 pair=BTC/USDT rows=4 year=2026
2026-09-23 07:20:43 [info     ] downloading                    url=https://data.binance.vision/data/spot/monthly/klines/BTCUSDT/1w/BTCUSDT-1w-2026-06.zip
2026-09-23 07:20:43 [info     ] imported_batch                 batch=1/1 interval=1w month=6 pair=BTC/USDT rows=5 year=2026
2026-09-23 07:20:43 [info     ] imported                       batches=1 interval=1w month=6 pair=BTC/USDT rows=5 year=2026
2026-09-23 07:20:43 [info     ] downloading                    url=https://data.binance.vision/data/spot/monthly/klines/BTCUSDT/1w/BTCUSDT-1w-2026-07.zip
2026-09-23 07:20:43 [debug    ] file_not_found                 url=https://data.binance.vision/data/spot/monthly/klines/BTCUSDT/1w/BTCUSDT-1w-2026-07.zip
2026-09-23 07:20:43 [info     ] downloading                    url=https://data.binance.vision/data/spot/monthly/klines/BTCUSDT/1w/BTCUSDT-1w-2026-08.zip
2026-09-23 07:20:44 [debug    ] file_not_found                 url=https://data.binance.vision/data/spot/monthly/klines/BTCUSDT/1w/BTCUSDT-1w-2026-08.zip
2026-09-23 07:20:44 [info     ] downloading                    url=https://data.binance.vision/data/spot/monthly/klines/ETHUSDT/5m/ETHUSDT-5m-2021-01.zip
2026-09-23 07:20:49 [info     ] imported_batch                 batch=9/9 interval=5m month=1 pair=ETH/USDT rows=8928 year=2021
2026-09-23 07:20:49 [info     ] imported                       batches=9 interval=5m month=1 pair=ETH/USDT rows=8928 year=2021
2026-09-23 07:20:49 [info     ] downloading                    url=https://data.binance.vision/data/spot/monthly/klines/ETHUSDT/5m/ETHUSDT-5m-2021-02.zip
2026-09-23 07:20:54 [info     ] imported_batch                 batch=9/9 interval=5m month=2 pair=ETH/USDT rows=8049 year=2021
2026-09-23 07:20:54 [info     ] imported                       batches=9 interval=5m month=2 pair=ETH/USDT rows=8049 year=2021
2026-09-23 07:20:54 [info     ] downloading                    url=https://data.binance.vision/data/spot/monthly/klines/ETHUSDT/5m/ETHUSDT-5m-2021-03.zip
2026-09-23 07:20:58 [info     ] imported_batch                 batch=9/9 interval=5m month=3 pair=ETH/USDT rows=8910 year=2021
2026-09-23 07:20:58 [info     ] imported                       batches=9 interval=5m month=3 pair=ETH/USDT rows=8910 year=2021
2026-09-23 07:20:58 [info     ] downloading                    url=https://data.binance.vision/data/spot/monthly/klines/ETHUSDT/5m/ETHUSDT-5m-2021-04.zip
2026-09-23 07:21:03 [info     ] imported_batch                 batch=9/9 interval=5m month=4 pair=ETH/USDT rows=8554 year=2021
2026-09-23 07:21:03 [info     ] imported                       batches=9 interval=5m month=4 pair=ETH/USDT rows=8554 year=2021
2026-09-23 07:21:03 [info     ] downloading                    url=https://data.binance.vision/data/spot/monthly/klines/ETHUSDT/5m/ETHUSDT-5m-2021-05.zip
2026-09-23 07:21:07 [info     ] imported_batch                 batch=9/9 interval=5m month=5 pair=ETH/USDT rows=8928 year=2021
2026-09-23 07:21:07 [info     ] imported                       batches=9 interval=5m month=5 pair=ETH/USDT rows=8928 year=2021
2026-09-23 07:21:07 [info     ] downloading                    url=https://data.binance.vision/data/spot/monthly/klines/ETHUSDT/5m/ETHUSDT-5m-2021-06.zip
2026-09-23 07:21:12 [info     ] imported_batch                 batch=9/9 interval=5m month=6 pair=ETH/USDT rows=8640 year=2021
2026-09-23 07:21:12 [info     ] imported                       batches=9 interval=5m month=6 pair=ETH/USDT rows=8640 year=2021
2026-09-23 07:21:12 [info     ] downloading                    url=https://data.binance.vision/data/spot/monthly/klines/ETHUSDT/5m/ETHUSDT-5m-2021-07.zip
2026-09-23 07:21:17 [info     ] imported_batch                 batch=9/9 interval=5m month=7 pair=ETH/USDT rows=8928 year=2021
2026-09-23 07:21:17 [info     ] imported                       batches=9 interval=5m month=7 pair=ETH/USDT rows=8928 year=2021
2026-09-23 07:21:17 [info     ] downloading                    url=https://data.binance.vision/data/spot/monthly/klines/ETHUSDT/5m/ETHUSDT-5m-2021-08.zip
2026-09-23 07:21:21 [info     ] imported_batch                 batch=9/9 interval=5m month=8 pair=ETH/USDT rows=8874 year=2021
2026-09-23 07:21:21 [info     ] imported                       batches=9 interval=5m month=8 pair=ETH/USDT rows=8874 year=2021
2026-09-23 07:21:21 [info     ] downloading                    url=https://data.binance.vision/data/spot/monthly/klines/ETHUSDT/5m/ETHUSDT-5m-2021-09.zip
2026-09-23 07:21:26 [info     ] imported_batch                 batch=9/9 interval=5m month=9 pair=ETH/USDT rows=8616 year=2021
2026-09-23 07:21:26 [info     ] imported                       batches=9 interval=5m month=9 pair=ETH/USDT rows=8616 year=2021
2026-09-23 07:21:26 [info     ] downloading                    url=https://data.binance.vision/data/spot/monthly/klines/ETHUSDT/5m/ETHUSDT-5m-2021-10.zip
2026-09-23 07:21:31 [info     ] imported_batch                 batch=9/9 interval=5m month=10 pair=ETH/USDT rows=8928 year=2021
2026-09-23 07:21:31 [info     ] imported                       batches=9 interval=5m month=10 pair=ETH/USDT rows=8928 year=2021
2026-09-23 07:21:31 [info     ] downloading                    url=https://data.binance.vision/data/spot/monthly/klines/ETHUSDT/5m/ETHUSDT-5m-2021-11.zip
2026-09-23 07:21:36 [info     ] imported_batch                 batch=9/9 interval=5m month=11 pair=ETH/USDT rows=8640 year=2021
2026-09-23 07:21:36 [info     ] imported                       batches=9 interval=5m month=11 pair=ETH/USDT rows=8640 year=2021
2026-09-23 07:21:36 [info     ] downloading                    url=https://data.binance.vision/data/spot/monthly/klines/ETHUSDT/5m/ETHUSDT-5m-2021-12.zip
2026-09-23 07:21:40 [info     ] imported_batch                 batch=9/9 interval=5m month=12 pair=ETH/USDT rows=8928 year=2021
2026-09-23 07:21:40 [info     ] imported                       batches=9 interval=5m month=12 pair=ETH/USDT rows=8928 year=2021
2026-09-23 07:21:41 [info     ] downloading                    url=https://data.binance.vision/data/spot/monthly/klines/ETHUSDT/5m/ETHUSDT-5m-2022-01.zip
2026-09-23 07:21:46 [info     ] imported_batch                 batch=9/9 interval=5m month=1 pair=ETH/USDT rows=8928 year=2022
2026-09-23 07:21:46 [info     ] imported                       batches=9 interval=5m month=1 pair=ETH/USDT rows=8928 year=2022
2026-09-23 07:21:46 [info     ] downloading                    url=https://data.binance.vision/data/spot/monthly/klines/ETHUSDT/5m/ETHUSDT-5m-2022-02.zip
2026-09-23 07:21:50 [info     ] imported_batch                 batch=9/9 interval=5m month=2 pair=ETH/USDT rows=8064 year=2022
2026-09-23 07:21:50 [info     ] imported                       batches=9 interval=5m month=2 pair=ETH/USDT rows=8064 year=2022
2026-09-23 07:21:50 [info     ] downloading                    url=https://data.binance.vision/data/spot/monthly/klines/ETHUSDT/5m/ETHUSDT-5m-2022-03.zip
2026-09-23 07:21:54 [info     ] imported_batch                 batch=9/9 interval=5m month=3 pair=ETH/USDT rows=8928 year=2022
2026-09-23 07:21:54 [info     ] imported                       batches=9 interval=5m month=3 pair=ETH/USDT rows=8928 year=2022
2026-09-23 07:21:54 [info     ] downloading                    url=https://data.binance.vision/data/spot/monthly/klines/ETHUSDT/5m/ETHUSDT-5m-2022-04.zip
2026-09-23 07:21:59 [info     ] imported_batch                 batch=9/9 interval=5m month=4 pair=ETH/USDT rows=8640 year=2022
2026-09-23 07:21:59 [info     ] imported                       batches=9 interval=5m month=4 pair=ETH/USDT rows=8640 year=2022
2026-09-23 07:21:59 [info     ] downloading                    url=https://data.binance.vision/data/spot/monthly/klines/ETHUSDT/5m/ETHUSDT-5m-2022-05.zip
2026-09-23 07:22:04 [info     ] imported_batch                 batch=9/9 interval=5m month=5 pair=ETH/USDT rows=8928 year=2022
2026-09-23 07:22:04 [info     ] imported                       batches=9 interval=5m month=5 pair=ETH/USDT rows=8928 year=2022
2026-09-23 07:22:04 [info     ] downloading                    url=https://data.binance.vision/data/spot/monthly/klines/ETHUSDT/5m/ETHUSDT-5m-2022-06.zip
2026-09-23 07:22:08 [info     ] imported_batch                 batch=9/9 interval=5m month=6 pair=ETH/USDT rows=8640 year=2022
2026-09-23 07:22:08 [info     ] imported                       batches=9 interval=5m month=6 pair=ETH/USDT rows=8640 year=2022
2026-09-23 07:22:08 [info     ] downloading                    url=https://data.binance.vision/data/spot/monthly/klines/ETHUSDT/5m/ETHUSDT-5m-2022-07.zip
2026-09-23 07:22:13 [info     ] imported_batch                 batch=9/9 interval=5m month=7 pair=ETH/USDT rows=8928 year=2022
2026-09-23 07:22:13 [info     ] imported                       batches=9 interval=5m month=7 pair=ETH/USDT rows=8928 year=2022
2026-09-23 07:22:13 [info     ] downloading                    url=https://data.binance.vision/data/spot/monthly/klines/ETHUSDT/5m/ETHUSDT-5m-2022-08.zip
2026-09-23 07:22:17 [info     ] imported_batch                 batch=9/9 interval=5m month=8 pair=ETH/USDT rows=8928 year=2022
2026-09-23 07:22:17 [info     ] imported                       batches=9 interval=5m month=8 pair=ETH/USDT rows=8928 year=2022
2026-09-23 07:22:17 [info     ] downloading                    url=https://data.binance.vision/data/spot/monthly/klines/ETHUSDT/5m/ETHUSDT-5m-2022-09.zip
2026-09-23 07:22:22 [info     ] imported_batch                 batch=9/9 interval=5m month=9 pair=ETH/USDT rows=8640 year=2022
2026-09-23 07:22:22 [info     ] imported                       batches=9 interval=5m month=9 pair=ETH/USDT rows=8640 year=2022
2026-09-23 07:22:22 [info     ] downloading                    url=https://data.binance.vision/data/spot/monthly/klines/ETHUSDT/5m/ETHUSDT-5m-2022-10.zip
2026-09-23 07:22:26 [info     ] imported_batch                 batch=9/9 interval=5m month=10 pair=ETH/USDT rows=8928 year=2022
2026-09-23 07:22:26 [info     ] imported                       batches=9 interval=5m month=10 pair=ETH/USDT rows=8928 year=2022
2026-09-23 07:22:26 [info     ] downloading                    url=https://data.binance.vision/data/spot/monthly/klines/ETHUSDT/5m/ETHUSDT-5m-2022-11.zip
2026-09-23 07:22:31 [info     ] imported_batch                 batch=9/9 interval=5m month=11 pair=ETH/USDT rows=8640 year=2022
2026-09-23 07:22:31 [info     ] imported                       batches=9 interval=5m month=11 pair=ETH/USDT rows=8640 year=2022
2026-09-23 07:22:31 [info     ] downloading                    url=https://data.binance.vision/data/spot/monthly/klines/ETHUSDT/5m/ETHUSDT-5m-2022-12.zip
2026-09-23 07:22:35 [info     ] imported_batch                 batch=9/9 interval=5m month=12 pair=ETH/USDT rows=8928 year=2022
2026-09-23 07:22:35 [info     ] imported                       batches=9 interval=5m month=12 pair=ETH/USDT rows=8928 year=2022
2026-09-23 07:22:35 [info     ] downloading                    url=https://data.binance.vision/data/spot/monthly/klines/ETHUSDT/5m/ETHUSDT-5m-2023-01.zip
2026-09-23 07:22:40 [info     ] imported_batch                 batch=9/9 interval=5m month=1 pair=ETH/USDT rows=8928 year=2023
2026-09-23 07:22:40 [info     ] imported                       batches=9 interval=5m month=1 pair=ETH/USDT rows=8928 year=2023
2026-09-23 07:22:40 [info     ] downloading                    url=https://data.binance.vision/data/spot/monthly/klines/ETHUSDT/5m/ETHUSDT-5m-2023-02.zip
2026-09-23 07:22:44 [info     ] imported_batch                 batch=9/9 interval=5m month=2 pair=ETH/USDT rows=8064 year=2023
2026-09-23 07:22:44 [info     ] imported                       batches=9 interval=5m month=2 pair=ETH/USDT rows=8064 year=2023
2026-09-23 07:22:44 [info     ] downloading                    url=https://data.binance.vision/data/spot/monthly/klines/ETHUSDT/5m/ETHUSDT-5m-2023-03.zip
2026-09-23 07:22:49 [info     ] imported_batch                 batch=9/9 interval=5m month=3 pair=ETH/USDT rows=8912 year=2023
2026-09-23 07:22:49 [info     ] imported                       batches=9 interval=5m month=3 pair=ETH/USDT rows=8912 year=2023
2026-09-23 07:22:49 [info     ] downloading                    url=https://data.binance.vision/data/spot/monthly/klines/ETHUSDT/5m/ETHUSDT-5m-2023-04.zip
2026-09-23 07:22:53 [info     ] imported_batch                 batch=9/9 interval=5m month=4 pair=ETH/USDT rows=8640 year=2023
2026-09-23 07:22:53 [info     ] imported                       batches=9 interval=5m month=4 pair=ETH/USDT rows=8640 year=2023
2026-09-23 07:22:53 [info     ] downloading                    url=https://data.binance.vision/data/spot/monthly/klines/ETHUSDT/5m/ETHUSDT-5m-2023-05.zip
2026-09-23 07:22:57 [info     ] imported_batch                 batch=9/9 interval=5m month=5 pair=ETH/USDT rows=8928 year=2023
2026-09-23 07:22:57 [info     ] imported                       batches=9 interval=5m month=5 pair=ETH/USDT rows=8928 year=2023
2026-09-23 07:22:57 [info     ] downloading                    url=https://data.binance.vision/data/spot/monthly/klines/ETHUSDT/5m/ETHUSDT-5m-2023-06.zip
2026-09-23 07:23:02 [info     ] imported_batch                 batch=9/9 interval=5m month=6 pair=ETH/USDT rows=8640 year=2023
2026-09-23 07:23:02 [info     ] imported                       batches=9 interval=5m month=6 pair=ETH/USDT rows=8640 year=2023
2026-09-23 07:23:02 [info     ] downloading                    url=https://data.binance.vision/data/spot/monthly/klines/ETHUSDT/5m/ETHUSDT-5m-2023-07.zip
2026-09-23 07:23:07 [info     ] imported_batch                 batch=9/9 interval=5m month=7 pair=ETH/USDT rows=8928 year=2023
2026-09-23 07:23:07 [info     ] imported                       batches=9 interval=5m month=7 pair=ETH/USDT rows=8928 year=2023
2026-09-23 07:23:07 [info     ] downloading                    url=https://data.binance.vision/data/spot/monthly/klines/ETHUSDT/5m/ETHUSDT-5m-2023-08.zip
2026-09-23 07:23:12 [info     ] imported_batch                 batch=9/9 interval=5m month=8 pair=ETH/USDT rows=8928 year=2023
2026-09-23 07:23:12 [info     ] imported                       batches=9 interval=5m month=8 pair=ETH/USDT rows=8928 year=2023
2026-09-23 07:23:12 [info     ] downloading                    url=https://data.binance.vision/data/spot/monthly/klines/ETHUSDT/5m/ETHUSDT-5m-2023-09.zip
2026-09-23 07:23:16 [info     ] imported_batch                 batch=9/9 interval=5m month=9 pair=ETH/USDT rows=8640 year=2023
2026-09-23 07:23:16 [info     ] imported                       batches=9 interval=5m month=9 pair=ETH/USDT rows=8640 year=2023
2026-09-23 07:23:16 [info     ] downloading                    url=https://data.binance.vision/data/spot/monthly/klines/ETHUSDT/5m/ETHUSDT-5m-2023-10.zip
2026-09-23 07:23:21 [info     ] imported_batch                 batch=9/9 interval=5m month=10 pair=ETH/USDT rows=8928 year=2023
2026-09-23 07:23:21 [info     ] imported                       batches=9 interval=5m month=10 pair=ETH/USDT rows=8928 year=2023
2026-09-23 07:23:21 [info     ] downloading                    url=https://data.binance.vision/data/spot/monthly/klines/ETHUSDT/5m/ETHUSDT-5m-2023-11.zip
2026-09-23 07:23:26 [info     ] imported_batch                 batch=9/9 interval=5m month=11 pair=ETH/USDT rows=8640 year=2023
2026-09-23 07:23:26 [info     ] imported                       batches=9 interval=5m month=11 pair=ETH/USDT rows=8640 year=2023
2026-09-23 07:23:26 [info     ] downloading                    url=https://data.binance.vision/data/spot/monthly/klines/ETHUSDT/5m/ETHUSDT-5m-2023-12.zip
2026-09-23 07:23:31 [info     ] imported_batch                 batch=9/9 interval=5m month=12 pair=ETH/USDT rows=8928 year=2023
2026-09-23 07:23:31 [info     ] imported                       batches=9 interval=5m month=12 pair=ETH/USDT rows=8928 year=2023
2026-09-23 07:23:31 [info     ] downloading                    url=https://data.binance.vision/data/spot/monthly/klines/ETHUSDT/5m/ETHUSDT-5m-2024-01.zip
2026-09-23 07:23:36 [info     ] imported_batch                 batch=9/9 interval=5m month=1 pair=ETH/USDT rows=8928 year=2024
2026-09-23 07:23:36 [info     ] imported                       batches=9 interval=5m month=1 pair=ETH/USDT rows=8928 year=2024
2026-09-23 07:23:36 [info     ] downloading                    url=https://data.binance.vision/data/spot/monthly/klines/ETHUSDT/5m/ETHUSDT-5m-2024-02.zip
2026-09-23 07:23:40 [info     ] imported_batch                 batch=9/9 interval=5m month=2 pair=ETH/USDT rows=8352 year=2024
2026-09-23 07:23:40 [info     ] imported                       batches=9 interval=5m month=2 pair=ETH/USDT rows=8352 year=2024
2026-09-23 07:23:40 [info     ] downloading                    url=https://data.binance.vision/data/spot/monthly/klines/ETHUSDT/5m/ETHUSDT-5m-2024-03.zip
2026-09-23 07:23:45 [info     ] imported_batch                 batch=9/9 interval=5m month=3 pair=ETH/USDT rows=8928 year=2024
2026-09-23 07:23:45 [info     ] imported                       batches=9 interval=5m month=3 pair=ETH/USDT rows=8928 year=2024
2026-09-23 07:23:45 [info     ] downloading                    url=https://data.binance.vision/data/spot/monthly/klines/ETHUSDT/5m/ETHUSDT-5m-2024-04.zip
2026-09-23 07:23:49 [info     ] imported_batch                 batch=9/9 interval=5m month=4 pair=ETH/USDT rows=8640 year=2024
2026-09-23 07:23:49 [info     ] imported                       batches=9 interval=5m month=4 pair=ETH/USDT rows=8640 year=2024
2026-09-23 07:23:49 [info     ] downloading                    url=https://data.binance.vision/data/spot/monthly/klines/ETHUSDT/5m/ETHUSDT-5m-2024-05.zip
2026-09-23 07:23:53 [info     ] imported_batch                 batch=9/9 interval=5m month=5 pair=ETH/USDT rows=8928 year=2024
2026-09-23 07:23:53 [info     ] imported                       batches=9 interval=5m month=5 pair=ETH/USDT rows=8928 year=2024
2026-09-23 07:23:53 [info     ] downloading                    url=https://data.binance.vision/data/spot/monthly/klines/ETHUSDT/5m/ETHUSDT-5m-2024-06.zip
2026-09-23 07:23:58 [info     ] imported_batch                 batch=9/9 interval=5m month=6 pair=ETH/USDT rows=8640 year=2024
2026-09-23 07:23:58 [info     ] imported                       batches=9 interval=5m month=6 pair=ETH/USDT rows=8640 year=2024
2026-09-23 07:23:58 [info     ] progress                       pct=36.8% processed=450 total=1224 total_rows=1226180
2026-09-23 07:23:58 [info     ] downloading                    url=https://data.binance.vision/data/spot/monthly/klines/ETHUSDT/5m/ETHUSDT-5m-2024-07.zip
2026-09-23 07:24:03 [info     ] imported_batch                 batch=9/9 interval=5m month=7 pair=ETH/USDT rows=8928 year=2024
2026-09-23 07:24:03 [info     ] imported                       batches=9 interval=5m month=7 pair=ETH/USDT rows=8928 year=2024
2026-09-23 07:24:03 [info     ] downloading                    url=https://data.binance.vision/data/spot/monthly/klines/ETHUSDT/5m/ETHUSDT-5m-2024-08.zip
2026-09-23 07:24:07 [info     ] imported_batch                 batch=9/9 interval=5m month=8 pair=ETH/USDT rows=8928 year=2024
2026-09-23 07:24:07 [info     ] imported                       batches=9 interval=5m month=8 pair=ETH/USDT rows=8928 year=2024
2026-09-23 07:24:07 [info     ] downloading                    url=https://data.binance.vision/data/spot/monthly/klines/ETHUSDT/5m/ETHUSDT-5m-2024-09.zip
2026-09-23 07:24:12 [info     ] imported_batch                 batch=9/9 interval=5m month=9 pair=ETH/USDT rows=8640 year=2024
2026-09-23 07:24:12 [info     ] imported                       batches=9 interval=5m month=9 pair=ETH/USDT rows=8640 year=2024
2026-09-23 07:24:12 [info     ] downloading                    url=https://data.binance.vision/data/spot/monthly/klines/ETHUSDT/5m/ETHUSDT-5m-2024-10.zip
2026-09-23 07:24:17 [info     ] imported_batch                 batch=9/9 interval=5m month=10 pair=ETH/USDT rows=8928 year=2024
2026-09-23 07:24:17 [info     ] imported                       batches=9 interval=5m month=10 pair=ETH/USDT rows=8928 year=2024
2026-09-23 07:24:17 [info     ] downloading                    url=https://data.binance.vision/data/spot/monthly/klines/ETHUSDT/5m/ETHUSDT-5m-2024-11.zip
2026-09-23 07:24:21 [info     ] imported_batch                 batch=9/9 interval=5m month=11 pair=ETH/USDT rows=8640 year=2024
2026-09-23 07:24:21 [info     ] imported                       batches=9 interval=5m month=11 pair=ETH/USDT rows=8640 year=2024
2026-09-23 07:24:21 [info     ] downloading                    url=https://data.binance.vision/data/spot/monthly/klines/ETHUSDT/5m/ETHUSDT-5m-2024-12.zip
2026-09-23 07:24:26 [info     ] imported_batch                 batch=9/9 interval=5m month=12 pair=ETH/USDT rows=8928 year=2024
2026-09-23 07:24:26 [info     ] imported                       batches=9 interval=5m month=12 pair=ETH/USDT rows=8928 year=2024
2026-09-23 07:24:26 [info     ] downloading                    url=https://data.binance.vision/data/spot/monthly/klines/ETHUSDT/5m/ETHUSDT-5m-2025-01.zip
2026-09-23 07:24:31 [info     ] imported_batch                 batch=9/9 interval=5m month=1 pair=ETH/USDT rows=8928 year=2025
2026-09-23 07:24:31 [info     ] imported                       batches=9 interval=5m month=1 pair=ETH/USDT rows=8928 year=2025
2026-09-23 07:24:31 [info     ] downloading                    url=https://data.binance.vision/data/spot/monthly/klines/ETHUSDT/5m/ETHUSDT-5m-2025-02.zip
2026-09-23 07:24:36 [info     ] imported_batch                 batch=9/9 interval=5m month=2 pair=ETH/USDT rows=8064 year=2025
2026-09-23 07:24:36 [info     ] imported                       batches=9 interval=5m month=2 pair=ETH/USDT rows=8064 year=2025
2026-09-23 07:24:36 [info     ] downloading                    url=https://data.binance.vision/data/spot/monthly/klines/ETHUSDT/5m/ETHUSDT-5m-2025-03.zip
2026-09-23 07:24:40 [info     ] imported_batch                 batch=9/9 interval=5m month=3 pair=ETH/USDT rows=8928 year=2025
2026-09-23 07:24:40 [info     ] imported                       batches=9 interval=5m month=3 pair=ETH/USDT rows=8928 year=2025
2026-09-23 07:24:40 [info     ] downloading                    url=https://data.binance.vision/data/spot/monthly/klines/ETHUSDT/5m/ETHUSDT-5m-2025-04.zip
2026-09-23 07:24:45 [info     ] imported_batch                 batch=9/9 interval=5m month=4 pair=ETH/USDT rows=8640 year=2025
2026-09-23 07:24:45 [info     ] imported                       batches=9 interval=5m month=4 pair=ETH/USDT rows=8640 year=2025
2026-09-23 07:24:45 [info     ] downloading                    url=https://data.binance.vision/data/spot/monthly/klines/ETHUSDT/5m/ETHUSDT-5m-2025-05.zip
2026-09-23 07:24:50 [info     ] imported_batch                 batch=9/9 interval=5m month=5 pair=ETH/USDT rows=8928 year=2025
2026-09-23 07:24:50 [info     ] imported                       batches=9 interval=5m month=5 pair=ETH/USDT rows=8928 year=2025
2026-09-23 07:24:50 [info     ] downloading                    url=https://data.binance.vision/data/spot/monthly/klines/ETHUSDT/5m/ETHUSDT-5m-2025-06.zip
2026-09-23 07:24:54 [info     ] imported_batch                 batch=9/9 interval=5m month=6 pair=ETH/USDT rows=8640 year=2025
2026-09-23 07:24:54 [info     ] imported                       batches=9 interval=5m month=6 pair=ETH/USDT rows=8640 year=2025
2026-09-23 07:24:54 [info     ] downloading                    url=https://data.binance.vision/data/spot/monthly/klines/ETHUSDT/5m/ETHUSDT-5m-2025-07.zip
2026-09-23 07:24:58 [info     ] imported_batch                 batch=9/9 interval=5m month=7 pair=ETH/USDT rows=8928 year=2025
2026-09-23 07:24:58 [info     ] imported                       batches=9 interval=5m month=7 pair=ETH/USDT rows=8928 year=2025
2026-09-23 07:24:58 [info     ] downloading                    url=https://data.binance.vision/data/spot/monthly/klines/ETHUSDT/5m/ETHUSDT-5m-2025-08.zip
2026-09-23 07:25:03 [info     ] imported_batch                 batch=9/9 interval=5m month=8 pair=ETH/USDT rows=8928 year=2025
2026-09-23 07:25:03 [info     ] imported                       batches=9 interval=5m month=8 pair=ETH/USDT rows=8928 year=2025
2026-09-23 07:25:03 [info     ] downloading                    url=https://data.binance.vision/data/spot/monthly/klines/ETHUSDT/5m/ETHUSDT-5m-2025-09.zip
2026-09-23 07:25:07 [info     ] imported_batch                 batch=9/9 interval=5m month=9 pair=ETH/USDT rows=8640 year=2025
2026-09-23 07:25:07 [info     ] imported                       batches=9 interval=5m month=9 pair=ETH/USDT rows=8640 year=2025
2026-09-23 07:25:07 [info     ] downloading                    url=https://data.binance.vision/data/spot/monthly/klines/ETHUSDT/5m/ETHUSDT-5m-2025-10.zip
2026-09-23 07:25:12 [info     ] imported_batch                 batch=9/9 interval=5m month=10 pair=ETH/USDT rows=8928 year=2025
2026-09-23 07:25:12 [info     ] imported                       batches=9 interval=5m month=10 pair=ETH/USDT rows=8928 year=2025
2026-09-23 07:25:12 [info     ] downloading                    url=https://data.binance.vision/data/spot/monthly/klines/ETHUSDT/5m/ETHUSDT-5m-2025-11.zip
2026-09-23 07:25:16 [info     ] imported_batch                 batch=9/9 interval=5m month=11 pair=ETH/USDT rows=8640 year=2025
2026-09-23 07:25:16 [info     ] imported                       batches=9 interval=5m month=11 pair=ETH/USDT rows=8640 year=2025
2026-09-23 07:25:16 [info     ] downloading                    url=https://data.binance.vision/data/spot/monthly/klines/ETHUSDT/5m/ETHUSDT-5m-2025-12.zip
2026-09-23 07:25:20 [info     ] imported_batch                 batch=9/9 interval=5m month=12 pair=ETH/USDT rows=8928 year=2025
2026-09-23 07:25:20 [info     ] imported                       batches=9 interval=5m month=12 pair=ETH/USDT rows=8928 year=2025
2026-09-23 07:25:20 [info     ] downloading                    url=https://data.binance.vision/data/spot/monthly/klines/ETHUSDT/5m/ETHUSDT-5m-2026-01.zip
2026-09-23 07:25:25 [info     ] imported_batch                 batch=9/9 interval=5m month=1 pair=ETH/USDT rows=8928 year=2026
2026-09-23 07:25:25 [info     ] imported                       batches=9 interval=5m month=1 pair=ETH/USDT rows=8928 year=2026
2026-09-23 07:25:25 [info     ] downloading                    url=https://data.binance.vision/data/spot/monthly/klines/ETHUSDT/5m/ETHUSDT-5m-2026-02.zip
2026-09-23 07:25:29 [info     ] imported_batch                 batch=9/9 interval=5m month=2 pair=ETH/USDT rows=8064 year=2026
2026-09-23 07:25:29 [info     ] imported                       batches=9 interval=5m month=2 pair=ETH/USDT rows=8064 year=2026
2026-09-23 07:25:29 [info     ] downloading                    url=https://data.binance.vision/data/spot/monthly/klines/ETHUSDT/5m/ETHUSDT-5m-2026-03.zip
2026-09-23 07:25:34 [info     ] imported_batch                 batch=9/9 interval=5m month=3 pair=ETH/USDT rows=8928 year=2026
2026-09-23 07:25:34 [info     ] imported                       batches=9 interval=5m month=3 pair=ETH/USDT rows=8928 year=2026
2026-09-23 07:25:34 [info     ] downloading                    url=https://data.binance.vision/data/spot/monthly/klines/ETHUSDT/5m/ETHUSDT-5m-2026-04.zip
2026-09-23 07:25:38 [info     ] imported_batch                 batch=9/9 interval=5m month=4 pair=ETH/USDT rows=8640 year=2026
2026-09-23 07:25:38 [info     ] imported                       batches=9 interval=5m month=4 pair=ETH/USDT rows=8640 year=2026
2026-09-23 07:25:38 [info     ] downloading                    url=https://data.binance.vision/data/spot/monthly/klines/ETHUSDT/5m/ETHUSDT-5m-2026-05.zip
2026-09-23 07:25:42 [info     ] imported_batch                 batch=9/9 interval=5m month=5 pair=ETH/USDT rows=8928 year=2026
2026-09-23 07:25:42 [info     ] imported                       batches=9 interval=5m month=5 pair=ETH/USDT rows=8928 year=2026
2026-09-23 07:25:42 [info     ] downloading                    url=https://data.binance.vision/data/spot/monthly/klines/ETHUSDT/5m/ETHUSDT-5m-2026-06.zip
2026-09-23 07:25:47 [info     ] imported_batch                 batch=9/9 interval=5m month=6 pair=ETH/USDT rows=8640 year=2026
2026-09-23 07:25:47 [info     ] imported                       batches=9 interval=5m month=6 pair=ETH/USDT rows=8640 year=2026
2026-09-23 07:25:47 [info     ] downloading                    url=https://data.binance.vision/data/spot/monthly/klines/ETHUSDT/5m/ETHUSDT-5m-2026-07.zip
2026-09-23 07:25:52 [info     ] imported_batch                 batch=9/9 interval=5m month=7 pair=ETH/USDT rows=8928 year=2026
2026-09-23 07:25:52 [info     ] imported                       batches=9 interval=5m month=7 pair=ETH/USDT rows=8928 year=2026
2026-09-23 07:25:52 [info     ] downloading                    url=https://data.binance.vision/data/spot/monthly/klines/ETHUSDT/5m/ETHUSDT-5m-2026-08.zip
2026-09-23 07:25:56 [info     ] imported_batch                 batch=9/9 interval=5m month=8 pair=ETH/USDT rows=8928 year=2026
2026-09-23 07:25:56 [info     ] imported                       batches=9 interval=5m month=8 pair=ETH/USDT rows=8928 year=2026
2026-09-23 07:25:56 [info     ] downloading                    url=https://data.binance.vision/data/spot/monthly/klines/ETHUSDT/15m/ETHUSDT-15m-2021-01.zip
2026-09-23 07:25:58 [info     ] imported_batch                 batch=3/3 interval=15m month=1 pair=ETH/USDT rows=2976 year=2021
2026-09-23 07:25:58 [info     ] imported                       batches=3 interval=15m month=1 pair=ETH/USDT rows=2976 year=2021
2026-09-23 07:25:58 [info     ] downloading                    url=https://data.binance.vision/data/spot/monthly/klines/ETHUSDT/15m/ETHUSDT-15m-2021-02.zip
2026-09-23 07:26:00 [info     ] imported_batch                 batch=3/3 interval=15m month=2 pair=ETH/USDT rows=2683 year=2021
2026-09-23 07:26:00 [info     ] imported                       batches=3 interval=15m month=2 pair=ETH/USDT rows=2683 year=2021
2026-09-23 07:26:00 [info     ] downloading                    url=https://data.binance.vision/data/spot/monthly/klines/ETHUSDT/15m/ETHUSDT-15m-2021-03.zip
2026-09-23 07:26:02 [info     ] imported_batch                 batch=3/3 interval=15m month=3 pair=ETH/USDT rows=2970 year=2021
2026-09-23 07:26:02 [info     ] imported                       batches=3 interval=15m month=3 pair=ETH/USDT rows=2970 year=2021
2026-09-23 07:26:02 [info     ] downloading                    url=https://data.binance.vision/data/spot/monthly/klines/ETHUSDT/15m/ETHUSDT-15m-2021-04.zip
2026-09-23 07:26:04 [info     ] imported_batch                 batch=3/3 interval=15m month=4 pair=ETH/USDT rows=2852 year=2021
2026-09-23 07:26:04 [info     ] imported                       batches=3 interval=15m month=4 pair=ETH/USDT rows=2852 year=2021
2026-09-23 07:26:04 [info     ] downloading                    url=https://data.binance.vision/data/spot/monthly/klines/ETHUSDT/15m/ETHUSDT-15m-2021-05.zip
2026-09-23 07:26:06 [info     ] imported_batch                 batch=3/3 interval=15m month=5 pair=ETH/USDT rows=2976 year=2021
2026-09-23 07:26:06 [info     ] imported                       batches=3 interval=15m month=5 pair=ETH/USDT rows=2976 year=2021
2026-09-23 07:26:06 [info     ] downloading                    url=https://data.binance.vision/data/spot/monthly/klines/ETHUSDT/15m/ETHUSDT-15m-2021-06.zip
2026-09-23 07:26:08 [info     ] imported_batch                 batch=3/3 interval=15m month=6 pair=ETH/USDT rows=2880 year=2021
2026-09-23 07:26:08 [info     ] imported                       batches=3 interval=15m month=6 pair=ETH/USDT rows=2880 year=2021
2026-09-23 07:26:08 [info     ] downloading                    url=https://data.binance.vision/data/spot/monthly/klines/ETHUSDT/15m/ETHUSDT-15m-2021-07.zip
2026-09-23 07:26:11 [info     ] imported_batch                 batch=3/3 interval=15m month=7 pair=ETH/USDT rows=2976 year=2021
2026-09-23 07:26:11 [info     ] imported                       batches=3 interval=15m month=7 pair=ETH/USDT rows=2976 year=2021
2026-09-23 07:26:11 [info     ] downloading                    url=https://data.binance.vision/data/spot/monthly/klines/ETHUSDT/15m/ETHUSDT-15m-2021-08.zip
2026-09-23 07:26:13 [info     ] imported_batch                 batch=3/3 interval=15m month=8 pair=ETH/USDT rows=2958 year=2021
2026-09-23 07:26:13 [info     ] imported                       batches=3 interval=15m month=8 pair=ETH/USDT rows=2958 year=2021
2026-09-23 07:26:13 [info     ] downloading                    url=https://data.binance.vision/data/spot/monthly/klines/ETHUSDT/15m/ETHUSDT-15m-2021-09.zip
2026-09-23 07:26:15 [info     ] imported_batch                 batch=3/3 interval=15m month=9 pair=ETH/USDT rows=2872 year=2021
2026-09-23 07:26:15 [info     ] imported                       batches=3 interval=15m month=9 pair=ETH/USDT rows=2872 year=2021
2026-09-23 07:26:15 [info     ] downloading                    url=https://data.binance.vision/data/spot/monthly/klines/ETHUSDT/15m/ETHUSDT-15m-2021-10.zip
2026-09-23 07:26:18 [info     ] imported_batch                 batch=3/3 interval=15m month=10 pair=ETH/USDT rows=2976 year=2021
2026-09-23 07:26:18 [info     ] imported                       batches=3 interval=15m month=10 pair=ETH/USDT rows=2976 year=2021
2026-09-23 07:26:18 [info     ] downloading                    url=https://data.binance.vision/data/spot/monthly/klines/ETHUSDT/15m/ETHUSDT-15m-2021-11.zip
2026-09-23 07:26:20 [info     ] imported_batch                 batch=3/3 interval=15m month=11 pair=ETH/USDT rows=2880 year=2021
2026-09-23 07:26:20 [info     ] imported                       batches=3 interval=15m month=11 pair=ETH/USDT rows=2880 year=2021
2026-09-23 07:26:20 [info     ] downloading                    url=https://data.binance.vision/data/spot/monthly/klines/ETHUSDT/15m/ETHUSDT-15m-2021-12.zip
2026-09-23 07:26:22 [info     ] imported_batch                 batch=3/3 interval=15m month=12 pair=ETH/USDT rows=2976 year=2021
2026-09-23 07:26:22 [info     ] imported                       batches=3 interval=15m month=12 pair=ETH/USDT rows=2976 year=2021
2026-09-23 07:26:22 [info     ] downloading                    url=https://data.binance.vision/data/spot/monthly/klines/ETHUSDT/15m/ETHUSDT-15m-2022-01.zip
2026-09-23 07:26:25 [info     ] imported_batch                 batch=3/3 interval=15m month=1 pair=ETH/USDT rows=2976 year=2022
2026-09-23 07:26:25 [info     ] imported                       batches=3 interval=15m month=1 pair=ETH/USDT rows=2976 year=2022
2026-09-23 07:26:25 [info     ] downloading                    url=https://data.binance.vision/data/spot/monthly/klines/ETHUSDT/15m/ETHUSDT-15m-2022-02.zip
2026-09-23 07:26:27 [info     ] imported_batch                 batch=3/3 interval=15m month=2 pair=ETH/USDT rows=2688 year=2022
2026-09-23 07:26:27 [info     ] imported                       batches=3 interval=15m month=2 pair=ETH/USDT rows=2688 year=2022
2026-09-23 07:26:27 [info     ] downloading                    url=https://data.binance.vision/data/spot/monthly/klines/ETHUSDT/15m/ETHUSDT-15m-2022-03.zip
2026-09-23 07:26:29 [info     ] imported_batch                 batch=3/3 interval=15m month=3 pair=ETH/USDT rows=2976 year=2022
2026-09-23 07:26:29 [info     ] imported                       batches=3 interval=15m month=3 pair=ETH/USDT rows=2976 year=2022
2026-09-23 07:26:29 [info     ] downloading                    url=https://data.binance.vision/data/spot/monthly/klines/ETHUSDT/15m/ETHUSDT-15m-2022-04.zip
2026-09-23 07:26:31 [info     ] imported_batch                 batch=3/3 interval=15m month=4 pair=ETH/USDT rows=2880 year=2022
2026-09-23 07:26:31 [info     ] imported                       batches=3 interval=15m month=4 pair=ETH/USDT rows=2880 year=2022
2026-09-23 07:26:31 [info     ] downloading                    url=https://data.binance.vision/data/spot/monthly/klines/ETHUSDT/15m/ETHUSDT-15m-2022-05.zip
2026-09-23 07:26:34 [info     ] imported_batch                 batch=3/3 interval=15m month=5 pair=ETH/USDT rows=2976 year=2022
2026-09-23 07:26:34 [info     ] imported                       batches=3 interval=15m month=5 pair=ETH/USDT rows=2976 year=2022
2026-09-23 07:26:34 [info     ] downloading                    url=https://data.binance.vision/data/spot/monthly/klines/ETHUSDT/15m/ETHUSDT-15m-2022-06.zip
2026-09-23 07:26:35 [info     ] imported_batch                 batch=3/3 interval=15m month=6 pair=ETH/USDT rows=2880 year=2022
2026-09-23 07:26:35 [info     ] imported                       batches=3 interval=15m month=6 pair=ETH/USDT rows=2880 year=2022
2026-09-23 07:26:35 [info     ] downloading                    url=https://data.binance.vision/data/spot/monthly/klines/ETHUSDT/15m/ETHUSDT-15m-2022-07.zip
2026-09-23 07:26:37 [info     ] imported_batch                 batch=3/3 interval=15m month=7 pair=ETH/USDT rows=2976 year=2022
2026-09-23 07:26:37 [info     ] imported                       batches=3 interval=15m month=7 pair=ETH/USDT rows=2976 year=2022
2026-09-23 07:26:37 [info     ] downloading                    url=https://data.binance.vision/data/spot/monthly/klines/ETHUSDT/15m/ETHUSDT-15m-2022-08.zip
2026-09-23 07:26:39 [info     ] imported_batch                 batch=3/3 interval=15m month=8 pair=ETH/USDT rows=2976 year=2022
2026-09-23 07:26:39 [info     ] imported                       batches=3 interval=15m month=8 pair=ETH/USDT rows=2976 year=2022
2026-09-23 07:26:39 [info     ] downloading                    url=https://data.binance.vision/data/spot/monthly/klines/ETHUSDT/15m/ETHUSDT-15m-2022-09.zip
2026-09-23 07:26:41 [info     ] imported_batch                 batch=3/3 interval=15m month=9 pair=ETH/USDT rows=2880 year=2022
2026-09-23 07:26:41 [info     ] imported                       batches=3 interval=15m month=9 pair=ETH/USDT rows=2880 year=2022
2026-09-23 07:26:41 [info     ] downloading                    url=https://data.binance.vision/data/spot/monthly/klines/ETHUSDT/15m/ETHUSDT-15m-2022-10.zip
2026-09-23 07:26:44 [info     ] imported_batch                 batch=3/3 interval=15m month=10 pair=ETH/USDT rows=2976 year=2022
2026-09-23 07:26:44 [info     ] imported                       batches=3 interval=15m month=10 pair=ETH/USDT rows=2976 year=2022
2026-09-23 07:26:44 [info     ] downloading                    url=https://data.binance.vision/data/spot/monthly/klines/ETHUSDT/15m/ETHUSDT-15m-2022-11.zip
2026-09-23 07:26:45 [info     ] imported_batch                 batch=3/3 interval=15m month=11 pair=ETH/USDT rows=2880 year=2022
2026-09-23 07:26:45 [info     ] imported                       batches=3 interval=15m month=11 pair=ETH/USDT rows=2880 year=2022
2026-09-23 07:26:45 [info     ] downloading                    url=https://data.binance.vision/data/spot/monthly/klines/ETHUSDT/15m/ETHUSDT-15m-2022-12.zip
2026-09-23 07:26:48 [info     ] imported_batch                 batch=3/3 interval=15m month=12 pair=ETH/USDT rows=2976 year=2022
2026-09-23 07:26:48 [info     ] imported                       batches=3 interval=15m month=12 pair=ETH/USDT rows=2976 year=2022
2026-09-23 07:26:48 [info     ] progress                       pct=40.8% processed=500 total=1224 total_rows=1524291
2026-09-23 07:26:48 [info     ] downloading                    url=https://data.binance.vision/data/spot/monthly/klines/ETHUSDT/15m/ETHUSDT-15m-2023-01.zip
2026-09-23 07:26:50 [info     ] imported_batch                 batch=3/3 interval=15m month=1 pair=ETH/USDT rows=2976 year=2023
2026-09-23 07:26:50 [info     ] imported                       batches=3 interval=15m month=1 pair=ETH/USDT rows=2976 year=2023
2026-09-23 07:26:50 [info     ] downloading                    url=https://data.binance.vision/data/spot/monthly/klines/ETHUSDT/15m/ETHUSDT-15m-2023-02.zip
2026-09-23 07:26:52 [info     ] imported_batch                 batch=3/3 interval=15m month=2 pair=ETH/USDT rows=2688 year=2023
2026-09-23 07:26:52 [info     ] imported                       batches=3 interval=15m month=2 pair=ETH/USDT rows=2688 year=2023
2026-09-23 07:26:52 [info     ] downloading                    url=https://data.binance.vision/data/spot/monthly/klines/ETHUSDT/15m/ETHUSDT-15m-2023-03.zip
2026-09-23 07:26:54 [info     ] imported_batch                 batch=3/3 interval=15m month=3 pair=ETH/USDT rows=2971 year=2023
2026-09-23 07:26:54 [info     ] imported                       batches=3 interval=15m month=3 pair=ETH/USDT rows=2971 year=2023
2026-09-23 07:26:54 [info     ] downloading                    url=https://data.binance.vision/data/spot/monthly/klines/ETHUSDT/15m/ETHUSDT-15m-2023-04.zip
2026-09-23 07:26:57 [info     ] imported_batch                 batch=3/3 interval=15m month=4 pair=ETH/USDT rows=2880 year=2023
2026-09-23 07:26:57 [info     ] imported                       batches=3 interval=15m month=4 pair=ETH/USDT rows=2880 year=2023
2026-09-23 07:26:57 [info     ] downloading                    url=https://data.binance.vision/data/spot/monthly/klines/ETHUSDT/15m/ETHUSDT-15m-2023-05.zip
2026-09-23 07:26:59 [info     ] imported_batch                 batch=3/3 interval=15m month=5 pair=ETH/USDT rows=2976 year=2023
2026-09-23 07:26:59 [info     ] imported                       batches=3 interval=15m month=5 pair=ETH/USDT rows=2976 year=2023
2026-09-23 07:26:59 [info     ] downloading                    url=https://data.binance.vision/data/spot/monthly/klines/ETHUSDT/15m/ETHUSDT-15m-2023-06.zip
2026-09-23 07:27:01 [info     ] imported_batch                 batch=3/3 interval=15m month=6 pair=ETH/USDT rows=2880 year=2023
2026-09-23 07:27:01 [info     ] imported                       batches=3 interval=15m month=6 pair=ETH/USDT rows=2880 year=2023
2026-09-23 07:27:01 [info     ] downloading                    url=https://data.binance.vision/data/spot/monthly/klines/ETHUSDT/15m/ETHUSDT-15m-2023-07.zip
2026-09-23 07:27:04 [info     ] imported_batch                 batch=3/3 interval=15m month=7 pair=ETH/USDT rows=2976 year=2023
2026-09-23 07:27:04 [info     ] imported                       batches=3 interval=15m month=7 pair=ETH/USDT rows=2976 year=2023
2026-09-23 07:27:04 [info     ] downloading                    url=https://data.binance.vision/data/spot/monthly/klines/ETHUSDT/15m/ETHUSDT-15m-2023-08.zip
2026-09-23 07:27:05 [info     ] imported_batch                 batch=3/3 interval=15m month=8 pair=ETH/USDT rows=2976 year=2023
2026-09-23 07:27:05 [info     ] imported                       batches=3 interval=15m month=8 pair=ETH/USDT rows=2976 year=2023
2026-09-23 07:27:06 [info     ] downloading                    url=https://data.binance.vision/data/spot/monthly/klines/ETHUSDT/15m/ETHUSDT-15m-2023-09.zip
2026-09-23 07:27:08 [info     ] imported_batch                 batch=3/3 interval=15m month=9 pair=ETH/USDT rows=2880 year=2023
2026-09-23 07:27:08 [info     ] imported                       batches=3 interval=15m month=9 pair=ETH/USDT rows=2880 year=2023
2026-09-23 07:27:08 [info     ] downloading                    url=https://data.binance.vision/data/spot/monthly/klines/ETHUSDT/15m/ETHUSDT-15m-2023-10.zip
2026-09-23 07:27:10 [info     ] imported_batch                 batch=3/3 interval=15m month=10 pair=ETH/USDT rows=2976 year=2023
2026-09-23 07:27:10 [info     ] imported                       batches=3 interval=15m month=10 pair=ETH/USDT rows=2976 year=2023
2026-09-23 07:27:10 [info     ] downloading                    url=https://data.binance.vision/data/spot/monthly/klines/ETHUSDT/15m/ETHUSDT-15m-2023-11.zip
2026-09-23 07:27:12 [info     ] imported_batch                 batch=3/3 interval=15m month=11 pair=ETH/USDT rows=2880 year=2023
2026-09-23 07:27:12 [info     ] imported                       batches=3 interval=15m month=11 pair=ETH/USDT rows=2880 year=2023
2026-09-23 07:27:12 [info     ] downloading                    url=https://data.binance.vision/data/spot/monthly/klines/ETHUSDT/15m/ETHUSDT-15m-2023-12.zip
2026-09-23 07:27:15 [info     ] imported_batch                 batch=3/3 interval=15m month=12 pair=ETH/USDT rows=2976 year=2023
2026-09-23 07:27:15 [info     ] imported                       batches=3 interval=15m month=12 pair=ETH/USDT rows=2976 year=2023
2026-09-23 07:27:15 [info     ] downloading                    url=https://data.binance.vision/data/spot/monthly/klines/ETHUSDT/15m/ETHUSDT-15m-2024-01.zip
2026-09-23 07:27:16 [info     ] imported_batch                 batch=3/3 interval=15m month=1 pair=ETH/USDT rows=2976 year=2024
2026-09-23 07:27:16 [info     ] imported                       batches=3 interval=15m month=1 pair=ETH/USDT rows=2976 year=2024
2026-09-23 07:27:16 [info     ] downloading                    url=https://data.binance.vision/data/spot/monthly/klines/ETHUSDT/15m/ETHUSDT-15m-2024-02.zip
2026-09-23 07:27:19 [info     ] imported_batch                 batch=3/3 interval=15m month=2 pair=ETH/USDT rows=2784 year=2024
2026-09-23 07:27:19 [info     ] imported                       batches=3 interval=15m month=2 pair=ETH/USDT rows=2784 year=2024
2026-09-23 07:27:19 [info     ] downloading                    url=https://data.binance.vision/data/spot/monthly/klines/ETHUSDT/15m/ETHUSDT-15m-2024-03.zip
2026-09-23 07:27:21 [info     ] imported_batch                 batch=3/3 interval=15m month=3 pair=ETH/USDT rows=2976 year=2024
2026-09-23 07:27:21 [info     ] imported                       batches=3 interval=15m month=3 pair=ETH/USDT rows=2976 year=2024
2026-09-23 07:27:21 [info     ] downloading                    url=https://data.binance.vision/data/spot/monthly/klines/ETHUSDT/15m/ETHUSDT-15m-2024-04.zip
2026-09-23 07:27:24 [info     ] imported_batch                 batch=3/3 interval=15m month=4 pair=ETH/USDT rows=2880 year=2024
2026-09-23 07:27:24 [info     ] imported                       batches=3 interval=15m month=4 pair=ETH/USDT rows=2880 year=2024
2026-09-23 07:27:24 [info     ] downloading                    url=https://data.binance.vision/data/spot/monthly/klines/ETHUSDT/15m/ETHUSDT-15m-2024-05.zip
2026-09-23 07:27:26 [info     ] imported_batch                 batch=3/3 interval=15m month=5 pair=ETH/USDT rows=2976 year=2024
2026-09-23 07:27:26 [info     ] imported                       batches=3 interval=15m month=5 pair=ETH/USDT rows=2976 year=2024
2026-09-23 07:27:26 [info     ] downloading                    url=https://data.binance.vision/data/spot/monthly/klines/ETHUSDT/15m/ETHUSDT-15m-2024-06.zip
2026-09-23 07:27:28 [info     ] imported_batch                 batch=3/3 interval=15m month=6 pair=ETH/USDT rows=2880 year=2024
2026-09-23 07:27:28 [info     ] imported                       batches=3 interval=15m month=6 pair=ETH/USDT rows=2880 year=2024
2026-09-23 07:27:28 [info     ] downloading                    url=https://data.binance.vision/data/spot/monthly/klines/ETHUSDT/15m/ETHUSDT-15m-2024-07.zip
2026-09-23 07:27:31 [info     ] imported_batch                 batch=3/3 interval=15m month=7 pair=ETH/USDT rows=2976 year=2024
2026-09-23 07:27:31 [info     ] imported                       batches=3 interval=15m month=7 pair=ETH/USDT rows=2976 year=2024
2026-09-23 07:27:31 [info     ] downloading                    url=https://data.binance.vision/data/spot/monthly/klines/ETHUSDT/15m/ETHUSDT-15m-2024-08.zip
2026-09-23 07:27:33 [info     ] imported_batch                 batch=3/3 interval=15m month=8 pair=ETH/USDT rows=2976 year=2024
2026-09-23 07:27:33 [info     ] imported                       batches=3 interval=15m month=8 pair=ETH/USDT rows=2976 year=2024
2026-09-23 07:27:33 [info     ] downloading                    url=https://data.binance.vision/data/spot/monthly/klines/ETHUSDT/15m/ETHUSDT-15m-2024-09.zip
2026-09-23 07:27:35 [info     ] imported_batch                 batch=3/3 interval=15m month=9 pair=ETH/USDT rows=2880 year=2024
2026-09-23 07:27:35 [info     ] imported                       batches=3 interval=15m month=9 pair=ETH/USDT rows=2880 year=2024
2026-09-23 07:27:35 [info     ] downloading                    url=https://data.binance.vision/data/spot/monthly/klines/ETHUSDT/15m/ETHUSDT-15m-2024-10.zip
2026-09-23 07:27:37 [info     ] imported_batch                 batch=3/3 interval=15m month=10 pair=ETH/USDT rows=2976 year=2024
2026-09-23 07:27:37 [info     ] imported                       batches=3 interval=15m month=10 pair=ETH/USDT rows=2976 year=2024
2026-09-23 07:27:37 [info     ] downloading                    url=https://data.binance.vision/data/spot/monthly/klines/ETHUSDT/15m/ETHUSDT-15m-2024-11.zip
2026-09-23 07:27:39 [info     ] imported_batch                 batch=3/3 interval=15m month=11 pair=ETH/USDT rows=2880 year=2024
2026-09-23 07:27:39 [info     ] imported                       batches=3 interval=15m month=11 pair=ETH/USDT rows=2880 year=2024
2026-09-23 07:27:39 [info     ] downloading                    url=https://data.binance.vision/data/spot/monthly/klines/ETHUSDT/15m/ETHUSDT-15m-2024-12.zip
2026-09-23 07:27:41 [info     ] imported_batch                 batch=3/3 interval=15m month=12 pair=ETH/USDT rows=2976 year=2024
2026-09-23 07:27:41 [info     ] imported                       batches=3 interval=15m month=12 pair=ETH/USDT rows=2976 year=2024
2026-09-23 07:27:41 [info     ] downloading                    url=https://data.binance.vision/data/spot/monthly/klines/ETHUSDT/15m/ETHUSDT-15m-2025-01.zip
2026-09-23 07:27:43 [info     ] imported_batch                 batch=3/3 interval=15m month=1 pair=ETH/USDT rows=2976 year=2025
2026-09-23 07:27:43 [info     ] imported                       batches=3 interval=15m month=1 pair=ETH/USDT rows=2976 year=2025
2026-09-23 07:27:43 [info     ] downloading                    url=https://data.binance.vision/data/spot/monthly/klines/ETHUSDT/15m/ETHUSDT-15m-2025-02.zip
2026-09-23 07:27:45 [info     ] imported_batch                 batch=3/3 interval=15m month=2 pair=ETH/USDT rows=2688 year=2025
2026-09-23 07:27:45 [info     ] imported                       batches=3 interval=15m month=2 pair=ETH/USDT rows=2688 year=2025
2026-09-23 07:27:45 [info     ] downloading                    url=https://data.binance.vision/data/spot/monthly/klines/ETHUSDT/15m/ETHUSDT-15m-2025-03.zip
2026-09-23 07:27:47 [info     ] imported_batch                 batch=3/3 interval=15m month=3 pair=ETH/USDT rows=2976 year=2025
2026-09-23 07:27:47 [info     ] imported                       batches=3 interval=15m month=3 pair=ETH/USDT rows=2976 year=2025
2026-09-23 07:27:47 [info     ] downloading                    url=https://data.binance.vision/data/spot/monthly/klines/ETHUSDT/15m/ETHUSDT-15m-2025-04.zip
2026-09-23 07:27:50 [info     ] imported_batch                 batch=3/3 interval=15m month=4 pair=ETH/USDT rows=2880 year=2025
2026-09-23 07:27:50 [info     ] imported                       batches=3 interval=15m month=4 pair=ETH/USDT rows=2880 year=2025
2026-09-23 07:27:50 [info     ] downloading                    url=https://data.binance.vision/data/spot/monthly/klines/ETHUSDT/15m/ETHUSDT-15m-2025-05.zip
2026-09-23 07:27:52 [info     ] imported_batch                 batch=3/3 interval=15m month=5 pair=ETH/USDT rows=2976 year=2025
2026-09-23 07:27:52 [info     ] imported                       batches=3 interval=15m month=5 pair=ETH/USDT rows=2976 year=2025
2026-09-23 07:27:52 [info     ] downloading                    url=https://data.binance.vision/data/spot/monthly/klines/ETHUSDT/15m/ETHUSDT-15m-2025-06.zip
2026-09-23 07:27:53 [info     ] imported_batch                 batch=3/3 interval=15m month=6 pair=ETH/USDT rows=2880 year=2025
2026-09-23 07:27:54 [info     ] imported                       batches=3 interval=15m month=6 pair=ETH/USDT rows=2880 year=2025
2026-09-23 07:27:54 [info     ] downloading                    url=https://data.binance.vision/data/spot/monthly/klines/ETHUSDT/15m/ETHUSDT-15m-2025-07.zip
2026-09-23 07:27:56 [info     ] imported_batch                 batch=3/3 interval=15m month=7 pair=ETH/USDT rows=2976 year=2025
2026-09-23 07:27:56 [info     ] imported                       batches=3 interval=15m month=7 pair=ETH/USDT rows=2976 year=2025
2026-09-23 07:27:56 [info     ] downloading                    url=https://data.binance.vision/data/spot/monthly/klines/ETHUSDT/15m/ETHUSDT-15m-2025-08.zip
2026-09-23 07:27:59 [info     ] imported_batch                 batch=3/3 interval=15m month=8 pair=ETH/USDT rows=2976 year=2025
2026-09-23 07:27:59 [info     ] imported                       batches=3 interval=15m month=8 pair=ETH/USDT rows=2976 year=2025
2026-09-23 07:27:59 [info     ] downloading                    url=https://data.binance.vision/data/spot/monthly/klines/ETHUSDT/15m/ETHUSDT-15m-2025-09.zip
2026-09-23 07:28:00 [info     ] imported_batch                 batch=3/3 interval=15m month=9 pair=ETH/USDT rows=2880 year=2025
2026-09-23 07:28:00 [info     ] imported                       batches=3 interval=15m month=9 pair=ETH/USDT rows=2880 year=2025
2026-09-23 07:28:00 [info     ] downloading                    url=https://data.binance.vision/data/spot/monthly/klines/ETHUSDT/15m/ETHUSDT-15m-2025-10.zip
2026-09-23 07:28:02 [info     ] imported_batch                 batch=3/3 interval=15m month=10 pair=ETH/USDT rows=2976 year=2025
2026-09-23 07:28:02 [info     ] imported                       batches=3 interval=15m month=10 pair=ETH/USDT rows=2976 year=2025
2026-09-23 07:28:02 [info     ] downloading                    url=https://data.binance.vision/data/spot/monthly/klines/ETHUSDT/15m/ETHUSDT-15m-2025-11.zip
2026-09-23 07:28:05 [info     ] imported_batch                 batch=3/3 interval=15m month=11 pair=ETH/USDT rows=2880 year=2025
2026-09-23 07:28:05 [info     ] imported                       batches=3 interval=15m month=11 pair=ETH/USDT rows=2880 year=2025
2026-09-23 07:28:05 [info     ] downloading                    url=https://data.binance.vision/data/spot/monthly/klines/ETHUSDT/15m/ETHUSDT-15m-2025-12.zip
2026-09-23 07:28:07 [info     ] imported_batch                 batch=3/3 interval=15m month=12 pair=ETH/USDT rows=2976 year=2025
2026-09-23 07:28:07 [info     ] imported                       batches=3 interval=15m month=12 pair=ETH/USDT rows=2976 year=2025
2026-09-23 07:28:07 [info     ] downloading                    url=https://data.binance.vision/data/spot/monthly/klines/ETHUSDT/15m/ETHUSDT-15m-2026-01.zip
2026-09-23 07:28:10 [info     ] imported_batch                 batch=3/3 interval=15m month=1 pair=ETH/USDT rows=2976 year=2026
2026-09-23 07:28:10 [info     ] imported                       batches=3 interval=15m month=1 pair=ETH/USDT rows=2976 year=2026
2026-09-23 07:28:10 [info     ] downloading                    url=https://data.binance.vision/data/spot/monthly/klines/ETHUSDT/15m/ETHUSDT-15m-2026-02.zip
2026-09-23 07:28:12 [info     ] imported_batch                 batch=3/3 interval=15m month=2 pair=ETH/USDT rows=2688 year=2026
2026-09-23 07:28:12 [info     ] imported                       batches=3 interval=15m month=2 pair=ETH/USDT rows=2688 year=2026
2026-09-23 07:28:12 [info     ] downloading                    url=https://data.binance.vision/data/spot/monthly/klines/ETHUSDT/15m/ETHUSDT-15m-2026-03.zip
2026-09-23 07:28:14 [info     ] imported_batch                 batch=3/3 interval=15m month=3 pair=ETH/USDT rows=2976 year=2026
2026-09-23 07:28:14 [info     ] imported                       batches=3 interval=15m month=3 pair=ETH/USDT rows=2976 year=2026
2026-09-23 07:28:14 [info     ] downloading                    url=https://data.binance.vision/data/spot/monthly/klines/ETHUSDT/15m/ETHUSDT-15m-2026-04.zip
2026-09-23 07:28:16 [info     ] imported_batch                 batch=3/3 interval=15m month=4 pair=ETH/USDT rows=2880 year=2026
2026-09-23 07:28:16 [info     ] imported                       batches=3 interval=15m month=4 pair=ETH/USDT rows=2880 year=2026
2026-09-23 07:28:16 [info     ] downloading                    url=https://data.binance.vision/data/spot/monthly/klines/ETHUSDT/15m/ETHUSDT-15m-2026-05.zip
2026-09-23 07:28:19 [info     ] imported_batch                 batch=3/3 interval=15m month=5 pair=ETH/USDT rows=2976 year=2026
2026-09-23 07:28:19 [info     ] imported                       batches=3 interval=15m month=5 pair=ETH/USDT rows=2976 year=2026
2026-09-23 07:28:19 [info     ] downloading                    url=https://data.binance.vision/data/spot/monthly/klines/ETHUSDT/15m/ETHUSDT-15m-2026-06.zip
2026-09-23 07:28:21 [info     ] imported_batch                 batch=3/3 interval=15m month=6 pair=ETH/USDT rows=2880 year=2026
2026-09-23 07:28:21 [info     ] imported                       batches=3 interval=15m month=6 pair=ETH/USDT rows=2880 year=2026
2026-09-23 07:28:21 [info     ] downloading                    url=https://data.binance.vision/data/spot/monthly/klines/ETHUSDT/15m/ETHUSDT-15m-2026-07.zip
2026-09-23 07:28:23 [info     ] imported_batch                 batch=3/3 interval=15m month=7 pair=ETH/USDT rows=2976 year=2026
2026-09-23 07:28:23 [info     ] imported                       batches=3 interval=15m month=7 pair=ETH/USDT rows=2976 year=2026
2026-09-23 07:28:23 [info     ] downloading                    url=https://data.binance.vision/data/spot/monthly/klines/ETHUSDT/15m/ETHUSDT-15m-2026-08.zip
2026-09-23 07:28:25 [info     ] imported_batch                 batch=3/3 interval=15m month=8 pair=ETH/USDT rows=2976 year=2026
2026-09-23 07:28:25 [info     ] imported                       batches=3 interval=15m month=8 pair=ETH/USDT rows=2976 year=2026
2026-09-23 07:28:25 [info     ] downloading                    url=https://data.binance.vision/data/spot/monthly/klines/ETHUSDT/1h/ETHUSDT-1h-2021-01.zip
2026-09-23 07:28:26 [info     ] imported_batch                 batch=1/1 interval=1h month=1 pair=ETH/USDT rows=744 year=2021
2026-09-23 07:28:26 [info     ] imported                       batches=1 interval=1h month=1 pair=ETH/USDT rows=744 year=2021
2026-09-23 07:28:26 [info     ] downloading                    url=https://data.binance.vision/data/spot/monthly/klines/ETHUSDT/1h/ETHUSDT-1h-2021-02.zip
2026-09-23 07:28:27 [info     ] imported_batch                 batch=1/1 interval=1h month=2 pair=ETH/USDT rows=671 year=2021
2026-09-23 07:28:27 [info     ] imported                       batches=1 interval=1h month=2 pair=ETH/USDT rows=671 year=2021
2026-09-23 07:28:27 [info     ] downloading                    url=https://data.binance.vision/data/spot/monthly/klines/ETHUSDT/1h/ETHUSDT-1h-2021-03.zip
2026-09-23 07:28:29 [info     ] imported_batch                 batch=1/1 interval=1h month=3 pair=ETH/USDT rows=743 year=2021
2026-09-23 07:28:29 [info     ] imported                       batches=1 interval=1h month=3 pair=ETH/USDT rows=743 year=2021
2026-09-23 07:28:29 [info     ] downloading                    url=https://data.binance.vision/data/spot/monthly/klines/ETHUSDT/1h/ETHUSDT-1h-2021-04.zip
2026-09-23 07:28:30 [info     ] imported_batch                 batch=1/1 interval=1h month=4 pair=ETH/USDT rows=715 year=2021
2026-09-23 07:28:30 [info     ] imported                       batches=1 interval=1h month=4 pair=ETH/USDT rows=715 year=2021
2026-09-23 07:28:30 [info     ] downloading                    url=https://data.binance.vision/data/spot/monthly/klines/ETHUSDT/1h/ETHUSDT-1h-2021-05.zip
2026-09-23 07:28:31 [info     ] imported_batch                 batch=1/1 interval=1h month=5 pair=ETH/USDT rows=744 year=2021
2026-09-23 07:28:31 [info     ] imported                       batches=1 interval=1h month=5 pair=ETH/USDT rows=744 year=2021
2026-09-23 07:28:31 [info     ] downloading                    url=https://data.binance.vision/data/spot/monthly/klines/ETHUSDT/1h/ETHUSDT-1h-2021-06.zip
2026-09-23 07:28:32 [info     ] imported_batch                 batch=1/1 interval=1h month=6 pair=ETH/USDT rows=720 year=2021
2026-09-23 07:28:32 [info     ] imported                       batches=1 interval=1h month=6 pair=ETH/USDT rows=720 year=2021
2026-09-23 07:28:32 [info     ] progress                       pct=44.9% processed=550 total=1224 total_rows=1657167
2026-09-23 07:28:32 [info     ] downloading                    url=https://data.binance.vision/data/spot/monthly/klines/ETHUSDT/1h/ETHUSDT-1h-2021-07.zip
2026-09-23 07:28:33 [info     ] imported_batch                 batch=1/1 interval=1h month=7 pair=ETH/USDT rows=744 year=2021
2026-09-23 07:28:33 [info     ] imported                       batches=1 interval=1h month=7 pair=ETH/USDT rows=744 year=2021
2026-09-23 07:28:33 [info     ] downloading                    url=https://data.binance.vision/data/spot/monthly/klines/ETHUSDT/1h/ETHUSDT-1h-2021-08.zip
2026-09-23 07:28:34 [info     ] imported_batch                 batch=1/1 interval=1h month=8 pair=ETH/USDT rows=740 year=2021
2026-09-23 07:28:34 [info     ] imported                       batches=1 interval=1h month=8 pair=ETH/USDT rows=740 year=2021
2026-09-23 07:28:34 [info     ] downloading                    url=https://data.binance.vision/data/spot/monthly/klines/ETHUSDT/1h/ETHUSDT-1h-2021-09.zip
2026-09-23 07:28:35 [info     ] imported_batch                 batch=1/1 interval=1h month=9 pair=ETH/USDT rows=718 year=2021
2026-09-23 07:28:35 [info     ] imported                       batches=1 interval=1h month=9 pair=ETH/USDT rows=718 year=2021
2026-09-23 07:28:35 [info     ] downloading                    url=https://data.binance.vision/data/spot/monthly/klines/ETHUSDT/1h/ETHUSDT-1h-2021-10.zip
2026-09-23 07:28:36 [info     ] imported_batch                 batch=1/1 interval=1h month=10 pair=ETH/USDT rows=744 year=2021
2026-09-23 07:28:36 [info     ] imported                       batches=1 interval=1h month=10 pair=ETH/USDT rows=744 year=2021
2026-09-23 07:28:36 [info     ] downloading                    url=https://data.binance.vision/data/spot/monthly/klines/ETHUSDT/1h/ETHUSDT-1h-2021-11.zip
2026-09-23 07:28:37 [info     ] imported_batch                 batch=1/1 interval=1h month=11 pair=ETH/USDT rows=720 year=2021
2026-09-23 07:28:37 [info     ] imported                       batches=1 interval=1h month=11 pair=ETH/USDT rows=720 year=2021
2026-09-23 07:28:37 [info     ] downloading                    url=https://data.binance.vision/data/spot/monthly/klines/ETHUSDT/1h/ETHUSDT-1h-2021-12.zip
2026-09-23 07:28:38 [info     ] imported_batch                 batch=1/1 interval=1h month=12 pair=ETH/USDT rows=744 year=2021
2026-09-23 07:28:38 [info     ] imported                       batches=1 interval=1h month=12 pair=ETH/USDT rows=744 year=2021
2026-09-23 07:28:38 [info     ] downloading                    url=https://data.binance.vision/data/spot/monthly/klines/ETHUSDT/1h/ETHUSDT-1h-2022-01.zip
2026-09-23 07:28:39 [info     ] imported_batch                 batch=1/1 interval=1h month=1 pair=ETH/USDT rows=744 year=2022
2026-09-23 07:28:39 [info     ] imported                       batches=1 interval=1h month=1 pair=ETH/USDT rows=744 year=2022
2026-09-23 07:28:39 [info     ] downloading                    url=https://data.binance.vision/data/spot/monthly/klines/ETHUSDT/1h/ETHUSDT-1h-2022-02.zip
2026-09-23 07:28:41 [info     ] imported_batch                 batch=1/1 interval=1h month=2 pair=ETH/USDT rows=672 year=2022
2026-09-23 07:28:41 [info     ] imported                       batches=1 interval=1h month=2 pair=ETH/USDT rows=672 year=2022
2026-09-23 07:28:41 [info     ] downloading                    url=https://data.binance.vision/data/spot/monthly/klines/ETHUSDT/1h/ETHUSDT-1h-2022-03.zip
2026-09-23 07:28:42 [info     ] imported_batch                 batch=1/1 interval=1h month=3 pair=ETH/USDT rows=744 year=2022
2026-09-23 07:28:42 [info     ] imported                       batches=1 interval=1h month=3 pair=ETH/USDT rows=744 year=2022
2026-09-23 07:28:42 [info     ] downloading                    url=https://data.binance.vision/data/spot/monthly/klines/ETHUSDT/1h/ETHUSDT-1h-2022-04.zip
2026-09-23 07:28:43 [info     ] imported_batch                 batch=1/1 interval=1h month=4 pair=ETH/USDT rows=720 year=2022
2026-09-23 07:28:43 [info     ] imported                       batches=1 interval=1h month=4 pair=ETH/USDT rows=720 year=2022
2026-09-23 07:28:43 [info     ] downloading                    url=https://data.binance.vision/data/spot/monthly/klines/ETHUSDT/1h/ETHUSDT-1h-2022-05.zip
2026-09-23 07:28:44 [info     ] imported_batch                 batch=1/1 interval=1h month=5 pair=ETH/USDT rows=744 year=2022
2026-09-23 07:28:44 [info     ] imported                       batches=1 interval=1h month=5 pair=ETH/USDT rows=744 year=2022
2026-09-23 07:28:44 [info     ] downloading                    url=https://data.binance.vision/data/spot/monthly/klines/ETHUSDT/1h/ETHUSDT-1h-2022-06.zip
2026-09-23 07:28:46 [info     ] imported_batch                 batch=1/1 interval=1h month=6 pair=ETH/USDT rows=720 year=2022
2026-09-23 07:28:46 [info     ] imported                       batches=1 interval=1h month=6 pair=ETH/USDT rows=720 year=2022
2026-09-23 07:28:46 [info     ] downloading                    url=https://data.binance.vision/data/spot/monthly/klines/ETHUSDT/1h/ETHUSDT-1h-2022-07.zip
2026-09-23 07:28:47 [info     ] imported_batch                 batch=1/1 interval=1h month=7 pair=ETH/USDT rows=744 year=2022
2026-09-23 07:28:47 [info     ] imported                       batches=1 interval=1h month=7 pair=ETH/USDT rows=744 year=2022
2026-09-23 07:28:47 [info     ] downloading                    url=https://data.binance.vision/data/spot/monthly/klines/ETHUSDT/1h/ETHUSDT-1h-2022-08.zip
2026-09-23 07:28:48 [info     ] imported_batch                 batch=1/1 interval=1h month=8 pair=ETH/USDT rows=744 year=2022
2026-09-23 07:28:48 [info     ] imported                       batches=1 interval=1h month=8 pair=ETH/USDT rows=744 year=2022
2026-09-23 07:28:48 [info     ] downloading                    url=https://data.binance.vision/data/spot/monthly/klines/ETHUSDT/1h/ETHUSDT-1h-2022-09.zip
2026-09-23 07:28:49 [info     ] imported_batch                 batch=1/1 interval=1h month=9 pair=ETH/USDT rows=720 year=2022
2026-09-23 07:28:49 [info     ] imported                       batches=1 interval=1h month=9 pair=ETH/USDT rows=720 year=2022
2026-09-23 07:28:49 [info     ] downloading                    url=https://data.binance.vision/data/spot/monthly/klines/ETHUSDT/1h/ETHUSDT-1h-2022-10.zip
2026-09-23 07:28:50 [info     ] imported_batch                 batch=1/1 interval=1h month=10 pair=ETH/USDT rows=744 year=2022
2026-09-23 07:28:50 [info     ] imported                       batches=1 interval=1h month=10 pair=ETH/USDT rows=744 year=2022
2026-09-23 07:28:50 [info     ] downloading                    url=https://data.binance.vision/data/spot/monthly/klines/ETHUSDT/1h/ETHUSDT-1h-2022-11.zip
2026-09-23 07:28:51 [info     ] imported_batch                 batch=1/1 interval=1h month=11 pair=ETH/USDT rows=720 year=2022
2026-09-23 07:28:51 [info     ] imported                       batches=1 interval=1h month=11 pair=ETH/USDT rows=720 year=2022
2026-09-23 07:28:51 [info     ] downloading                    url=https://data.binance.vision/data/spot/monthly/klines/ETHUSDT/1h/ETHUSDT-1h-2022-12.zip
2026-09-23 07:28:53 [info     ] imported_batch                 batch=1/1 interval=1h month=12 pair=ETH/USDT rows=744 year=2022
2026-09-23 07:28:53 [info     ] imported                       batches=1 interval=1h month=12 pair=ETH/USDT rows=744 year=2022
2026-09-23 07:28:53 [info     ] downloading                    url=https://data.binance.vision/data/spot/monthly/klines/ETHUSDT/1h/ETHUSDT-1h-2023-01.zip
2026-09-23 07:28:53 [info     ] imported_batch                 batch=1/1 interval=1h month=1 pair=ETH/USDT rows=744 year=2023
2026-09-23 07:28:53 [info     ] imported                       batches=1 interval=1h month=1 pair=ETH/USDT rows=744 year=2023
2026-09-23 07:28:53 [info     ] downloading                    url=https://data.binance.vision/data/spot/monthly/klines/ETHUSDT/1h/ETHUSDT-1h-2023-02.zip
2026-09-23 07:28:54 [info     ] imported_batch                 batch=1/1 interval=1h month=2 pair=ETH/USDT rows=672 year=2023
2026-09-23 07:28:54 [info     ] imported                       batches=1 interval=1h month=2 pair=ETH/USDT rows=672 year=2023
2026-09-23 07:28:54 [info     ] downloading                    url=https://data.binance.vision/data/spot/monthly/klines/ETHUSDT/1h/ETHUSDT-1h-2023-03.zip
2026-09-23 07:28:56 [info     ] imported_batch                 batch=1/1 interval=1h month=3 pair=ETH/USDT rows=743 year=2023
2026-09-23 07:28:56 [info     ] imported                       batches=1 interval=1h month=3 pair=ETH/USDT rows=743 year=2023
2026-09-23 07:28:56 [info     ] downloading                    url=https://data.binance.vision/data/spot/monthly/klines/ETHUSDT/1h/ETHUSDT-1h-2023-04.zip
2026-09-23 07:28:57 [info     ] imported_batch                 batch=1/1 interval=1h month=4 pair=ETH/USDT rows=720 year=2023
2026-09-23 07:28:57 [info     ] imported                       batches=1 interval=1h month=4 pair=ETH/USDT rows=720 year=2023
2026-09-23 07:28:57 [info     ] downloading                    url=https://data.binance.vision/data/spot/monthly/klines/ETHUSDT/1h/ETHUSDT-1h-2023-05.zip
2026-09-23 07:28:58 [info     ] imported_batch                 batch=1/1 interval=1h month=5 pair=ETH/USDT rows=744 year=2023
2026-09-23 07:28:58 [info     ] imported                       batches=1 interval=1h month=5 pair=ETH/USDT rows=744 year=2023
2026-09-23 07:28:58 [info     ] downloading                    url=https://data.binance.vision/data/spot/monthly/klines/ETHUSDT/1h/ETHUSDT-1h-2023-06.zip
2026-09-23 07:28:59 [info     ] imported_batch                 batch=1/1 interval=1h month=6 pair=ETH/USDT rows=720 year=2023
2026-09-23 07:28:59 [info     ] imported                       batches=1 interval=1h month=6 pair=ETH/USDT rows=720 year=2023
2026-09-23 07:28:59 [info     ] downloading                    url=https://data.binance.vision/data/spot/monthly/klines/ETHUSDT/1h/ETHUSDT-1h-2023-07.zip
2026-09-23 07:29:00 [info     ] imported_batch                 batch=1/1 interval=1h month=7 pair=ETH/USDT rows=744 year=2023
2026-09-23 07:29:00 [info     ] imported                       batches=1 interval=1h month=7 pair=ETH/USDT rows=744 year=2023
2026-09-23 07:29:00 [info     ] downloading                    url=https://data.binance.vision/data/spot/monthly/klines/ETHUSDT/1h/ETHUSDT-1h-2023-08.zip
2026-09-23 07:29:01 [info     ] imported_batch                 batch=1/1 interval=1h month=8 pair=ETH/USDT rows=744 year=2023
2026-09-23 07:29:01 [info     ] imported                       batches=1 interval=1h month=8 pair=ETH/USDT rows=744 year=2023
2026-09-23 07:29:01 [info     ] downloading                    url=https://data.binance.vision/data/spot/monthly/klines/ETHUSDT/1h/ETHUSDT-1h-2023-09.zip
2026-09-23 07:29:02 [info     ] imported_batch                 batch=1/1 interval=1h month=9 pair=ETH/USDT rows=720 year=2023
2026-09-23 07:29:02 [info     ] imported                       batches=1 interval=1h month=9 pair=ETH/USDT rows=720 year=2023
2026-09-23 07:29:02 [info     ] downloading                    url=https://data.binance.vision/data/spot/monthly/klines/ETHUSDT/1h/ETHUSDT-1h-2023-10.zip
2026-09-23 07:29:03 [info     ] imported_batch                 batch=1/1 interval=1h month=10 pair=ETH/USDT rows=744 year=2023
2026-09-23 07:29:03 [info     ] imported                       batches=1 interval=1h month=10 pair=ETH/USDT rows=744 year=2023
2026-09-23 07:29:03 [info     ] downloading                    url=https://data.binance.vision/data/spot/monthly/klines/ETHUSDT/1h/ETHUSDT-1h-2023-11.zip
2026-09-23 07:29:04 [info     ] imported_batch                 batch=1/1 interval=1h month=11 pair=ETH/USDT rows=720 year=2023
2026-09-23 07:29:04 [info     ] imported                       batches=1 interval=1h month=11 pair=ETH/USDT rows=720 year=2023
2026-09-23 07:29:04 [info     ] downloading                    url=https://data.binance.vision/data/spot/monthly/klines/ETHUSDT/1h/ETHUSDT-1h-2023-12.zip
2026-09-23 07:29:05 [info     ] imported_batch                 batch=1/1 interval=1h month=12 pair=ETH/USDT rows=744 year=2023
2026-09-23 07:29:05 [info     ] imported                       batches=1 interval=1h month=12 pair=ETH/USDT rows=744 year=2023
2026-09-23 07:29:05 [info     ] downloading                    url=https://data.binance.vision/data/spot/monthly/klines/ETHUSDT/1h/ETHUSDT-1h-2024-01.zip
2026-09-23 07:29:06 [info     ] imported_batch                 batch=1/1 interval=1h month=1 pair=ETH/USDT rows=744 year=2024
2026-09-23 07:29:06 [info     ] imported                       batches=1 interval=1h month=1 pair=ETH/USDT rows=744 year=2024
2026-09-23 07:29:06 [info     ] downloading                    url=https://data.binance.vision/data/spot/monthly/klines/ETHUSDT/1h/ETHUSDT-1h-2024-02.zip
2026-09-23 07:29:08 [info     ] imported_batch                 batch=1/1 interval=1h month=2 pair=ETH/USDT rows=696 year=2024
2026-09-23 07:29:08 [info     ] imported                       batches=1 interval=1h month=2 pair=ETH/USDT rows=696 year=2024
2026-09-23 07:29:08 [info     ] downloading                    url=https://data.binance.vision/data/spot/monthly/klines/ETHUSDT/1h/ETHUSDT-1h-2024-03.zip
2026-09-23 07:29:09 [info     ] imported_batch                 batch=1/1 interval=1h month=3 pair=ETH/USDT rows=744 year=2024
2026-09-23 07:29:09 [info     ] imported                       batches=1 interval=1h month=3 pair=ETH/USDT rows=744 year=2024
2026-09-23 07:29:09 [info     ] downloading                    url=https://data.binance.vision/data/spot/monthly/klines/ETHUSDT/1h/ETHUSDT-1h-2024-04.zip
2026-09-23 07:29:10 [info     ] imported_batch                 batch=1/1 interval=1h month=4 pair=ETH/USDT rows=720 year=2024
2026-09-23 07:29:10 [info     ] imported                       batches=1 interval=1h month=4 pair=ETH/USDT rows=720 year=2024
2026-09-23 07:29:10 [info     ] downloading                    url=https://data.binance.vision/data/spot/monthly/klines/ETHUSDT/1h/ETHUSDT-1h-2024-05.zip
2026-09-23 07:29:11 [info     ] imported_batch                 batch=1/1 interval=1h month=5 pair=ETH/USDT rows=744 year=2024
2026-09-23 07:29:11 [info     ] imported                       batches=1 interval=1h month=5 pair=ETH/USDT rows=744 year=2024
2026-09-23 07:29:11 [info     ] downloading                    url=https://data.binance.vision/data/spot/monthly/klines/ETHUSDT/1h/ETHUSDT-1h-2024-06.zip
2026-09-23 07:29:12 [info     ] imported_batch                 batch=1/1 interval=1h month=6 pair=ETH/USDT rows=720 year=2024
2026-09-23 07:29:12 [info     ] imported                       batches=1 interval=1h month=6 pair=ETH/USDT rows=720 year=2024
2026-09-23 07:29:12 [info     ] downloading                    url=https://data.binance.vision/data/spot/monthly/klines/ETHUSDT/1h/ETHUSDT-1h-2024-07.zip
2026-09-23 07:29:13 [info     ] imported_batch                 batch=1/1 interval=1h month=7 pair=ETH/USDT rows=744 year=2024
2026-09-23 07:29:14 [info     ] imported                       batches=1 interval=1h month=7 pair=ETH/USDT rows=744 year=2024
2026-09-23 07:29:14 [info     ] downloading                    url=https://data.binance.vision/data/spot/monthly/klines/ETHUSDT/1h/ETHUSDT-1h-2024-08.zip
2026-09-23 07:29:14 [info     ] imported_batch                 batch=1/1 interval=1h month=8 pair=ETH/USDT rows=744 year=2024
2026-09-23 07:29:14 [info     ] imported                       batches=1 interval=1h month=8 pair=ETH/USDT rows=744 year=2024
2026-09-23 07:29:14 [info     ] downloading                    url=https://data.binance.vision/data/spot/monthly/klines/ETHUSDT/1h/ETHUSDT-1h-2024-09.zip
2026-09-23 07:29:16 [info     ] imported_batch                 batch=1/1 interval=1h month=9 pair=ETH/USDT rows=720 year=2024
2026-09-23 07:29:16 [info     ] imported                       batches=1 interval=1h month=9 pair=ETH/USDT rows=720 year=2024
2026-09-23 07:29:16 [info     ] downloading                    url=https://data.binance.vision/data/spot/monthly/klines/ETHUSDT/1h/ETHUSDT-1h-2024-10.zip
2026-09-23 07:29:17 [info     ] imported_batch                 batch=1/1 interval=1h month=10 pair=ETH/USDT rows=744 year=2024
2026-09-23 07:29:17 [info     ] imported                       batches=1 interval=1h month=10 pair=ETH/USDT rows=744 year=2024
2026-09-23 07:29:17 [info     ] downloading                    url=https://data.binance.vision/data/spot/monthly/klines/ETHUSDT/1h/ETHUSDT-1h-2024-11.zip
2026-09-23 07:29:18 [info     ] imported_batch                 batch=1/1 interval=1h month=11 pair=ETH/USDT rows=720 year=2024
2026-09-23 07:29:18 [info     ] imported                       batches=1 interval=1h month=11 pair=ETH/USDT rows=720 year=2024
2026-09-23 07:29:18 [info     ] downloading                    url=https://data.binance.vision/data/spot/monthly/klines/ETHUSDT/1h/ETHUSDT-1h-2024-12.zip
2026-09-23 07:29:19 [info     ] imported_batch                 batch=1/1 interval=1h month=12 pair=ETH/USDT rows=744 year=2024
2026-09-23 07:29:19 [info     ] imported                       batches=1 interval=1h month=12 pair=ETH/USDT rows=744 year=2024
2026-09-23 07:29:19 [info     ] downloading                    url=https://data.binance.vision/data/spot/monthly/klines/ETHUSDT/1h/ETHUSDT-1h-2025-01.zip
2026-09-23 07:29:20 [info     ] imported_batch                 batch=1/1 interval=1h month=1 pair=ETH/USDT rows=744 year=2025
2026-09-23 07:29:20 [info     ] imported                       batches=1 interval=1h month=1 pair=ETH/USDT rows=744 year=2025
2026-09-23 07:29:20 [info     ] downloading                    url=https://data.binance.vision/data/spot/monthly/klines/ETHUSDT/1h/ETHUSDT-1h-2025-02.zip
2026-09-23 07:29:21 [info     ] imported_batch                 batch=1/1 interval=1h month=2 pair=ETH/USDT rows=672 year=2025
2026-09-23 07:29:21 [info     ] imported                       batches=1 interval=1h month=2 pair=ETH/USDT rows=672 year=2025
2026-09-23 07:29:21 [info     ] downloading                    url=https://data.binance.vision/data/spot/monthly/klines/ETHUSDT/1h/ETHUSDT-1h-2025-03.zip
2026-09-23 07:29:22 [info     ] imported_batch                 batch=1/1 interval=1h month=3 pair=ETH/USDT rows=744 year=2025
2026-09-23 07:29:22 [info     ] imported                       batches=1 interval=1h month=3 pair=ETH/USDT rows=744 year=2025
2026-09-23 07:29:22 [info     ] downloading                    url=https://data.binance.vision/data/spot/monthly/klines/ETHUSDT/1h/ETHUSDT-1h-2025-04.zip
2026-09-23 07:29:23 [info     ] imported_batch                 batch=1/1 interval=1h month=4 pair=ETH/USDT rows=720 year=2025
2026-09-23 07:29:23 [info     ] imported                       batches=1 interval=1h month=4 pair=ETH/USDT rows=720 year=2025
2026-09-23 07:29:23 [info     ] downloading                    url=https://data.binance.vision/data/spot/monthly/klines/ETHUSDT/1h/ETHUSDT-1h-2025-05.zip
2026-09-23 07:29:25 [info     ] imported_batch                 batch=1/1 interval=1h month=5 pair=ETH/USDT rows=744 year=2025
2026-09-23 07:29:25 [info     ] imported                       batches=1 interval=1h month=5 pair=ETH/USDT rows=744 year=2025
2026-09-23 07:29:25 [info     ] downloading                    url=https://data.binance.vision/data/spot/monthly/klines/ETHUSDT/1h/ETHUSDT-1h-2025-06.zip
2026-09-23 07:29:25 [info     ] imported_batch                 batch=1/1 interval=1h month=6 pair=ETH/USDT rows=720 year=2025
2026-09-23 07:29:25 [info     ] imported                       batches=1 interval=1h month=6 pair=ETH/USDT rows=720 year=2025
2026-09-23 07:29:25 [info     ] downloading                    url=https://data.binance.vision/data/spot/monthly/klines/ETHUSDT/1h/ETHUSDT-1h-2025-07.zip
2026-09-23 07:29:27 [info     ] imported_batch                 batch=1/1 interval=1h month=7 pair=ETH/USDT rows=744 year=2025
2026-09-23 07:29:27 [info     ] imported                       batches=1 interval=1h month=7 pair=ETH/USDT rows=744 year=2025
2026-09-23 07:29:27 [info     ] downloading                    url=https://data.binance.vision/data/spot/monthly/klines/ETHUSDT/1h/ETHUSDT-1h-2025-08.zip
2026-09-23 07:29:28 [info     ] imported_batch                 batch=1/1 interval=1h month=8 pair=ETH/USDT rows=744 year=2025
2026-09-23 07:29:28 [info     ] imported                       batches=1 interval=1h month=8 pair=ETH/USDT rows=744 year=2025
2026-09-23 07:29:28 [info     ] progress                       pct=49.0% processed=600 total=1224 total_rows=1693712
2026-09-23 07:29:28 [info     ] downloading                    url=https://data.binance.vision/data/spot/monthly/klines/ETHUSDT/1h/ETHUSDT-1h-2025-09.zip
2026-09-23 07:29:29 [info     ] imported_batch                 batch=1/1 interval=1h month=9 pair=ETH/USDT rows=720 year=2025
2026-09-23 07:29:29 [info     ] imported                       batches=1 interval=1h month=9 pair=ETH/USDT rows=720 year=2025
2026-09-23 07:29:29 [info     ] downloading                    url=https://data.binance.vision/data/spot/monthly/klines/ETHUSDT/1h/ETHUSDT-1h-2025-10.zip
2026-09-23 07:29:30 [info     ] imported_batch                 batch=1/1 interval=1h month=10 pair=ETH/USDT rows=744 year=2025
2026-09-23 07:29:30 [info     ] imported                       batches=1 interval=1h month=10 pair=ETH/USDT rows=744 year=2025
2026-09-23 07:29:30 [info     ] downloading                    url=https://data.binance.vision/data/spot/monthly/klines/ETHUSDT/1h/ETHUSDT-1h-2025-11.zip
2026-09-23 07:29:31 [info     ] imported_batch                 batch=1/1 interval=1h month=11 pair=ETH/USDT rows=720 year=2025
2026-09-23 07:29:31 [info     ] imported                       batches=1 interval=1h month=11 pair=ETH/USDT rows=720 year=2025
2026-09-23 07:29:31 [info     ] downloading                    url=https://data.binance.vision/data/spot/monthly/klines/ETHUSDT/1h/ETHUSDT-1h-2025-12.zip
2026-09-23 07:29:32 [info     ] imported_batch                 batch=1/1 interval=1h month=12 pair=ETH/USDT rows=744 year=2025
2026-09-23 07:29:32 [info     ] imported                       batches=1 interval=1h month=12 pair=ETH/USDT rows=744 year=2025
2026-09-23 07:29:32 [info     ] downloading                    url=https://data.binance.vision/data/spot/monthly/klines/ETHUSDT/1h/ETHUSDT-1h-2026-01.zip
2026-09-23 07:29:34 [info     ] imported_batch                 batch=1/1 interval=1h month=1 pair=ETH/USDT rows=744 year=2026
2026-09-23 07:29:34 [info     ] imported                       batches=1 interval=1h month=1 pair=ETH/USDT rows=744 year=2026
2026-09-23 07:29:34 [info     ] downloading                    url=https://data.binance.vision/data/spot/monthly/klines/ETHUSDT/1h/ETHUSDT-1h-2026-02.zip
2026-09-23 07:29:35 [info     ] imported_batch                 batch=1/1 interval=1h month=2 pair=ETH/USDT rows=672 year=2026
2026-09-23 07:29:35 [info     ] imported                       batches=1 interval=1h month=2 pair=ETH/USDT rows=672 year=2026
2026-09-23 07:29:35 [info     ] downloading                    url=https://data.binance.vision/data/spot/monthly/klines/ETHUSDT/1h/ETHUSDT-1h-2026-03.zip
2026-09-23 07:29:36 [info     ] imported_batch                 batch=1/1 interval=1h month=3 pair=ETH/USDT rows=744 year=2026
2026-09-23 07:29:36 [info     ] imported                       batches=1 interval=1h month=3 pair=ETH/USDT rows=744 year=2026
2026-09-23 07:29:36 [info     ] downloading                    url=https://data.binance.vision/data/spot/monthly/klines/ETHUSDT/1h/ETHUSDT-1h-2026-04.zip
2026-09-23 07:29:37 [info     ] imported_batch                 batch=1/1 interval=1h month=4 pair=ETH/USDT rows=720 year=2026
2026-09-23 07:29:37 [info     ] imported                       batches=1 interval=1h month=4 pair=ETH/USDT rows=720 year=2026
2026-09-23 07:29:37 [info     ] downloading                    url=https://data.binance.vision/data/spot/monthly/klines/ETHUSDT/1h/ETHUSDT-1h-2026-05.zip
2026-09-23 07:29:38 [info     ] imported_batch                 batch=1/1 interval=1h month=5 pair=ETH/USDT rows=744 year=2026
2026-09-23 07:29:38 [info     ] imported                       batches=1 interval=1h month=5 pair=ETH/USDT rows=744 year=2026
2026-09-23 07:29:38 [info     ] downloading                    url=https://data.binance.vision/data/spot/monthly/klines/ETHUSDT/1h/ETHUSDT-1h-2026-06.zip
2026-09-23 07:29:39 [info     ] imported_batch                 batch=1/1 interval=1h month=6 pair=ETH/USDT rows=720 year=2026
2026-09-23 07:29:39 [info     ] imported                       batches=1 interval=1h month=6 pair=ETH/USDT rows=720 year=2026
2026-09-23 07:29:39 [info     ] downloading                    url=https://data.binance.vision/data/spot/monthly/klines/ETHUSDT/1h/ETHUSDT-1h-2026-07.zip
2026-09-23 07:29:40 [info     ] imported_batch                 batch=1/1 interval=1h month=7 pair=ETH/USDT rows=744 year=2026
2026-09-23 07:29:40 [info     ] imported                       batches=1 interval=1h month=7 pair=ETH/USDT rows=744 year=2026
2026-09-23 07:29:40 [info     ] downloading                    url=https://data.binance.vision/data/spot/monthly/klines/ETHUSDT/1h/ETHUSDT-1h-2026-08.zip
2026-09-23 07:29:40 [info     ] imported_batch                 batch=1/1 interval=1h month=8 pair=ETH/USDT rows=744 year=2026
2026-09-23 07:29:40 [info     ] imported                       batches=1 interval=1h month=8 pair=ETH/USDT rows=744 year=2026
2026-09-23 07:29:40 [info     ] downloading                    url=https://data.binance.vision/data/spot/monthly/klines/ETHUSDT/4h/ETHUSDT-4h-2021-01.zip
2026-09-23 07:29:41 [info     ] imported_batch                 batch=1/1 interval=4h month=1 pair=ETH/USDT rows=186 year=2021
2026-09-23 07:29:41 [info     ] imported                       batches=1 interval=4h month=1 pair=ETH/USDT rows=186 year=2021
2026-09-23 07:29:41 [info     ] downloading                    url=https://data.binance.vision/data/spot/monthly/klines/ETHUSDT/4h/ETHUSDT-4h-2021-02.zip
2026-09-23 07:29:42 [info     ] imported_batch                 batch=1/1 interval=4h month=2 pair=ETH/USDT rows=168 year=2021
2026-09-23 07:29:42 [info     ] imported                       batches=1 interval=4h month=2 pair=ETH/USDT rows=168 year=2021
2026-09-23 07:29:42 [info     ] downloading                    url=https://data.binance.vision/data/spot/monthly/klines/ETHUSDT/4h/ETHUSDT-4h-2021-03.zip
2026-09-23 07:29:42 [info     ] imported_batch                 batch=1/1 interval=4h month=3 pair=ETH/USDT rows=186 year=2021
2026-09-23 07:29:42 [info     ] imported                       batches=1 interval=4h month=3 pair=ETH/USDT rows=186 year=2021
2026-09-23 07:29:42 [info     ] downloading                    url=https://data.binance.vision/data/spot/monthly/klines/ETHUSDT/4h/ETHUSDT-4h-2021-04.zip
2026-09-23 07:29:43 [info     ] imported_batch                 batch=1/1 interval=4h month=4 pair=ETH/USDT rows=180 year=2021
2026-09-23 07:29:43 [info     ] imported                       batches=1 interval=4h month=4 pair=ETH/USDT rows=180 year=2021
2026-09-23 07:29:43 [info     ] downloading                    url=https://data.binance.vision/data/spot/monthly/klines/ETHUSDT/4h/ETHUSDT-4h-2021-05.zip
2026-09-23 07:29:44 [info     ] imported_batch                 batch=1/1 interval=4h month=5 pair=ETH/USDT rows=186 year=2021
2026-09-23 07:29:44 [info     ] imported                       batches=1 interval=4h month=5 pair=ETH/USDT rows=186 year=2021
2026-09-23 07:29:44 [info     ] downloading                    url=https://data.binance.vision/data/spot/monthly/klines/ETHUSDT/4h/ETHUSDT-4h-2021-06.zip
2026-09-23 07:29:45 [info     ] imported_batch                 batch=1/1 interval=4h month=6 pair=ETH/USDT rows=180 year=2021
2026-09-23 07:29:45 [info     ] imported                       batches=1 interval=4h month=6 pair=ETH/USDT rows=180 year=2021
2026-09-23 07:29:45 [info     ] downloading                    url=https://data.binance.vision/data/spot/monthly/klines/ETHUSDT/4h/ETHUSDT-4h-2021-07.zip
2026-09-23 07:29:45 [info     ] imported_batch                 batch=1/1 interval=4h month=7 pair=ETH/USDT rows=186 year=2021
2026-09-23 07:29:45 [info     ] imported                       batches=1 interval=4h month=7 pair=ETH/USDT rows=186 year=2021
2026-09-23 07:29:45 [info     ] downloading                    url=https://data.binance.vision/data/spot/monthly/klines/ETHUSDT/4h/ETHUSDT-4h-2021-08.zip
2026-09-23 07:29:46 [info     ] imported_batch                 batch=1/1 interval=4h month=8 pair=ETH/USDT rows=186 year=2021
2026-09-23 07:29:46 [info     ] imported                       batches=1 interval=4h month=8 pair=ETH/USDT rows=186 year=2021
2026-09-23 07:29:46 [info     ] downloading                    url=https://data.binance.vision/data/spot/monthly/klines/ETHUSDT/4h/ETHUSDT-4h-2021-09.zip
2026-09-23 07:29:47 [info     ] imported_batch                 batch=1/1 interval=4h month=9 pair=ETH/USDT rows=180 year=2021
2026-09-23 07:29:47 [info     ] imported                       batches=1 interval=4h month=9 pair=ETH/USDT rows=180 year=2021
2026-09-23 07:29:47 [info     ] downloading                    url=https://data.binance.vision/data/spot/monthly/klines/ETHUSDT/4h/ETHUSDT-4h-2021-10.zip
2026-09-23 07:29:48 [info     ] imported_batch                 batch=1/1 interval=4h month=10 pair=ETH/USDT rows=186 year=2021
2026-09-23 07:29:48 [info     ] imported                       batches=1 interval=4h month=10 pair=ETH/USDT rows=186 year=2021
2026-09-23 07:29:48 [info     ] downloading                    url=https://data.binance.vision/data/spot/monthly/klines/ETHUSDT/4h/ETHUSDT-4h-2021-11.zip
2026-09-23 07:29:48 [info     ] imported_batch                 batch=1/1 interval=4h month=11 pair=ETH/USDT rows=180 year=2021
2026-09-23 07:29:48 [info     ] imported                       batches=1 interval=4h month=11 pair=ETH/USDT rows=180 year=2021
2026-09-23 07:29:48 [info     ] downloading                    url=https://data.binance.vision/data/spot/monthly/klines/ETHUSDT/4h/ETHUSDT-4h-2021-12.zip
2026-09-23 07:29:49 [info     ] imported_batch                 batch=1/1 interval=4h month=12 pair=ETH/USDT rows=186 year=2021
2026-09-23 07:29:49 [info     ] imported                       batches=1 interval=4h month=12 pair=ETH/USDT rows=186 year=2021
2026-09-23 07:29:49 [info     ] downloading                    url=https://data.binance.vision/data/spot/monthly/klines/ETHUSDT/4h/ETHUSDT-4h-2022-01.zip
2026-09-23 07:29:50 [info     ] imported_batch                 batch=1/1 interval=4h month=1 pair=ETH/USDT rows=186 year=2022
2026-09-23 07:29:50 [info     ] imported                       batches=1 interval=4h month=1 pair=ETH/USDT rows=186 year=2022
2026-09-23 07:29:50 [info     ] downloading                    url=https://data.binance.vision/data/spot/monthly/klines/ETHUSDT/4h/ETHUSDT-4h-2022-02.zip
2026-09-23 07:29:50 [info     ] imported_batch                 batch=1/1 interval=4h month=2 pair=ETH/USDT rows=168 year=2022
2026-09-23 07:29:50 [info     ] imported                       batches=1 interval=4h month=2 pair=ETH/USDT rows=168 year=2022
2026-09-23 07:29:50 [info     ] downloading                    url=https://data.binance.vision/data/spot/monthly/klines/ETHUSDT/4h/ETHUSDT-4h-2022-03.zip
2026-09-23 07:29:51 [info     ] imported_batch                 batch=1/1 interval=4h month=3 pair=ETH/USDT rows=186 year=2022
2026-09-23 07:29:51 [info     ] imported                       batches=1 interval=4h month=3 pair=ETH/USDT rows=186 year=2022
2026-09-23 07:29:51 [info     ] downloading                    url=https://data.binance.vision/data/spot/monthly/klines/ETHUSDT/4h/ETHUSDT-4h-2022-04.zip
2026-09-23 07:29:51 [info     ] imported_batch                 batch=1/1 interval=4h month=4 pair=ETH/USDT rows=180 year=2022
2026-09-23 07:29:51 [info     ] imported                       batches=1 interval=4h month=4 pair=ETH/USDT rows=180 year=2022
2026-09-23 07:29:51 [info     ] downloading                    url=https://data.binance.vision/data/spot/monthly/klines/ETHUSDT/4h/ETHUSDT-4h-2022-05.zip
2026-09-23 07:29:52 [info     ] imported_batch                 batch=1/1 interval=4h month=5 pair=ETH/USDT rows=186 year=2022
2026-09-23 07:29:52 [info     ] imported                       batches=1 interval=4h month=5 pair=ETH/USDT rows=186 year=2022
2026-09-23 07:29:52 [info     ] downloading                    url=https://data.binance.vision/data/spot/monthly/klines/ETHUSDT/4h/ETHUSDT-4h-2022-06.zip
2026-09-23 07:29:53 [info     ] imported_batch                 batch=1/1 interval=4h month=6 pair=ETH/USDT rows=180 year=2022
2026-09-23 07:29:53 [info     ] imported                       batches=1 interval=4h month=6 pair=ETH/USDT rows=180 year=2022
2026-09-23 07:29:53 [info     ] downloading                    url=https://data.binance.vision/data/spot/monthly/klines/ETHUSDT/4h/ETHUSDT-4h-2022-07.zip
2026-09-23 07:29:54 [info     ] imported_batch                 batch=1/1 interval=4h month=7 pair=ETH/USDT rows=186 year=2022
2026-09-23 07:29:54 [info     ] imported                       batches=1 interval=4h month=7 pair=ETH/USDT rows=186 year=2022
2026-09-23 07:29:54 [info     ] downloading                    url=https://data.binance.vision/data/spot/monthly/klines/ETHUSDT/4h/ETHUSDT-4h-2022-08.zip
2026-09-23 07:29:54 [info     ] imported_batch                 batch=1/1 interval=4h month=8 pair=ETH/USDT rows=186 year=2022
2026-09-23 07:29:54 [info     ] imported                       batches=1 interval=4h month=8 pair=ETH/USDT rows=186 year=2022
2026-09-23 07:29:54 [info     ] downloading                    url=https://data.binance.vision/data/spot/monthly/klines/ETHUSDT/4h/ETHUSDT-4h-2022-09.zip
2026-09-23 07:29:55 [info     ] imported_batch                 batch=1/1 interval=4h month=9 pair=ETH/USDT rows=180 year=2022
2026-09-23 07:29:55 [info     ] imported                       batches=1 interval=4h month=9 pair=ETH/USDT rows=180 year=2022
2026-09-23 07:29:55 [info     ] downloading                    url=https://data.binance.vision/data/spot/monthly/klines/ETHUSDT/4h/ETHUSDT-4h-2022-10.zip
2026-09-23 07:29:55 [info     ] imported_batch                 batch=1/1 interval=4h month=10 pair=ETH/USDT rows=186 year=2022
2026-09-23 07:29:55 [info     ] imported                       batches=1 interval=4h month=10 pair=ETH/USDT rows=186 year=2022
2026-09-23 07:29:55 [info     ] downloading                    url=https://data.binance.vision/data/spot/monthly/klines/ETHUSDT/4h/ETHUSDT-4h-2022-11.zip
2026-09-23 07:29:56 [info     ] imported_batch                 batch=1/1 interval=4h month=11 pair=ETH/USDT rows=180 year=2022
2026-09-23 07:29:56 [info     ] imported                       batches=1 interval=4h month=11 pair=ETH/USDT rows=180 year=2022
2026-09-23 07:29:56 [info     ] downloading                    url=https://data.binance.vision/data/spot/monthly/klines/ETHUSDT/4h/ETHUSDT-4h-2022-12.zip
2026-09-23 07:29:56 [info     ] imported_batch                 batch=1/1 interval=4h month=12 pair=ETH/USDT rows=186 year=2022
2026-09-23 07:29:56 [info     ] imported                       batches=1 interval=4h month=12 pair=ETH/USDT rows=186 year=2022
2026-09-23 07:29:56 [info     ] downloading                    url=https://data.binance.vision/data/spot/monthly/klines/ETHUSDT/4h/ETHUSDT-4h-2023-01.zip
2026-09-23 07:29:57 [info     ] imported_batch                 batch=1/1 interval=4h month=1 pair=ETH/USDT rows=186 year=2023
2026-09-23 07:29:57 [info     ] imported                       batches=1 interval=4h month=1 pair=ETH/USDT rows=186 year=2023
2026-09-23 07:29:57 [info     ] downloading                    url=https://data.binance.vision/data/spot/monthly/klines/ETHUSDT/4h/ETHUSDT-4h-2023-02.zip
2026-09-23 07:29:58 [info     ] imported_batch                 batch=1/1 interval=4h month=2 pair=ETH/USDT rows=168 year=2023
2026-09-23 07:29:58 [info     ] imported                       batches=1 interval=4h month=2 pair=ETH/USDT rows=168 year=2023
2026-09-23 07:29:58 [info     ] downloading                    url=https://data.binance.vision/data/spot/monthly/klines/ETHUSDT/4h/ETHUSDT-4h-2023-03.zip
2026-09-23 07:29:59 [info     ] imported_batch                 batch=1/1 interval=4h month=3 pair=ETH/USDT rows=186 year=2023
2026-09-23 07:29:59 [info     ] imported                       batches=1 interval=4h month=3 pair=ETH/USDT rows=186 year=2023
2026-09-23 07:29:59 [info     ] downloading                    url=https://data.binance.vision/data/spot/monthly/klines/ETHUSDT/4h/ETHUSDT-4h-2023-04.zip
2026-09-23 07:30:00 [info     ] imported_batch                 batch=1/1 interval=4h month=4 pair=ETH/USDT rows=180 year=2023
2026-09-23 07:30:00 [info     ] imported                       batches=1 interval=4h month=4 pair=ETH/USDT rows=180 year=2023
2026-09-23 07:30:00 [info     ] downloading                    url=https://data.binance.vision/data/spot/monthly/klines/ETHUSDT/4h/ETHUSDT-4h-2023-05.zip
2026-09-23 07:30:01 [info     ] imported_batch                 batch=1/1 interval=4h month=5 pair=ETH/USDT rows=186 year=2023
2026-09-23 07:30:01 [info     ] imported                       batches=1 interval=4h month=5 pair=ETH/USDT rows=186 year=2023
2026-09-23 07:30:01 [info     ] downloading                    url=https://data.binance.vision/data/spot/monthly/klines/ETHUSDT/4h/ETHUSDT-4h-2023-06.zip
2026-09-23 07:30:02 [info     ] imported_batch                 batch=1/1 interval=4h month=6 pair=ETH/USDT rows=180 year=2023
2026-09-23 07:30:02 [info     ] imported                       batches=1 interval=4h month=6 pair=ETH/USDT rows=180 year=2023
2026-09-23 07:30:02 [info     ] downloading                    url=https://data.binance.vision/data/spot/monthly/klines/ETHUSDT/4h/ETHUSDT-4h-2023-07.zip
2026-09-23 07:30:02 [info     ] imported_batch                 batch=1/1 interval=4h month=7 pair=ETH/USDT rows=186 year=2023
2026-09-23 07:30:02 [info     ] imported                       batches=1 interval=4h month=7 pair=ETH/USDT rows=186 year=2023
2026-09-23 07:30:02 [info     ] downloading                    url=https://data.binance.vision/data/spot/monthly/klines/ETHUSDT/4h/ETHUSDT-4h-2023-08.zip
2026-09-23 07:30:03 [info     ] imported_batch                 batch=1/1 interval=4h month=8 pair=ETH/USDT rows=186 year=2023
2026-09-23 07:30:03 [info     ] imported                       batches=1 interval=4h month=8 pair=ETH/USDT rows=186 year=2023
2026-09-23 07:30:03 [info     ] downloading                    url=https://data.binance.vision/data/spot/monthly/klines/ETHUSDT/4h/ETHUSDT-4h-2023-09.zip
2026-09-23 07:30:04 [info     ] imported_batch                 batch=1/1 interval=4h month=9 pair=ETH/USDT rows=180 year=2023
2026-09-23 07:30:04 [info     ] imported                       batches=1 interval=4h month=9 pair=ETH/USDT rows=180 year=2023
2026-09-23 07:30:04 [info     ] downloading                    url=https://data.binance.vision/data/spot/monthly/klines/ETHUSDT/4h/ETHUSDT-4h-2023-10.zip
2026-09-23 07:30:04 [info     ] imported_batch                 batch=1/1 interval=4h month=10 pair=ETH/USDT rows=186 year=2023
2026-09-23 07:30:04 [info     ] imported                       batches=1 interval=4h month=10 pair=ETH/USDT rows=186 year=2023
2026-09-23 07:30:04 [info     ] downloading                    url=https://data.binance.vision/data/spot/monthly/klines/ETHUSDT/4h/ETHUSDT-4h-2023-11.zip
2026-09-23 07:30:05 [info     ] imported_batch                 batch=1/1 interval=4h month=11 pair=ETH/USDT rows=180 year=2023
2026-09-23 07:30:05 [info     ] imported                       batches=1 interval=4h month=11 pair=ETH/USDT rows=180 year=2023
2026-09-23 07:30:05 [info     ] downloading                    url=https://data.binance.vision/data/spot/monthly/klines/ETHUSDT/4h/ETHUSDT-4h-2023-12.zip
2026-09-23 07:30:05 [info     ] imported_batch                 batch=1/1 interval=4h month=12 pair=ETH/USDT rows=186 year=2023
2026-09-23 07:30:05 [info     ] imported                       batches=1 interval=4h month=12 pair=ETH/USDT rows=186 year=2023
2026-09-23 07:30:05 [info     ] downloading                    url=https://data.binance.vision/data/spot/monthly/klines/ETHUSDT/4h/ETHUSDT-4h-2024-01.zip
2026-09-23 07:30:05 [info     ] imported_batch                 batch=1/1 interval=4h month=1 pair=ETH/USDT rows=186 year=2024
2026-09-23 07:30:05 [info     ] imported                       batches=1 interval=4h month=1 pair=ETH/USDT rows=186 year=2024
2026-09-23 07:30:05 [info     ] downloading                    url=https://data.binance.vision/data/spot/monthly/klines/ETHUSDT/4h/ETHUSDT-4h-2024-02.zip
2026-09-23 07:30:06 [info     ] imported_batch                 batch=1/1 interval=4h month=2 pair=ETH/USDT rows=174 year=2024
2026-09-23 07:30:06 [info     ] imported                       batches=1 interval=4h month=2 pair=ETH/USDT rows=174 year=2024
2026-09-23 07:30:06 [info     ] progress                       pct=53.1% processed=650 total=1224 total_rows=1709402
2026-09-23 07:30:06 [info     ] downloading                    url=https://data.binance.vision/data/spot/monthly/klines/ETHUSDT/4h/ETHUSDT-4h-2024-03.zip
2026-09-23 07:30:07 [info     ] imported_batch                 batch=1/1 interval=4h month=3 pair=ETH/USDT rows=186 year=2024
2026-09-23 07:30:07 [info     ] imported                       batches=1 interval=4h month=3 pair=ETH/USDT rows=186 year=2024
2026-09-23 07:30:07 [info     ] downloading                    url=https://data.binance.vision/data/spot/monthly/klines/ETHUSDT/4h/ETHUSDT-4h-2024-04.zip
2026-09-23 07:30:07 [info     ] imported_batch                 batch=1/1 interval=4h month=4 pair=ETH/USDT rows=180 year=2024
2026-09-23 07:30:07 [info     ] imported                       batches=1 interval=4h month=4 pair=ETH/USDT rows=180 year=2024
2026-09-23 07:30:07 [info     ] downloading                    url=https://data.binance.vision/data/spot/monthly/klines/ETHUSDT/4h/ETHUSDT-4h-2024-05.zip
2026-09-23 07:30:07 [info     ] imported_batch                 batch=1/1 interval=4h month=5 pair=ETH/USDT rows=186 year=2024
2026-09-23 07:30:07 [info     ] imported                       batches=1 interval=4h month=5 pair=ETH/USDT rows=186 year=2024
2026-09-23 07:30:07 [info     ] downloading                    url=https://data.binance.vision/data/spot/monthly/klines/ETHUSDT/4h/ETHUSDT-4h-2024-06.zip
2026-09-23 07:30:08 [info     ] imported_batch                 batch=1/1 interval=4h month=6 pair=ETH/USDT rows=180 year=2024
2026-09-23 07:30:08 [info     ] imported                       batches=1 interval=4h month=6 pair=ETH/USDT rows=180 year=2024
2026-09-23 07:30:08 [info     ] downloading                    url=https://data.binance.vision/data/spot/monthly/klines/ETHUSDT/4h/ETHUSDT-4h-2024-07.zip
2026-09-23 07:30:08 [info     ] imported_batch                 batch=1/1 interval=4h month=7 pair=ETH/USDT rows=186 year=2024
2026-09-23 07:30:08 [info     ] imported                       batches=1 interval=4h month=7 pair=ETH/USDT rows=186 year=2024
2026-09-23 07:30:08 [info     ] downloading                    url=https://data.binance.vision/data/spot/monthly/klines/ETHUSDT/4h/ETHUSDT-4h-2024-08.zip
2026-09-23 07:30:09 [info     ] imported_batch                 batch=1/1 interval=4h month=8 pair=ETH/USDT rows=186 year=2024
2026-09-23 07:30:09 [info     ] imported                       batches=1 interval=4h month=8 pair=ETH/USDT rows=186 year=2024
2026-09-23 07:30:09 [info     ] downloading                    url=https://data.binance.vision/data/spot/monthly/klines/ETHUSDT/4h/ETHUSDT-4h-2024-09.zip
2026-09-23 07:30:09 [info     ] imported_batch                 batch=1/1 interval=4h month=9 pair=ETH/USDT rows=180 year=2024
2026-09-23 07:30:09 [info     ] imported                       batches=1 interval=4h month=9 pair=ETH/USDT rows=180 year=2024
2026-09-23 07:30:09 [info     ] downloading                    url=https://data.binance.vision/data/spot/monthly/klines/ETHUSDT/4h/ETHUSDT-4h-2024-10.zip
2026-09-23 07:30:10 [info     ] imported_batch                 batch=1/1 interval=4h month=10 pair=ETH/USDT rows=186 year=2024
2026-09-23 07:30:10 [info     ] imported                       batches=1 interval=4h month=10 pair=ETH/USDT rows=186 year=2024
2026-09-23 07:30:10 [info     ] downloading                    url=https://data.binance.vision/data/spot/monthly/klines/ETHUSDT/4h/ETHUSDT-4h-2024-11.zip
2026-09-23 07:30:10 [info     ] imported_batch                 batch=1/1 interval=4h month=11 pair=ETH/USDT rows=180 year=2024
2026-09-23 07:30:10 [info     ] imported                       batches=1 interval=4h month=11 pair=ETH/USDT rows=180 year=2024
2026-09-23 07:30:10 [info     ] downloading                    url=https://data.binance.vision/data/spot/monthly/klines/ETHUSDT/4h/ETHUSDT-4h-2024-12.zip
2026-09-23 07:30:10 [info     ] imported_batch                 batch=1/1 interval=4h month=12 pair=ETH/USDT rows=186 year=2024
2026-09-23 07:30:10 [info     ] imported                       batches=1 interval=4h month=12 pair=ETH/USDT rows=186 year=2024
2026-09-23 07:30:10 [info     ] downloading                    url=https://data.binance.vision/data/spot/monthly/klines/ETHUSDT/4h/ETHUSDT-4h-2025-01.zip
2026-09-23 07:30:11 [info     ] imported_batch                 batch=1/1 interval=4h month=1 pair=ETH/USDT rows=186 year=2025
2026-09-23 07:30:11 [info     ] imported                       batches=1 interval=4h month=1 pair=ETH/USDT rows=186 year=2025
2026-09-23 07:30:11 [info     ] downloading                    url=https://data.binance.vision/data/spot/monthly/klines/ETHUSDT/4h/ETHUSDT-4h-2025-02.zip
2026-09-23 07:30:12 [info     ] imported_batch                 batch=1/1 interval=4h month=2 pair=ETH/USDT rows=168 year=2025
2026-09-23 07:30:12 [info     ] imported                       batches=1 interval=4h month=2 pair=ETH/USDT rows=168 year=2025
2026-09-23 07:30:12 [info     ] downloading                    url=https://data.binance.vision/data/spot/monthly/klines/ETHUSDT/4h/ETHUSDT-4h-2025-03.zip
2026-09-23 07:30:12 [info     ] imported_batch                 batch=1/1 interval=4h month=3 pair=ETH/USDT rows=186 year=2025
2026-09-23 07:30:12 [info     ] imported                       batches=1 interval=4h month=3 pair=ETH/USDT rows=186 year=2025
2026-09-23 07:30:12 [info     ] downloading                    url=https://data.binance.vision/data/spot/monthly/klines/ETHUSDT/4h/ETHUSDT-4h-2025-04.zip
2026-09-23 07:30:13 [info     ] imported_batch                 batch=1/1 interval=4h month=4 pair=ETH/USDT rows=180 year=2025
2026-09-23 07:30:13 [info     ] imported                       batches=1 interval=4h month=4 pair=ETH/USDT rows=180 year=2025
2026-09-23 07:30:13 [info     ] downloading                    url=https://data.binance.vision/data/spot/monthly/klines/ETHUSDT/4h/ETHUSDT-4h-2025-05.zip
2026-09-23 07:30:14 [info     ] imported_batch                 batch=1/1 interval=4h month=5 pair=ETH/USDT rows=186 year=2025
2026-09-23 07:30:14 [info     ] imported                       batches=1 interval=4h month=5 pair=ETH/USDT rows=186 year=2025
2026-09-23 07:30:14 [info     ] downloading                    url=https://data.binance.vision/data/spot/monthly/klines/ETHUSDT/4h/ETHUSDT-4h-2025-06.zip
2026-09-23 07:30:14 [info     ] imported_batch                 batch=1/1 interval=4h month=6 pair=ETH/USDT rows=180 year=2025
2026-09-23 07:30:14 [info     ] imported                       batches=1 interval=4h month=6 pair=ETH/USDT rows=180 year=2025
2026-09-23 07:30:14 [info     ] downloading                    url=https://data.binance.vision/data/spot/monthly/klines/ETHUSDT/4h/ETHUSDT-4h-2025-07.zip
2026-09-23 07:30:15 [info     ] imported_batch                 batch=1/1 interval=4h month=7 pair=ETH/USDT rows=186 year=2025
2026-09-23 07:30:15 [info     ] imported                       batches=1 interval=4h month=7 pair=ETH/USDT rows=186 year=2025
2026-09-23 07:30:15 [info     ] downloading                    url=https://data.binance.vision/data/spot/monthly/klines/ETHUSDT/4h/ETHUSDT-4h-2025-08.zip
2026-09-23 07:30:15 [info     ] imported_batch                 batch=1/1 interval=4h month=8 pair=ETH/USDT rows=186 year=2025
2026-09-23 07:30:15 [info     ] imported                       batches=1 interval=4h month=8 pair=ETH/USDT rows=186 year=2025
2026-09-23 07:30:15 [info     ] downloading                    url=https://data.binance.vision/data/spot/monthly/klines/ETHUSDT/4h/ETHUSDT-4h-2025-09.zip
2026-09-23 07:30:16 [info     ] imported_batch                 batch=1/1 interval=4h month=9 pair=ETH/USDT rows=180 year=2025
2026-09-23 07:30:16 [info     ] imported                       batches=1 interval=4h month=9 pair=ETH/USDT rows=180 year=2025
2026-09-23 07:30:16 [info     ] downloading                    url=https://data.binance.vision/data/spot/monthly/klines/ETHUSDT/4h/ETHUSDT-4h-2025-10.zip
2026-09-23 07:30:17 [info     ] imported_batch                 batch=1/1 interval=4h month=10 pair=ETH/USDT rows=186 year=2025
2026-09-23 07:30:17 [info     ] imported                       batches=1 interval=4h month=10 pair=ETH/USDT rows=186 year=2025
2026-09-23 07:30:17 [info     ] downloading                    url=https://data.binance.vision/data/spot/monthly/klines/ETHUSDT/4h/ETHUSDT-4h-2025-11.zip
2026-09-23 07:30:18 [info     ] imported_batch                 batch=1/1 interval=4h month=11 pair=ETH/USDT rows=180 year=2025
2026-09-23 07:30:18 [info     ] imported                       batches=1 interval=4h month=11 pair=ETH/USDT rows=180 year=2025
2026-09-23 07:30:18 [info     ] downloading                    url=https://data.binance.vision/data/spot/monthly/klines/ETHUSDT/4h/ETHUSDT-4h-2025-12.zip
2026-09-23 07:30:19 [info     ] imported_batch                 batch=1/1 interval=4h month=12 pair=ETH/USDT rows=186 year=2025
2026-09-23 07:30:19 [info     ] imported                       batches=1 interval=4h month=12 pair=ETH/USDT rows=186 year=2025
2026-09-23 07:30:19 [info     ] downloading                    url=https://data.binance.vision/data/spot/monthly/klines/ETHUSDT/4h/ETHUSDT-4h-2026-01.zip
2026-09-23 07:30:19 [info     ] imported_batch                 batch=1/1 interval=4h month=1 pair=ETH/USDT rows=186 year=2026
2026-09-23 07:30:19 [info     ] imported                       batches=1 interval=4h month=1 pair=ETH/USDT rows=186 year=2026
2026-09-23 07:30:19 [info     ] downloading                    url=https://data.binance.vision/data/spot/monthly/klines/ETHUSDT/4h/ETHUSDT-4h-2026-02.zip
2026-09-23 07:30:19 [info     ] imported_batch                 batch=1/1 interval=4h month=2 pair=ETH/USDT rows=168 year=2026
2026-09-23 07:30:19 [info     ] imported                       batches=1 interval=4h month=2 pair=ETH/USDT rows=168 year=2026
2026-09-23 07:30:19 [info     ] downloading                    url=https://data.binance.vision/data/spot/monthly/klines/ETHUSDT/4h/ETHUSDT-4h-2026-03.zip
2026-09-23 07:30:20 [info     ] imported_batch                 batch=1/1 interval=4h month=3 pair=ETH/USDT rows=186 year=2026
2026-09-23 07:30:20 [info     ] imported                       batches=1 interval=4h month=3 pair=ETH/USDT rows=186 year=2026
2026-09-23 07:30:20 [info     ] downloading                    url=https://data.binance.vision/data/spot/monthly/klines/ETHUSDT/4h/ETHUSDT-4h-2026-04.zip
2026-09-23 07:30:20 [info     ] imported_batch                 batch=1/1 interval=4h month=4 pair=ETH/USDT rows=180 year=2026
2026-09-23 07:30:20 [info     ] imported                       batches=1 interval=4h month=4 pair=ETH/USDT rows=180 year=2026
2026-09-23 07:30:20 [info     ] downloading                    url=https://data.binance.vision/data/spot/monthly/klines/ETHUSDT/4h/ETHUSDT-4h-2026-05.zip
2026-09-23 07:30:21 [info     ] imported_batch                 batch=1/1 interval=4h month=5 pair=ETH/USDT rows=186 year=2026
2026-09-23 07:30:21 [info     ] imported                       batches=1 interval=4h month=5 pair=ETH/USDT rows=186 year=2026
2026-09-23 07:30:21 [info     ] downloading                    url=https://data.binance.vision/data/spot/monthly/klines/ETHUSDT/4h/ETHUSDT-4h-2026-06.zip
2026-09-23 07:30:22 [info     ] imported_batch                 batch=1/1 interval=4h month=6 pair=ETH/USDT rows=180 year=2026
2026-09-23 07:30:22 [info     ] imported                       batches=1 interval=4h month=6 pair=ETH/USDT rows=180 year=2026
2026-09-23 07:30:22 [info     ] downloading                    url=https://data.binance.vision/data/spot/monthly/klines/ETHUSDT/4h/ETHUSDT-4h-2026-07.zip
2026-09-23 07:30:23 [info     ] imported_batch                 batch=1/1 interval=4h month=7 pair=ETH/USDT rows=186 year=2026
2026-09-23 07:30:23 [info     ] imported                       batches=1 interval=4h month=7 pair=ETH/USDT rows=186 year=2026
2026-09-23 07:30:23 [info     ] downloading                    url=https://data.binance.vision/data/spot/monthly/klines/ETHUSDT/4h/ETHUSDT-4h-2026-08.zip
2026-09-23 07:30:24 [info     ] imported_batch                 batch=1/1 interval=4h month=8 pair=ETH/USDT rows=186 year=2026
2026-09-23 07:30:24 [info     ] imported                       batches=1 interval=4h month=8 pair=ETH/USDT rows=186 year=2026
2026-09-23 07:30:24 [info     ] downloading                    url=https://data.binance.vision/data/spot/monthly/klines/ETHUSDT/1d/ETHUSDT-1d-2021-01.zip
2026-09-23 07:30:24 [info     ] imported_batch                 batch=1/1 interval=1d month=1 pair=ETH/USDT rows=31 year=2021
2026-09-23 07:30:24 [info     ] imported                       batches=1 interval=1d month=1 pair=ETH/USDT rows=31 year=2021
2026-09-23 07:30:24 [info     ] downloading                    url=https://data.binance.vision/data/spot/monthly/klines/ETHUSDT/1d/ETHUSDT-1d-2021-02.zip
2026-09-23 07:30:24 [info     ] imported_batch                 batch=1/1 interval=1d month=2 pair=ETH/USDT rows=28 year=2021
2026-09-23 07:30:24 [info     ] imported                       batches=1 interval=1d month=2 pair=ETH/USDT rows=28 year=2021
2026-09-23 07:30:24 [info     ] downloading                    url=https://data.binance.vision/data/spot/monthly/klines/ETHUSDT/1d/ETHUSDT-1d-2021-03.zip
2026-09-23 07:30:25 [info     ] imported_batch                 batch=1/1 interval=1d month=3 pair=ETH/USDT rows=31 year=2021
2026-09-23 07:30:25 [info     ] imported                       batches=1 interval=1d month=3 pair=ETH/USDT rows=31 year=2021
2026-09-23 07:30:25 [info     ] downloading                    url=https://data.binance.vision/data/spot/monthly/klines/ETHUSDT/1d/ETHUSDT-1d-2021-04.zip
2026-09-23 07:30:25 [info     ] imported_batch                 batch=1/1 interval=1d month=4 pair=ETH/USDT rows=30 year=2021
2026-09-23 07:30:25 [info     ] imported                       batches=1 interval=1d month=4 pair=ETH/USDT rows=30 year=2021
2026-09-23 07:30:25 [info     ] downloading                    url=https://data.binance.vision/data/spot/monthly/klines/ETHUSDT/1d/ETHUSDT-1d-2021-05.zip
2026-09-23 07:30:26 [info     ] imported_batch                 batch=1/1 interval=1d month=5 pair=ETH/USDT rows=31 year=2021
2026-09-23 07:30:26 [info     ] imported                       batches=1 interval=1d month=5 pair=ETH/USDT rows=31 year=2021
2026-09-23 07:30:26 [info     ] downloading                    url=https://data.binance.vision/data/spot/monthly/klines/ETHUSDT/1d/ETHUSDT-1d-2021-06.zip
2026-09-23 07:30:27 [info     ] imported_batch                 batch=1/1 interval=1d month=6 pair=ETH/USDT rows=30 year=2021
2026-09-23 07:30:27 [info     ] imported                       batches=1 interval=1d month=6 pair=ETH/USDT rows=30 year=2021
2026-09-23 07:30:27 [info     ] downloading                    url=https://data.binance.vision/data/spot/monthly/klines/ETHUSDT/1d/ETHUSDT-1d-2021-07.zip
2026-09-23 07:30:28 [info     ] imported_batch                 batch=1/1 interval=1d month=7 pair=ETH/USDT rows=31 year=2021
2026-09-23 07:30:28 [info     ] imported                       batches=1 interval=1d month=7 pair=ETH/USDT rows=31 year=2021
2026-09-23 07:30:28 [info     ] downloading                    url=https://data.binance.vision/data/spot/monthly/klines/ETHUSDT/1d/ETHUSDT-1d-2021-08.zip
2026-09-23 07:30:28 [info     ] imported_batch                 batch=1/1 interval=1d month=8 pair=ETH/USDT rows=31 year=2021
2026-09-23 07:30:28 [info     ] imported                       batches=1 interval=1d month=8 pair=ETH/USDT rows=31 year=2021
2026-09-23 07:30:28 [info     ] downloading                    url=https://data.binance.vision/data/spot/monthly/klines/ETHUSDT/1d/ETHUSDT-1d-2021-09.zip
2026-09-23 07:30:29 [info     ] imported_batch                 batch=1/1 interval=1d month=9 pair=ETH/USDT rows=30 year=2021
2026-09-23 07:30:29 [info     ] imported                       batches=1 interval=1d month=9 pair=ETH/USDT rows=30 year=2021
2026-09-23 07:30:29 [info     ] downloading                    url=https://data.binance.vision/data/spot/monthly/klines/ETHUSDT/1d/ETHUSDT-1d-2021-10.zip
2026-09-23 07:30:30 [info     ] imported_batch                 batch=1/1 interval=1d month=10 pair=ETH/USDT rows=31 year=2021
2026-09-23 07:30:30 [info     ] imported                       batches=1 interval=1d month=10 pair=ETH/USDT rows=31 year=2021
2026-09-23 07:30:30 [info     ] downloading                    url=https://data.binance.vision/data/spot/monthly/klines/ETHUSDT/1d/ETHUSDT-1d-2021-11.zip
2026-09-23 07:30:31 [info     ] imported_batch                 batch=1/1 interval=1d month=11 pair=ETH/USDT rows=30 year=2021
2026-09-23 07:30:31 [info     ] imported                       batches=1 interval=1d month=11 pair=ETH/USDT rows=30 year=2021
2026-09-23 07:30:31 [info     ] downloading                    url=https://data.binance.vision/data/spot/monthly/klines/ETHUSDT/1d/ETHUSDT-1d-2021-12.zip
2026-09-23 07:30:31 [info     ] imported_batch                 batch=1/1 interval=1d month=12 pair=ETH/USDT rows=31 year=2021
2026-09-23 07:30:31 [info     ] imported                       batches=1 interval=1d month=12 pair=ETH/USDT rows=31 year=2021
2026-09-23 07:30:31 [info     ] downloading                    url=https://data.binance.vision/data/spot/monthly/klines/ETHUSDT/1d/ETHUSDT-1d-2022-01.zip
2026-09-23 07:30:32 [info     ] imported_batch                 batch=1/1 interval=1d month=1 pair=ETH/USDT rows=31 year=2022
2026-09-23 07:30:32 [info     ] imported                       batches=1 interval=1d month=1 pair=ETH/USDT rows=31 year=2022
2026-09-23 07:30:32 [info     ] downloading                    url=https://data.binance.vision/data/spot/monthly/klines/ETHUSDT/1d/ETHUSDT-1d-2022-02.zip
2026-09-23 07:30:33 [info     ] imported_batch                 batch=1/1 interval=1d month=2 pair=ETH/USDT rows=28 year=2022
2026-09-23 07:30:33 [info     ] imported                       batches=1 interval=1d month=2 pair=ETH/USDT rows=28 year=2022
2026-09-23 07:30:33 [info     ] downloading                    url=https://data.binance.vision/data/spot/monthly/klines/ETHUSDT/1d/ETHUSDT-1d-2022-03.zip
2026-09-23 07:30:33 [info     ] imported_batch                 batch=1/1 interval=1d month=3 pair=ETH/USDT rows=31 year=2022
2026-09-23 07:30:33 [info     ] imported                       batches=1 interval=1d month=3 pair=ETH/USDT rows=31 year=2022
2026-09-23 07:30:33 [info     ] downloading                    url=https://data.binance.vision/data/spot/monthly/klines/ETHUSDT/1d/ETHUSDT-1d-2022-04.zip
2026-09-23 07:30:34 [info     ] imported_batch                 batch=1/1 interval=1d month=4 pair=ETH/USDT rows=30 year=2022
2026-09-23 07:30:34 [info     ] imported                       batches=1 interval=1d month=4 pair=ETH/USDT rows=30 year=2022
2026-09-23 07:30:34 [info     ] downloading                    url=https://data.binance.vision/data/spot/monthly/klines/ETHUSDT/1d/ETHUSDT-1d-2022-05.zip
2026-09-23 07:30:34 [info     ] imported_batch                 batch=1/1 interval=1d month=5 pair=ETH/USDT rows=31 year=2022
2026-09-23 07:30:34 [info     ] imported                       batches=1 interval=1d month=5 pair=ETH/USDT rows=31 year=2022
2026-09-23 07:30:34 [info     ] downloading                    url=https://data.binance.vision/data/spot/monthly/klines/ETHUSDT/1d/ETHUSDT-1d-2022-06.zip
2026-09-23 07:30:35 [info     ] imported_batch                 batch=1/1 interval=1d month=6 pair=ETH/USDT rows=30 year=2022
2026-09-23 07:30:35 [info     ] imported                       batches=1 interval=1d month=6 pair=ETH/USDT rows=30 year=2022
2026-09-23 07:30:35 [info     ] downloading                    url=https://data.binance.vision/data/spot/monthly/klines/ETHUSDT/1d/ETHUSDT-1d-2022-07.zip
2026-09-23 07:30:35 [info     ] imported_batch                 batch=1/1 interval=1d month=7 pair=ETH/USDT rows=31 year=2022
2026-09-23 07:30:35 [info     ] imported                       batches=1 interval=1d month=7 pair=ETH/USDT rows=31 year=2022
2026-09-23 07:30:35 [info     ] downloading                    url=https://data.binance.vision/data/spot/monthly/klines/ETHUSDT/1d/ETHUSDT-1d-2022-08.zip
2026-09-23 07:30:35 [info     ] imported_batch                 batch=1/1 interval=1d month=8 pair=ETH/USDT rows=31 year=2022
2026-09-23 07:30:35 [info     ] imported                       batches=1 interval=1d month=8 pair=ETH/USDT rows=31 year=2022
2026-09-23 07:30:35 [info     ] progress                       pct=57.2% processed=700 total=1224 total_rows=1715494
2026-09-23 07:30:35 [info     ] downloading                    url=https://data.binance.vision/data/spot/monthly/klines/ETHUSDT/1d/ETHUSDT-1d-2022-09.zip
2026-09-23 07:30:36 [info     ] imported_batch                 batch=1/1 interval=1d month=9 pair=ETH/USDT rows=30 year=2022
2026-09-23 07:30:36 [info     ] imported                       batches=1 interval=1d month=9 pair=ETH/USDT rows=30 year=2022
2026-09-23 07:30:36 [info     ] downloading                    url=https://data.binance.vision/data/spot/monthly/klines/ETHUSDT/1d/ETHUSDT-1d-2022-10.zip
2026-09-23 07:30:37 [info     ] imported_batch                 batch=1/1 interval=1d month=10 pair=ETH/USDT rows=31 year=2022
2026-09-23 07:30:37 [info     ] imported                       batches=1 interval=1d month=10 pair=ETH/USDT rows=31 year=2022
2026-09-23 07:30:37 [info     ] downloading                    url=https://data.binance.vision/data/spot/monthly/klines/ETHUSDT/1d/ETHUSDT-1d-2022-11.zip
2026-09-23 07:30:37 [info     ] imported_batch                 batch=1/1 interval=1d month=11 pair=ETH/USDT rows=30 year=2022
2026-09-23 07:30:37 [info     ] imported                       batches=1 interval=1d month=11 pair=ETH/USDT rows=30 year=2022
2026-09-23 07:30:37 [info     ] downloading                    url=https://data.binance.vision/data/spot/monthly/klines/ETHUSDT/1d/ETHUSDT-1d-2022-12.zip
2026-09-23 07:30:38 [info     ] imported_batch                 batch=1/1 interval=1d month=12 pair=ETH/USDT rows=31 year=2022
2026-09-23 07:30:38 [info     ] imported                       batches=1 interval=1d month=12 pair=ETH/USDT rows=31 year=2022
2026-09-23 07:30:38 [info     ] downloading                    url=https://data.binance.vision/data/spot/monthly/klines/ETHUSDT/1d/ETHUSDT-1d-2023-01.zip
2026-09-23 07:30:39 [info     ] imported_batch                 batch=1/1 interval=1d month=1 pair=ETH/USDT rows=31 year=2023
2026-09-23 07:30:39 [info     ] imported                       batches=1 interval=1d month=1 pair=ETH/USDT rows=31 year=2023
2026-09-23 07:30:39 [info     ] downloading                    url=https://data.binance.vision/data/spot/monthly/klines/ETHUSDT/1d/ETHUSDT-1d-2023-02.zip
2026-09-23 07:30:40 [info     ] imported_batch                 batch=1/1 interval=1d month=2 pair=ETH/USDT rows=28 year=2023
2026-09-23 07:30:40 [info     ] imported                       batches=1 interval=1d month=2 pair=ETH/USDT rows=28 year=2023
2026-09-23 07:30:40 [info     ] downloading                    url=https://data.binance.vision/data/spot/monthly/klines/ETHUSDT/1d/ETHUSDT-1d-2023-03.zip
2026-09-23 07:30:41 [info     ] imported_batch                 batch=1/1 interval=1d month=3 pair=ETH/USDT rows=31 year=2023
2026-09-23 07:30:41 [info     ] imported                       batches=1 interval=1d month=3 pair=ETH/USDT rows=31 year=2023
2026-09-23 07:30:41 [info     ] downloading                    url=https://data.binance.vision/data/spot/monthly/klines/ETHUSDT/1d/ETHUSDT-1d-2023-04.zip
2026-09-23 07:30:41 [info     ] imported_batch                 batch=1/1 interval=1d month=4 pair=ETH/USDT rows=30 year=2023
2026-09-23 07:30:41 [info     ] imported                       batches=1 interval=1d month=4 pair=ETH/USDT rows=30 year=2023
2026-09-23 07:30:41 [info     ] downloading                    url=https://data.binance.vision/data/spot/monthly/klines/ETHUSDT/1d/ETHUSDT-1d-2023-05.zip
2026-09-23 07:30:42 [info     ] imported_batch                 batch=1/1 interval=1d month=5 pair=ETH/USDT rows=31 year=2023
2026-09-23 07:30:42 [info     ] imported                       batches=1 interval=1d month=5 pair=ETH/USDT rows=31 year=2023
2026-09-23 07:30:42 [info     ] downloading                    url=https://data.binance.vision/data/spot/monthly/klines/ETHUSDT/1d/ETHUSDT-1d-2023-06.zip
2026-09-23 07:30:43 [info     ] imported_batch                 batch=1/1 interval=1d month=6 pair=ETH/USDT rows=30 year=2023
2026-09-23 07:30:43 [info     ] imported                       batches=1 interval=1d month=6 pair=ETH/USDT rows=30 year=2023
2026-09-23 07:30:43 [info     ] downloading                    url=https://data.binance.vision/data/spot/monthly/klines/ETHUSDT/1d/ETHUSDT-1d-2023-07.zip
2026-09-23 07:30:43 [info     ] imported_batch                 batch=1/1 interval=1d month=7 pair=ETH/USDT rows=31 year=2023
2026-09-23 07:30:43 [info     ] imported                       batches=1 interval=1d month=7 pair=ETH/USDT rows=31 year=2023
2026-09-23 07:30:43 [info     ] downloading                    url=https://data.binance.vision/data/spot/monthly/klines/ETHUSDT/1d/ETHUSDT-1d-2023-08.zip
2026-09-23 07:30:44 [info     ] imported_batch                 batch=1/1 interval=1d month=8 pair=ETH/USDT rows=31 year=2023
2026-09-23 07:30:44 [info     ] imported                       batches=1 interval=1d month=8 pair=ETH/USDT rows=31 year=2023
2026-09-23 07:30:44 [info     ] downloading                    url=https://data.binance.vision/data/spot/monthly/klines/ETHUSDT/1d/ETHUSDT-1d-2023-09.zip
2026-09-23 07:30:44 [info     ] imported_batch                 batch=1/1 interval=1d month=9 pair=ETH/USDT rows=30 year=2023
2026-09-23 07:30:44 [info     ] imported                       batches=1 interval=1d month=9 pair=ETH/USDT rows=30 year=2023
2026-09-23 07:30:44 [info     ] downloading                    url=https://data.binance.vision/data/spot/monthly/klines/ETHUSDT/1d/ETHUSDT-1d-2023-10.zip
2026-09-23 07:30:45 [info     ] imported_batch                 batch=1/1 interval=1d month=10 pair=ETH/USDT rows=31 year=2023
2026-09-23 07:30:45 [info     ] imported                       batches=1 interval=1d month=10 pair=ETH/USDT rows=31 year=2023
2026-09-23 07:30:45 [info     ] downloading                    url=https://data.binance.vision/data/spot/monthly/klines/ETHUSDT/1d/ETHUSDT-1d-2023-11.zip
2026-09-23 07:30:45 [info     ] imported_batch                 batch=1/1 interval=1d month=11 pair=ETH/USDT rows=30 year=2023
2026-09-23 07:30:45 [info     ] imported                       batches=1 interval=1d month=11 pair=ETH/USDT rows=30 year=2023
2026-09-23 07:30:45 [info     ] downloading                    url=https://data.binance.vision/data/spot/monthly/klines/ETHUSDT/1d/ETHUSDT-1d-2023-12.zip
2026-09-23 07:30:46 [info     ] imported_batch                 batch=1/1 interval=1d month=12 pair=ETH/USDT rows=31 year=2023
2026-09-23 07:30:46 [info     ] imported                       batches=1 interval=1d month=12 pair=ETH/USDT rows=31 year=2023
2026-09-23 07:30:46 [info     ] downloading                    url=https://data.binance.vision/data/spot/monthly/klines/ETHUSDT/1d/ETHUSDT-1d-2024-01.zip
2026-09-23 07:30:47 [info     ] imported_batch                 batch=1/1 interval=1d month=1 pair=ETH/USDT rows=31 year=2024
2026-09-23 07:30:47 [info     ] imported                       batches=1 interval=1d month=1 pair=ETH/USDT rows=31 year=2024
2026-09-23 07:30:47 [info     ] downloading                    url=https://data.binance.vision/data/spot/monthly/klines/ETHUSDT/1d/ETHUSDT-1d-2024-02.zip
2026-09-23 07:30:48 [info     ] imported_batch                 batch=1/1 interval=1d month=2 pair=ETH/USDT rows=29 year=2024
2026-09-23 07:30:48 [info     ] imported                       batches=1 interval=1d month=2 pair=ETH/USDT rows=29 year=2024
2026-09-23 07:30:48 [info     ] downloading                    url=https://data.binance.vision/data/spot/monthly/klines/ETHUSDT/1d/ETHUSDT-1d-2024-03.zip
2026-09-23 07:30:49 [info     ] imported_batch                 batch=1/1 interval=1d month=3 pair=ETH/USDT rows=31 year=2024
2026-09-23 07:30:49 [info     ] imported                       batches=1 interval=1d month=3 pair=ETH/USDT rows=31 year=2024
2026-09-23 07:30:49 [info     ] downloading                    url=https://data.binance.vision/data/spot/monthly/klines/ETHUSDT/1d/ETHUSDT-1d-2024-04.zip
2026-09-23 07:30:49 [info     ] imported_batch                 batch=1/1 interval=1d month=4 pair=ETH/USDT rows=30 year=2024
2026-09-23 07:30:49 [info     ] imported                       batches=1 interval=1d month=4 pair=ETH/USDT rows=30 year=2024
2026-09-23 07:30:49 [info     ] downloading                    url=https://data.binance.vision/data/spot/monthly/klines/ETHUSDT/1d/ETHUSDT-1d-2024-05.zip
2026-09-23 07:30:50 [info     ] imported_batch                 batch=1/1 interval=1d month=5 pair=ETH/USDT rows=31 year=2024
2026-09-23 07:30:50 [info     ] imported                       batches=1 interval=1d month=5 pair=ETH/USDT rows=31 year=2024
2026-09-23 07:30:50 [info     ] downloading                    url=https://data.binance.vision/data/spot/monthly/klines/ETHUSDT/1d/ETHUSDT-1d-2024-06.zip
2026-09-23 07:30:51 [info     ] imported_batch                 batch=1/1 interval=1d month=6 pair=ETH/USDT rows=30 year=2024
2026-09-23 07:30:51 [info     ] imported                       batches=1 interval=1d month=6 pair=ETH/USDT rows=30 year=2024
2026-09-23 07:30:51 [info     ] downloading                    url=https://data.binance.vision/data/spot/monthly/klines/ETHUSDT/1d/ETHUSDT-1d-2024-07.zip
2026-09-23 07:30:51 [info     ] imported_batch                 batch=1/1 interval=1d month=7 pair=ETH/USDT rows=31 year=2024
2026-09-23 07:30:51 [info     ] imported                       batches=1 interval=1d month=7 pair=ETH/USDT rows=31 year=2024
2026-09-23 07:30:51 [info     ] downloading                    url=https://data.binance.vision/data/spot/monthly/klines/ETHUSDT/1d/ETHUSDT-1d-2024-08.zip
2026-09-23 07:30:52 [info     ] imported_batch                 batch=1/1 interval=1d month=8 pair=ETH/USDT rows=31 year=2024
2026-09-23 07:30:52 [info     ] imported                       batches=1 interval=1d month=8 pair=ETH/USDT rows=31 year=2024
2026-09-23 07:30:52 [info     ] downloading                    url=https://data.binance.vision/data/spot/monthly/klines/ETHUSDT/1d/ETHUSDT-1d-2024-09.zip
2026-09-23 07:30:53 [info     ] imported_batch                 batch=1/1 interval=1d month=9 pair=ETH/USDT rows=30 year=2024
2026-09-23 07:30:53 [info     ] imported                       batches=1 interval=1d month=9 pair=ETH/USDT rows=30 year=2024
2026-09-23 07:30:53 [info     ] downloading                    url=https://data.binance.vision/data/spot/monthly/klines/ETHUSDT/1d/ETHUSDT-1d-2024-10.zip
2026-09-23 07:30:54 [info     ] imported_batch                 batch=1/1 interval=1d month=10 pair=ETH/USDT rows=31 year=2024
2026-09-23 07:30:54 [info     ] imported                       batches=1 interval=1d month=10 pair=ETH/USDT rows=31 year=2024
2026-09-23 07:30:54 [info     ] downloading                    url=https://data.binance.vision/data/spot/monthly/klines/ETHUSDT/1d/ETHUSDT-1d-2024-11.zip
2026-09-23 07:30:54 [info     ] imported_batch                 batch=1/1 interval=1d month=11 pair=ETH/USDT rows=30 year=2024
2026-09-23 07:30:54 [info     ] imported                       batches=1 interval=1d month=11 pair=ETH/USDT rows=30 year=2024
2026-09-23 07:30:54 [info     ] downloading                    url=https://data.binance.vision/data/spot/monthly/klines/ETHUSDT/1d/ETHUSDT-1d-2024-12.zip
2026-09-23 07:30:54 [info     ] imported_batch                 batch=1/1 interval=1d month=12 pair=ETH/USDT rows=31 year=2024
2026-09-23 07:30:54 [info     ] imported                       batches=1 interval=1d month=12 pair=ETH/USDT rows=31 year=2024
2026-09-23 07:30:54 [info     ] downloading                    url=https://data.binance.vision/data/spot/monthly/klines/ETHUSDT/1d/ETHUSDT-1d-2025-01.zip
2026-09-23 07:30:55 [info     ] imported_batch                 batch=1/1 interval=1d month=1 pair=ETH/USDT rows=31 year=2025
2026-09-23 07:30:55 [info     ] imported                       batches=1 interval=1d month=1 pair=ETH/USDT rows=31 year=2025
2026-09-23 07:30:55 [info     ] downloading                    url=https://data.binance.vision/data/spot/monthly/klines/ETHUSDT/1d/ETHUSDT-1d-2025-02.zip
2026-09-23 07:30:56 [info     ] imported_batch                 batch=1/1 interval=1d month=2 pair=ETH/USDT rows=28 year=2025
2026-09-23 07:30:56 [info     ] imported                       batches=1 interval=1d month=2 pair=ETH/USDT rows=28 year=2025
2026-09-23 07:30:56 [info     ] downloading                    url=https://data.binance.vision/data/spot/monthly/klines/ETHUSDT/1d/ETHUSDT-1d-2025-03.zip
2026-09-23 07:30:57 [info     ] imported_batch                 batch=1/1 interval=1d month=3 pair=ETH/USDT rows=31 year=2025
2026-09-23 07:30:57 [info     ] imported                       batches=1 interval=1d month=3 pair=ETH/USDT rows=31 year=2025
2026-09-23 07:30:57 [info     ] downloading                    url=https://data.binance.vision/data/spot/monthly/klines/ETHUSDT/1d/ETHUSDT-1d-2025-04.zip
2026-09-23 07:30:57 [info     ] imported_batch                 batch=1/1 interval=1d month=4 pair=ETH/USDT rows=30 year=2025
2026-09-23 07:30:57 [info     ] imported                       batches=1 interval=1d month=4 pair=ETH/USDT rows=30 year=2025
2026-09-23 07:30:57 [info     ] downloading                    url=https://data.binance.vision/data/spot/monthly/klines/ETHUSDT/1d/ETHUSDT-1d-2025-05.zip
2026-09-23 07:30:58 [info     ] imported_batch                 batch=1/1 interval=1d month=5 pair=ETH/USDT rows=31 year=2025
2026-09-23 07:30:58 [info     ] imported                       batches=1 interval=1d month=5 pair=ETH/USDT rows=31 year=2025
2026-09-23 07:30:58 [info     ] downloading                    url=https://data.binance.vision/data/spot/monthly/klines/ETHUSDT/1d/ETHUSDT-1d-2025-06.zip
2026-09-23 07:30:59 [info     ] imported_batch                 batch=1/1 interval=1d month=6 pair=ETH/USDT rows=30 year=2025
2026-09-23 07:30:59 [info     ] imported                       batches=1 interval=1d month=6 pair=ETH/USDT rows=30 year=2025
2026-09-23 07:30:59 [info     ] downloading                    url=https://data.binance.vision/data/spot/monthly/klines/ETHUSDT/1d/ETHUSDT-1d-2025-07.zip
2026-09-23 07:30:59 [info     ] imported_batch                 batch=1/1 interval=1d month=7 pair=ETH/USDT rows=31 year=2025
2026-09-23 07:30:59 [info     ] imported                       batches=1 interval=1d month=7 pair=ETH/USDT rows=31 year=2025
2026-09-23 07:30:59 [info     ] downloading                    url=https://data.binance.vision/data/spot/monthly/klines/ETHUSDT/1d/ETHUSDT-1d-2025-08.zip
2026-09-23 07:30:59 [info     ] imported_batch                 batch=1/1 interval=1d month=8 pair=ETH/USDT rows=31 year=2025
2026-09-23 07:30:59 [info     ] imported                       batches=1 interval=1d month=8 pair=ETH/USDT rows=31 year=2025
2026-09-23 07:30:59 [info     ] downloading                    url=https://data.binance.vision/data/spot/monthly/klines/ETHUSDT/1d/ETHUSDT-1d-2025-09.zip
2026-09-23 07:31:00 [info     ] imported_batch                 batch=1/1 interval=1d month=9 pair=ETH/USDT rows=30 year=2025
2026-09-23 07:31:00 [info     ] imported                       batches=1 interval=1d month=9 pair=ETH/USDT rows=30 year=2025
2026-09-23 07:31:00 [info     ] downloading                    url=https://data.binance.vision/data/spot/monthly/klines/ETHUSDT/1d/ETHUSDT-1d-2025-10.zip
2026-09-23 07:31:01 [info     ] imported_batch                 batch=1/1 interval=1d month=10 pair=ETH/USDT rows=31 year=2025
2026-09-23 07:31:01 [info     ] imported                       batches=1 interval=1d month=10 pair=ETH/USDT rows=31 year=2025
2026-09-23 07:31:01 [info     ] downloading                    url=https://data.binance.vision/data/spot/monthly/klines/ETHUSDT/1d/ETHUSDT-1d-2025-11.zip
2026-09-23 07:31:02 [info     ] imported_batch                 batch=1/1 interval=1d month=11 pair=ETH/USDT rows=30 year=2025
2026-09-23 07:31:02 [info     ] imported                       batches=1 interval=1d month=11 pair=ETH/USDT rows=30 year=2025
2026-09-23 07:31:02 [info     ] downloading                    url=https://data.binance.vision/data/spot/monthly/klines/ETHUSDT/1d/ETHUSDT-1d-2025-12.zip
2026-09-23 07:31:03 [info     ] imported_batch                 batch=1/1 interval=1d month=12 pair=ETH/USDT rows=31 year=2025
2026-09-23 07:31:03 [info     ] imported                       batches=1 interval=1d month=12 pair=ETH/USDT rows=31 year=2025
2026-09-23 07:31:03 [info     ] downloading                    url=https://data.binance.vision/data/spot/monthly/klines/ETHUSDT/1d/ETHUSDT-1d-2026-01.zip
2026-09-23 07:31:03 [info     ] imported_batch                 batch=1/1 interval=1d month=1 pair=ETH/USDT rows=31 year=2026
2026-09-23 07:31:03 [info     ] imported                       batches=1 interval=1d month=1 pair=ETH/USDT rows=31 year=2026
2026-09-23 07:31:03 [info     ] downloading                    url=https://data.binance.vision/data/spot/monthly/klines/ETHUSDT/1d/ETHUSDT-1d-2026-02.zip
2026-09-23 07:31:03 [info     ] imported_batch                 batch=1/1 interval=1d month=2 pair=ETH/USDT rows=28 year=2026
2026-09-23 07:31:03 [info     ] imported                       batches=1 interval=1d month=2 pair=ETH/USDT rows=28 year=2026
2026-09-23 07:31:03 [info     ] downloading                    url=https://data.binance.vision/data/spot/monthly/klines/ETHUSDT/1d/ETHUSDT-1d-2026-03.zip
2026-09-23 07:31:04 [info     ] imported_batch                 batch=1/1 interval=1d month=3 pair=ETH/USDT rows=31 year=2026
2026-09-23 07:31:04 [info     ] imported                       batches=1 interval=1d month=3 pair=ETH/USDT rows=31 year=2026
2026-09-23 07:31:04 [info     ] downloading                    url=https://data.binance.vision/data/spot/monthly/klines/ETHUSDT/1d/ETHUSDT-1d-2026-04.zip
2026-09-23 07:31:04 [info     ] imported_batch                 batch=1/1 interval=1d month=4 pair=ETH/USDT rows=30 year=2026
2026-09-23 07:31:04 [info     ] imported                       batches=1 interval=1d month=4 pair=ETH/USDT rows=30 year=2026
2026-09-23 07:31:04 [info     ] downloading                    url=https://data.binance.vision/data/spot/monthly/klines/ETHUSDT/1d/ETHUSDT-1d-2026-05.zip
2026-09-23 07:31:05 [info     ] imported_batch                 batch=1/1 interval=1d month=5 pair=ETH/USDT rows=31 year=2026
2026-09-23 07:31:05 [info     ] imported                       batches=1 interval=1d month=5 pair=ETH/USDT rows=31 year=2026
2026-09-23 07:31:05 [info     ] downloading                    url=https://data.binance.vision/data/spot/monthly/klines/ETHUSDT/1d/ETHUSDT-1d-2026-06.zip
2026-09-23 07:31:06 [info     ] imported_batch                 batch=1/1 interval=1d month=6 pair=ETH/USDT rows=30 year=2026
2026-09-23 07:31:06 [info     ] imported                       batches=1 interval=1d month=6 pair=ETH/USDT rows=30 year=2026
2026-09-23 07:31:06 [info     ] downloading                    url=https://data.binance.vision/data/spot/monthly/klines/ETHUSDT/1d/ETHUSDT-1d-2026-07.zip
2026-09-23 07:31:06 [info     ] imported_batch                 batch=1/1 interval=1d month=7 pair=ETH/USDT rows=31 year=2026
2026-09-23 07:31:06 [info     ] imported                       batches=1 interval=1d month=7 pair=ETH/USDT rows=31 year=2026
2026-09-23 07:31:06 [info     ] downloading                    url=https://data.binance.vision/data/spot/monthly/klines/ETHUSDT/1d/ETHUSDT-1d-2026-08.zip
2026-09-23 07:31:07 [info     ] imported_batch                 batch=1/1 interval=1d month=8 pair=ETH/USDT rows=31 year=2026
2026-09-23 07:31:07 [info     ] imported                       batches=1 interval=1d month=8 pair=ETH/USDT rows=31 year=2026
2026-09-23 07:31:07 [info     ] downloading                    url=https://data.binance.vision/data/spot/monthly/klines/ETHUSDT/1w/ETHUSDT-1w-2021-01.zip
2026-09-23 07:31:08 [info     ] imported_batch                 batch=1/1 interval=1w month=1 pair=ETH/USDT rows=4 year=2021
2026-09-23 07:31:08 [info     ] imported                       batches=1 interval=1w month=1 pair=ETH/USDT rows=4 year=2021
2026-09-23 07:31:08 [info     ] downloading                    url=https://data.binance.vision/data/spot/monthly/klines/ETHUSDT/1w/ETHUSDT-1w-2021-02.zip
2026-09-23 07:31:08 [info     ] imported_batch                 batch=1/1 interval=1w month=2 pair=ETH/USDT rows=4 year=2021
2026-09-23 07:31:08 [info     ] imported                       batches=1 interval=1w month=2 pair=ETH/USDT rows=4 year=2021
2026-09-23 07:31:08 [info     ] progress                       pct=61.3% processed=750 total=1224 total_rows=1716963
2026-09-23 07:31:08 [info     ] downloading                    url=https://data.binance.vision/data/spot/monthly/klines/ETHUSDT/1w/ETHUSDT-1w-2021-03.zip
2026-09-23 07:31:09 [info     ] imported_batch                 batch=1/1 interval=1w month=3 pair=ETH/USDT rows=5 year=2021
2026-09-23 07:31:09 [info     ] imported                       batches=1 interval=1w month=3 pair=ETH/USDT rows=5 year=2021
2026-09-23 07:31:09 [info     ] downloading                    url=https://data.binance.vision/data/spot/monthly/klines/ETHUSDT/1w/ETHUSDT-1w-2021-04.zip
2026-09-23 07:31:09 [info     ] imported_batch                 batch=1/1 interval=1w month=4 pair=ETH/USDT rows=4 year=2021
2026-09-23 07:31:09 [info     ] imported                       batches=1 interval=1w month=4 pair=ETH/USDT rows=4 year=2021
2026-09-23 07:31:09 [info     ] downloading                    url=https://data.binance.vision/data/spot/monthly/klines/ETHUSDT/1w/ETHUSDT-1w-2021-05.zip
2026-09-23 07:31:10 [info     ] imported_batch                 batch=1/1 interval=1w month=5 pair=ETH/USDT rows=5 year=2021
2026-09-23 07:31:10 [info     ] imported                       batches=1 interval=1w month=5 pair=ETH/USDT rows=5 year=2021
2026-09-23 07:31:10 [info     ] downloading                    url=https://data.binance.vision/data/spot/monthly/klines/ETHUSDT/1w/ETHUSDT-1w-2021-06.zip
2026-09-23 07:31:11 [info     ] imported_batch                 batch=1/1 interval=1w month=6 pair=ETH/USDT rows=4 year=2021
2026-09-23 07:31:11 [info     ] imported                       batches=1 interval=1w month=6 pair=ETH/USDT rows=4 year=2021
2026-09-23 07:31:11 [info     ] downloading                    url=https://data.binance.vision/data/spot/monthly/klines/ETHUSDT/1w/ETHUSDT-1w-2021-07.zip
2026-09-23 07:31:11 [info     ] imported_batch                 batch=1/1 interval=1w month=7 pair=ETH/USDT rows=4 year=2021
2026-09-23 07:31:11 [info     ] imported                       batches=1 interval=1w month=7 pair=ETH/USDT rows=4 year=2021
2026-09-23 07:31:11 [info     ] downloading                    url=https://data.binance.vision/data/spot/monthly/klines/ETHUSDT/1w/ETHUSDT-1w-2021-08.zip
2026-09-23 07:31:12 [info     ] imported_batch                 batch=1/1 interval=1w month=8 pair=ETH/USDT rows=5 year=2021
2026-09-23 07:31:12 [info     ] imported                       batches=1 interval=1w month=8 pair=ETH/USDT rows=5 year=2021
2026-09-23 07:31:12 [info     ] downloading                    url=https://data.binance.vision/data/spot/monthly/klines/ETHUSDT/1w/ETHUSDT-1w-2021-09.zip
2026-09-23 07:31:12 [info     ] imported_batch                 batch=1/1 interval=1w month=9 pair=ETH/USDT rows=4 year=2021
2026-09-23 07:31:12 [info     ] imported                       batches=1 interval=1w month=9 pair=ETH/USDT rows=4 year=2021
2026-09-23 07:31:12 [info     ] downloading                    url=https://data.binance.vision/data/spot/monthly/klines/ETHUSDT/1w/ETHUSDT-1w-2021-10.zip
2026-09-23 07:31:13 [info     ] imported_batch                 batch=1/1 interval=1w month=10 pair=ETH/USDT rows=4 year=2021
2026-09-23 07:31:13 [info     ] imported                       batches=1 interval=1w month=10 pair=ETH/USDT rows=4 year=2021
2026-09-23 07:31:13 [info     ] downloading                    url=https://data.binance.vision/data/spot/monthly/klines/ETHUSDT/1w/ETHUSDT-1w-2021-11.zip
2026-09-23 07:31:13 [info     ] imported_batch                 batch=1/1 interval=1w month=11 pair=ETH/USDT rows=5 year=2021
2026-09-23 07:31:13 [info     ] imported                       batches=1 interval=1w month=11 pair=ETH/USDT rows=5 year=2021
2026-09-23 07:31:13 [info     ] downloading                    url=https://data.binance.vision/data/spot/monthly/klines/ETHUSDT/1w/ETHUSDT-1w-2021-12.zip
2026-09-23 07:31:14 [info     ] imported_batch                 batch=1/1 interval=1w month=12 pair=ETH/USDT rows=4 year=2021
2026-09-23 07:31:14 [info     ] imported                       batches=1 interval=1w month=12 pair=ETH/USDT rows=4 year=2021
2026-09-23 07:31:14 [info     ] downloading                    url=https://data.binance.vision/data/spot/monthly/klines/ETHUSDT/1w/ETHUSDT-1w-2022-01.zip
2026-09-23 07:31:15 [info     ] imported_batch                 batch=1/1 interval=1w month=1 pair=ETH/USDT rows=5 year=2022
2026-09-23 07:31:15 [info     ] imported                       batches=1 interval=1w month=1 pair=ETH/USDT rows=5 year=2022
2026-09-23 07:31:15 [info     ] downloading                    url=https://data.binance.vision/data/spot/monthly/klines/ETHUSDT/1w/ETHUSDT-1w-2022-02.zip
2026-09-23 07:31:15 [info     ] imported_batch                 batch=1/1 interval=1w month=2 pair=ETH/USDT rows=4 year=2022
2026-09-23 07:31:15 [info     ] imported                       batches=1 interval=1w month=2 pair=ETH/USDT rows=4 year=2022
2026-09-23 07:31:15 [info     ] downloading                    url=https://data.binance.vision/data/spot/monthly/klines/ETHUSDT/1w/ETHUSDT-1w-2022-03.zip
2026-09-23 07:31:15 [info     ] imported_batch                 batch=1/1 interval=1w month=3 pair=ETH/USDT rows=4 year=2022
2026-09-23 07:31:15 [info     ] imported                       batches=1 interval=1w month=3 pair=ETH/USDT rows=4 year=2022
2026-09-23 07:31:15 [info     ] downloading                    url=https://data.binance.vision/data/spot/monthly/klines/ETHUSDT/1w/ETHUSDT-1w-2022-04.zip
2026-09-23 07:31:15 [info     ] imported_batch                 batch=1/1 interval=1w month=4 pair=ETH/USDT rows=4 year=2022
2026-09-23 07:31:15 [info     ] imported                       batches=1 interval=1w month=4 pair=ETH/USDT rows=4 year=2022
2026-09-23 07:31:15 [info     ] downloading                    url=https://data.binance.vision/data/spot/monthly/klines/ETHUSDT/1w/ETHUSDT-1w-2022-05.zip
2026-09-23 07:31:16 [info     ] imported_batch                 batch=1/1 interval=1w month=5 pair=ETH/USDT rows=4 year=2022
2026-09-23 07:31:16 [info     ] imported                       batches=1 interval=1w month=5 pair=ETH/USDT rows=4 year=2022
2026-09-23 07:31:16 [info     ] downloading                    url=https://data.binance.vision/data/spot/monthly/klines/ETHUSDT/1w/ETHUSDT-1w-2022-06.zip
2026-09-23 07:31:17 [info     ] imported_batch                 batch=1/1 interval=1w month=6 pair=ETH/USDT rows=3 year=2022
2026-09-23 07:31:17 [info     ] imported                       batches=1 interval=1w month=6 pair=ETH/USDT rows=3 year=2022
2026-09-23 07:31:17 [info     ] downloading                    url=https://data.binance.vision/data/spot/monthly/klines/ETHUSDT/1w/ETHUSDT-1w-2022-07.zip
2026-09-23 07:31:18 [info     ] imported_batch                 batch=1/1 interval=1w month=7 pair=ETH/USDT rows=4 year=2022
2026-09-23 07:31:18 [info     ] imported                       batches=1 interval=1w month=7 pair=ETH/USDT rows=4 year=2022
2026-09-23 07:31:18 [info     ] downloading                    url=https://data.binance.vision/data/spot/monthly/klines/ETHUSDT/1w/ETHUSDT-1w-2022-08.zip
2026-09-23 07:31:18 [info     ] imported_batch                 batch=1/1 interval=1w month=8 pair=ETH/USDT rows=4 year=2022
2026-09-23 07:31:18 [info     ] imported                       batches=1 interval=1w month=8 pair=ETH/USDT rows=4 year=2022
2026-09-23 07:31:18 [info     ] downloading                    url=https://data.binance.vision/data/spot/monthly/klines/ETHUSDT/1w/ETHUSDT-1w-2022-09.zip
2026-09-23 07:31:18 [info     ] imported_batch                 batch=1/1 interval=1w month=9 pair=ETH/USDT rows=3 year=2022
2026-09-23 07:31:18 [info     ] imported                       batches=1 interval=1w month=9 pair=ETH/USDT rows=3 year=2022
2026-09-23 07:31:18 [info     ] downloading                    url=https://data.binance.vision/data/spot/monthly/klines/ETHUSDT/1w/ETHUSDT-1w-2022-10.zip
2026-09-23 07:31:19 [info     ] imported_batch                 batch=1/1 interval=1w month=10 pair=ETH/USDT rows=4 year=2022
2026-09-23 07:31:19 [info     ] imported                       batches=1 interval=1w month=10 pair=ETH/USDT rows=4 year=2022
2026-09-23 07:31:19 [info     ] downloading                    url=https://data.binance.vision/data/spot/monthly/klines/ETHUSDT/1w/ETHUSDT-1w-2022-11.zip
2026-09-23 07:31:19 [info     ] imported_batch                 batch=1/1 interval=1w month=11 pair=ETH/USDT rows=3 year=2022
2026-09-23 07:31:19 [info     ] imported                       batches=1 interval=1w month=11 pair=ETH/USDT rows=3 year=2022
2026-09-23 07:31:19 [info     ] downloading                    url=https://data.binance.vision/data/spot/monthly/klines/ETHUSDT/1w/ETHUSDT-1w-2022-12.zip
2026-09-23 07:31:20 [info     ] imported_batch                 batch=1/1 interval=1w month=12 pair=ETH/USDT rows=4 year=2022
2026-09-23 07:31:20 [info     ] imported                       batches=1 interval=1w month=12 pair=ETH/USDT rows=4 year=2022
2026-09-23 07:31:20 [info     ] downloading                    url=https://data.binance.vision/data/spot/monthly/klines/ETHUSDT/1w/ETHUSDT-1w-2023-01.zip
2026-09-23 07:31:20 [info     ] imported_batch                 batch=1/1 interval=1w month=1 pair=ETH/USDT rows=5 year=2023
2026-09-23 07:31:20 [info     ] imported                       batches=1 interval=1w month=1 pair=ETH/USDT rows=5 year=2023
2026-09-23 07:31:20 [info     ] downloading                    url=https://data.binance.vision/data/spot/monthly/klines/ETHUSDT/1w/ETHUSDT-1w-2023-02.zip
2026-09-23 07:31:21 [info     ] imported_batch                 batch=1/1 interval=1w month=2 pair=ETH/USDT rows=4 year=2023
2026-09-23 07:31:21 [info     ] imported                       batches=1 interval=1w month=2 pair=ETH/USDT rows=4 year=2023
2026-09-23 07:31:21 [info     ] downloading                    url=https://data.binance.vision/data/spot/monthly/klines/ETHUSDT/1w/ETHUSDT-1w-2023-03.zip
2026-09-23 07:31:22 [info     ] imported_batch                 batch=1/1 interval=1w month=3 pair=ETH/USDT rows=4 year=2023
2026-09-23 07:31:22 [info     ] imported                       batches=1 interval=1w month=3 pair=ETH/USDT rows=4 year=2023
2026-09-23 07:31:22 [info     ] downloading                    url=https://data.binance.vision/data/spot/monthly/klines/ETHUSDT/1w/ETHUSDT-1w-2023-04.zip
2026-09-23 07:31:23 [info     ] imported_batch                 batch=1/1 interval=1w month=4 pair=ETH/USDT rows=4 year=2023
2026-09-23 07:31:23 [info     ] imported                       batches=1 interval=1w month=4 pair=ETH/USDT rows=4 year=2023
2026-09-23 07:31:23 [info     ] downloading                    url=https://data.binance.vision/data/spot/monthly/klines/ETHUSDT/1w/ETHUSDT-1w-2023-05.zip
2026-09-23 07:31:24 [info     ] imported_batch                 batch=1/1 interval=1w month=5 pair=ETH/USDT rows=5 year=2023
2026-09-23 07:31:24 [info     ] imported                       batches=1 interval=1w month=5 pair=ETH/USDT rows=5 year=2023
2026-09-23 07:31:24 [info     ] downloading                    url=https://data.binance.vision/data/spot/monthly/klines/ETHUSDT/1w/ETHUSDT-1w-2023-06.zip
2026-09-23 07:31:24 [info     ] imported_batch                 batch=1/1 interval=1w month=6 pair=ETH/USDT rows=4 year=2023
2026-09-23 07:31:24 [info     ] imported                       batches=1 interval=1w month=6 pair=ETH/USDT rows=4 year=2023
2026-09-23 07:31:24 [info     ] downloading                    url=https://data.binance.vision/data/spot/monthly/klines/ETHUSDT/1w/ETHUSDT-1w-2023-07.zip
2026-09-23 07:31:25 [info     ] imported_batch                 batch=1/1 interval=1w month=7 pair=ETH/USDT rows=5 year=2023
2026-09-23 07:31:25 [info     ] imported                       batches=1 interval=1w month=7 pair=ETH/USDT rows=5 year=2023
2026-09-23 07:31:25 [info     ] downloading                    url=https://data.binance.vision/data/spot/monthly/klines/ETHUSDT/1w/ETHUSDT-1w-2023-08.zip
2026-09-23 07:31:25 [info     ] imported_batch                 batch=1/1 interval=1w month=8 pair=ETH/USDT rows=4 year=2023
2026-09-23 07:31:25 [info     ] imported                       batches=1 interval=1w month=8 pair=ETH/USDT rows=4 year=2023
2026-09-23 07:31:25 [info     ] downloading                    url=https://data.binance.vision/data/spot/monthly/klines/ETHUSDT/1w/ETHUSDT-1w-2023-09.zip
2026-09-23 07:31:26 [info     ] imported_batch                 batch=1/1 interval=1w month=9 pair=ETH/USDT rows=4 year=2023
2026-09-23 07:31:26 [info     ] imported                       batches=1 interval=1w month=9 pair=ETH/USDT rows=4 year=2023
2026-09-23 07:31:26 [info     ] downloading                    url=https://data.binance.vision/data/spot/monthly/klines/ETHUSDT/1w/ETHUSDT-1w-2023-10.zip
2026-09-23 07:31:27 [info     ] imported_batch                 batch=1/1 interval=1w month=10 pair=ETH/USDT rows=5 year=2023
2026-09-23 07:31:27 [info     ] imported                       batches=1 interval=1w month=10 pair=ETH/USDT rows=5 year=2023
2026-09-23 07:31:27 [info     ] downloading                    url=https://data.binance.vision/data/spot/monthly/klines/ETHUSDT/1w/ETHUSDT-1w-2023-11.zip
2026-09-23 07:31:28 [info     ] imported_batch                 batch=1/1 interval=1w month=11 pair=ETH/USDT rows=4 year=2023
2026-09-23 07:31:28 [info     ] imported                       batches=1 interval=1w month=11 pair=ETH/USDT rows=4 year=2023
2026-09-23 07:31:28 [info     ] downloading                    url=https://data.binance.vision/data/spot/monthly/klines/ETHUSDT/1w/ETHUSDT-1w-2023-12.zip
2026-09-23 07:31:28 [info     ] imported_batch                 batch=1/1 interval=1w month=12 pair=ETH/USDT rows=4 year=2023
2026-09-23 07:31:28 [info     ] imported                       batches=1 interval=1w month=12 pair=ETH/USDT rows=4 year=2023
2026-09-23 07:31:28 [info     ] downloading                    url=https://data.binance.vision/data/spot/monthly/klines/ETHUSDT/1w/ETHUSDT-1w-2024-01.zip
2026-09-23 07:31:29 [info     ] imported_batch                 batch=1/1 interval=1w month=1 pair=ETH/USDT rows=5 year=2024
2026-09-23 07:31:29 [info     ] imported                       batches=1 interval=1w month=1 pair=ETH/USDT rows=5 year=2024
2026-09-23 07:31:29 [info     ] downloading                    url=https://data.binance.vision/data/spot/monthly/klines/ETHUSDT/1w/ETHUSDT-1w-2024-02.zip
2026-09-23 07:31:29 [info     ] imported_batch                 batch=1/1 interval=1w month=2 pair=ETH/USDT rows=4 year=2024
2026-09-23 07:31:29 [info     ] imported                       batches=1 interval=1w month=2 pair=ETH/USDT rows=4 year=2024
2026-09-23 07:31:29 [info     ] downloading                    url=https://data.binance.vision/data/spot/monthly/klines/ETHUSDT/1w/ETHUSDT-1w-2024-03.zip
2026-09-23 07:31:30 [info     ] imported_batch                 batch=1/1 interval=1w month=3 pair=ETH/USDT rows=4 year=2024
2026-09-23 07:31:30 [info     ] imported                       batches=1 interval=1w month=3 pair=ETH/USDT rows=4 year=2024
2026-09-23 07:31:30 [info     ] downloading                    url=https://data.binance.vision/data/spot/monthly/klines/ETHUSDT/1w/ETHUSDT-1w-2024-04.zip
2026-09-23 07:31:31 [info     ] imported_batch                 batch=1/1 interval=1w month=4 pair=ETH/USDT rows=5 year=2024
2026-09-23 07:31:31 [info     ] imported                       batches=1 interval=1w month=4 pair=ETH/USDT rows=5 year=2024
2026-09-23 07:31:31 [info     ] downloading                    url=https://data.binance.vision/data/spot/monthly/klines/ETHUSDT/1w/ETHUSDT-1w-2024-05.zip
2026-09-23 07:31:31 [info     ] imported_batch                 batch=1/1 interval=1w month=5 pair=ETH/USDT rows=4 year=2024
2026-09-23 07:31:31 [info     ] imported                       batches=1 interval=1w month=5 pair=ETH/USDT rows=4 year=2024
2026-09-23 07:31:31 [info     ] downloading                    url=https://data.binance.vision/data/spot/monthly/klines/ETHUSDT/1w/ETHUSDT-1w-2024-06.zip
2026-09-23 07:31:32 [info     ] imported_batch                 batch=1/1 interval=1w month=6 pair=ETH/USDT rows=4 year=2024
2026-09-23 07:31:32 [info     ] imported                       batches=1 interval=1w month=6 pair=ETH/USDT rows=4 year=2024
2026-09-23 07:31:32 [info     ] downloading                    url=https://data.binance.vision/data/spot/monthly/klines/ETHUSDT/1w/ETHUSDT-1w-2024-07.zip
2026-09-23 07:31:33 [info     ] imported_batch                 batch=1/1 interval=1w month=7 pair=ETH/USDT rows=5 year=2024
2026-09-23 07:31:33 [info     ] imported                       batches=1 interval=1w month=7 pair=ETH/USDT rows=5 year=2024
2026-09-23 07:31:33 [info     ] downloading                    url=https://data.binance.vision/data/spot/monthly/klines/ETHUSDT/1w/ETHUSDT-1w-2024-08.zip
2026-09-23 07:31:33 [info     ] imported_batch                 batch=1/1 interval=1w month=8 pair=ETH/USDT rows=4 year=2024
2026-09-23 07:31:33 [info     ] imported                       batches=1 interval=1w month=8 pair=ETH/USDT rows=4 year=2024
2026-09-23 07:31:33 [info     ] downloading                    url=https://data.binance.vision/data/spot/monthly/klines/ETHUSDT/1w/ETHUSDT-1w-2024-09.zip
2026-09-23 07:31:34 [info     ] imported_batch                 batch=1/1 interval=1w month=9 pair=ETH/USDT rows=5 year=2024
2026-09-23 07:31:34 [info     ] imported                       batches=1 interval=1w month=9 pair=ETH/USDT rows=5 year=2024
2026-09-23 07:31:34 [info     ] downloading                    url=https://data.binance.vision/data/spot/monthly/klines/ETHUSDT/1w/ETHUSDT-1w-2024-10.zip
2026-09-23 07:31:34 [info     ] imported_batch                 batch=1/1 interval=1w month=10 pair=ETH/USDT rows=4 year=2024
2026-09-23 07:31:34 [info     ] imported                       batches=1 interval=1w month=10 pair=ETH/USDT rows=4 year=2024
2026-09-23 07:31:34 [info     ] downloading                    url=https://data.binance.vision/data/spot/monthly/klines/ETHUSDT/1w/ETHUSDT-1w-2024-11.zip
2026-09-23 07:31:35 [info     ] imported_batch                 batch=1/1 interval=1w month=11 pair=ETH/USDT rows=4 year=2024
2026-09-23 07:31:35 [info     ] imported                       batches=1 interval=1w month=11 pair=ETH/USDT rows=4 year=2024
2026-09-23 07:31:35 [info     ] downloading                    url=https://data.binance.vision/data/spot/monthly/klines/ETHUSDT/1w/ETHUSDT-1w-2024-12.zip
2026-09-23 07:31:36 [info     ] imported_batch                 batch=1/1 interval=1w month=12 pair=ETH/USDT rows=5 year=2024
2026-09-23 07:31:36 [info     ] imported                       batches=1 interval=1w month=12 pair=ETH/USDT rows=5 year=2024
2026-09-23 07:31:36 [info     ] downloading                    url=https://data.binance.vision/data/spot/monthly/klines/ETHUSDT/1w/ETHUSDT-1w-2025-01.zip
2026-09-23 07:31:37 [info     ] imported_batch                 batch=1/1 interval=1w month=1 pair=ETH/USDT rows=3 year=2025
2026-09-23 07:31:37 [info     ] imported                       batches=1 interval=1w month=1 pair=ETH/USDT rows=3 year=2025
2026-09-23 07:31:37 [info     ] downloading                    url=https://data.binance.vision/data/spot/monthly/klines/ETHUSDT/1w/ETHUSDT-1w-2025-02.zip
2026-09-23 07:31:37 [info     ] imported_batch                 batch=1/1 interval=1w month=2 pair=ETH/USDT rows=3 year=2025
2026-09-23 07:31:37 [info     ] imported                       batches=1 interval=1w month=2 pair=ETH/USDT rows=3 year=2025
2026-09-23 07:31:37 [info     ] downloading                    url=https://data.binance.vision/data/spot/monthly/klines/ETHUSDT/1w/ETHUSDT-1w-2025-03.zip
2026-09-23 07:31:38 [info     ] imported_batch                 batch=1/1 interval=1w month=3 pair=ETH/USDT rows=5 year=2025
2026-09-23 07:31:38 [info     ] imported                       batches=1 interval=1w month=3 pair=ETH/USDT rows=5 year=2025
2026-09-23 07:31:38 [info     ] downloading                    url=https://data.binance.vision/data/spot/monthly/klines/ETHUSDT/1w/ETHUSDT-1w-2025-04.zip
2026-09-23 07:31:38 [info     ] imported_batch                 batch=1/1 interval=1w month=4 pair=ETH/USDT rows=4 year=2025
2026-09-23 07:31:38 [info     ] imported                       batches=1 interval=1w month=4 pair=ETH/USDT rows=4 year=2025
2026-09-23 07:31:38 [info     ] progress                       pct=65.4% processed=800 total=1224 total_rows=1717173
2026-09-23 07:31:38 [info     ] downloading                    url=https://data.binance.vision/data/spot/monthly/klines/ETHUSDT/1w/ETHUSDT-1w-2025-05.zip
2026-09-23 07:31:39 [info     ] imported_batch                 batch=1/1 interval=1w month=5 pair=ETH/USDT rows=4 year=2025
2026-09-23 07:31:39 [info     ] imported                       batches=1 interval=1w month=5 pair=ETH/USDT rows=4 year=2025
2026-09-23 07:31:39 [info     ] downloading                    url=https://data.binance.vision/data/spot/monthly/klines/ETHUSDT/1w/ETHUSDT-1w-2025-06.zip
2026-09-23 07:31:40 [info     ] imported_batch                 batch=1/1 interval=1w month=6 pair=ETH/USDT rows=5 year=2025
2026-09-23 07:31:40 [info     ] imported                       batches=1 interval=1w month=6 pair=ETH/USDT rows=5 year=2025
2026-09-23 07:31:40 [info     ] downloading                    url=https://data.binance.vision/data/spot/monthly/klines/ETHUSDT/1w/ETHUSDT-1w-2025-07.zip
2026-09-23 07:31:40 [info     ] imported_batch                 batch=1/1 interval=1w month=7 pair=ETH/USDT rows=4 year=2025
2026-09-23 07:31:40 [info     ] imported                       batches=1 interval=1w month=7 pair=ETH/USDT rows=4 year=2025
2026-09-23 07:31:40 [info     ] downloading                    url=https://data.binance.vision/data/spot/monthly/klines/ETHUSDT/1w/ETHUSDT-1w-2025-08.zip
2026-09-23 07:31:40 [info     ] imported_batch                 batch=1/1 interval=1w month=8 pair=ETH/USDT rows=4 year=2025
2026-09-23 07:31:40 [info     ] imported                       batches=1 interval=1w month=8 pair=ETH/USDT rows=4 year=2025
2026-09-23 07:31:40 [info     ] downloading                    url=https://data.binance.vision/data/spot/monthly/klines/ETHUSDT/1w/ETHUSDT-1w-2025-09.zip
2026-09-23 07:31:40 [info     ] imported_batch                 batch=1/1 interval=1w month=9 pair=ETH/USDT rows=5 year=2025
2026-09-23 07:31:40 [info     ] imported                       batches=1 interval=1w month=9 pair=ETH/USDT rows=5 year=2025
2026-09-23 07:31:40 [info     ] downloading                    url=https://data.binance.vision/data/spot/monthly/klines/ETHUSDT/1w/ETHUSDT-1w-2025-10.zip
2026-09-23 07:31:41 [info     ] imported_batch                 batch=1/1 interval=1w month=10 pair=ETH/USDT rows=4 year=2025
2026-09-23 07:31:41 [info     ] imported                       batches=1 interval=1w month=10 pair=ETH/USDT rows=4 year=2025
2026-09-23 07:31:41 [info     ] downloading                    url=https://data.binance.vision/data/spot/monthly/klines/ETHUSDT/1w/ETHUSDT-1w-2025-11.zip
2026-09-23 07:31:42 [info     ] imported_batch                 batch=1/1 interval=1w month=11 pair=ETH/USDT rows=4 year=2025
2026-09-23 07:31:42 [info     ] imported                       batches=1 interval=1w month=11 pair=ETH/USDT rows=4 year=2025
2026-09-23 07:31:42 [info     ] downloading                    url=https://data.binance.vision/data/spot/monthly/klines/ETHUSDT/1w/ETHUSDT-1w-2025-12.zip
2026-09-23 07:31:43 [info     ] imported_batch                 batch=1/1 interval=1w month=12 pair=ETH/USDT rows=5 year=2025
2026-09-23 07:31:43 [info     ] imported                       batches=1 interval=1w month=12 pair=ETH/USDT rows=5 year=2025
2026-09-23 07:31:43 [info     ] downloading                    url=https://data.binance.vision/data/spot/monthly/klines/ETHUSDT/1w/ETHUSDT-1w-2026-01.zip
2026-09-23 07:31:44 [info     ] imported_batch                 batch=1/1 interval=1w month=1 pair=ETH/USDT rows=4 year=2026
2026-09-23 07:31:44 [info     ] imported                       batches=1 interval=1w month=1 pair=ETH/USDT rows=4 year=2026
2026-09-23 07:31:44 [info     ] downloading                    url=https://data.binance.vision/data/spot/monthly/klines/ETHUSDT/1w/ETHUSDT-1w-2026-02.zip
2026-09-23 07:31:44 [info     ] imported_batch                 batch=1/1 interval=1w month=2 pair=ETH/USDT rows=4 year=2026
2026-09-23 07:31:44 [info     ] imported                       batches=1 interval=1w month=2 pair=ETH/USDT rows=4 year=2026
2026-09-23 07:31:44 [info     ] downloading                    url=https://data.binance.vision/data/spot/monthly/klines/ETHUSDT/1w/ETHUSDT-1w-2026-03.zip
2026-09-23 07:31:45 [info     ] imported_batch                 batch=1/1 interval=1w month=3 pair=ETH/USDT rows=5 year=2026
2026-09-23 07:31:45 [info     ] imported                       batches=1 interval=1w month=3 pair=ETH/USDT rows=5 year=2026
2026-09-23 07:31:45 [info     ] downloading                    url=https://data.binance.vision/data/spot/monthly/klines/ETHUSDT/1w/ETHUSDT-1w-2026-04.zip
2026-09-23 07:31:45 [info     ] imported_batch                 batch=1/1 interval=1w month=4 pair=ETH/USDT rows=4 year=2026
2026-09-23 07:31:45 [info     ] imported                       batches=1 interval=1w month=4 pair=ETH/USDT rows=4 year=2026
2026-09-23 07:31:45 [info     ] downloading                    url=https://data.binance.vision/data/spot/monthly/klines/ETHUSDT/1w/ETHUSDT-1w-2026-05.zip
2026-09-23 07:31:46 [info     ] imported_batch                 batch=1/1 interval=1w month=5 pair=ETH/USDT rows=4 year=2026
2026-09-23 07:31:46 [info     ] imported                       batches=1 interval=1w month=5 pair=ETH/USDT rows=4 year=2026
2026-09-23 07:31:46 [info     ] downloading                    url=https://data.binance.vision/data/spot/monthly/klines/ETHUSDT/1w/ETHUSDT-1w-2026-06.zip
2026-09-23 07:31:47 [info     ] imported_batch                 batch=1/1 interval=1w month=6 pair=ETH/USDT rows=5 year=2026
2026-09-23 07:31:47 [info     ] imported                       batches=1 interval=1w month=6 pair=ETH/USDT rows=5 year=2026
2026-09-23 07:31:47 [info     ] downloading                    url=https://data.binance.vision/data/spot/monthly/klines/ETHUSDT/1w/ETHUSDT-1w-2026-07.zip
2026-09-23 07:31:48 [debug    ] file_not_found                 url=https://data.binance.vision/data/spot/monthly/klines/ETHUSDT/1w/ETHUSDT-1w-2026-07.zip
2026-09-23 07:31:48 [info     ] downloading                    url=https://data.binance.vision/data/spot/monthly/klines/ETHUSDT/1w/ETHUSDT-1w-2026-08.zip
2026-09-23 07:31:48 [debug    ] file_not_found                 url=https://data.binance.vision/data/spot/monthly/klines/ETHUSDT/1w/ETHUSDT-1w-2026-08.zip
2026-09-23 07:31:48 [info     ] downloading                    url=https://data.binance.vision/data/spot/monthly/klines/SOLUSDT/5m/SOLUSDT-5m-2021-01.zip
2026-09-23 07:31:53 [info     ] imported_batch                 batch=9/9 interval=5m month=1 pair=SOL/USDT rows=8928 year=2021
2026-09-23 07:31:53 [info     ] imported                       batches=9 interval=5m month=1 pair=SOL/USDT rows=8928 year=2021
2026-09-23 07:31:53 [info     ] downloading                    url=https://data.binance.vision/data/spot/monthly/klines/SOLUSDT/5m/SOLUSDT-5m-2021-02.zip
2026-09-23 07:31:57 [info     ] imported_batch                 batch=9/9 interval=5m month=2 pair=SOL/USDT rows=8049 year=2021
2026-09-23 07:31:57 [info     ] imported                       batches=9 interval=5m month=2 pair=SOL/USDT rows=8049 year=2021
2026-09-23 07:31:57 [info     ] downloading                    url=https://data.binance.vision/data/spot/monthly/klines/SOLUSDT/5m/SOLUSDT-5m-2021-03.zip
2026-09-23 07:32:02 [info     ] imported_batch                 batch=9/9 interval=5m month=3 pair=SOL/USDT rows=8910 year=2021
2026-09-23 07:32:02 [info     ] imported                       batches=9 interval=5m month=3 pair=SOL/USDT rows=8910 year=2021
2026-09-23 07:32:02 [info     ] downloading                    url=https://data.binance.vision/data/spot/monthly/klines/SOLUSDT/5m/SOLUSDT-5m-2021-04.zip
2026-09-23 07:32:07 [info     ] imported_batch                 batch=9/9 interval=5m month=4 pair=SOL/USDT rows=8554 year=2021
2026-09-23 07:32:07 [info     ] imported                       batches=9 interval=5m month=4 pair=SOL/USDT rows=8554 year=2021
2026-09-23 07:32:07 [info     ] downloading                    url=https://data.binance.vision/data/spot/monthly/klines/SOLUSDT/5m/SOLUSDT-5m-2021-05.zip
2026-09-23 07:32:11 [info     ] imported_batch                 batch=9/9 interval=5m month=5 pair=SOL/USDT rows=8928 year=2021
2026-09-23 07:32:11 [info     ] imported                       batches=9 interval=5m month=5 pair=SOL/USDT rows=8928 year=2021
2026-09-23 07:32:11 [info     ] downloading                    url=https://data.binance.vision/data/spot/monthly/klines/SOLUSDT/5m/SOLUSDT-5m-2021-06.zip
2026-09-23 07:32:16 [info     ] imported_batch                 batch=9/9 interval=5m month=6 pair=SOL/USDT rows=8640 year=2021
2026-09-23 07:32:16 [info     ] imported                       batches=9 interval=5m month=6 pair=SOL/USDT rows=8640 year=2021
2026-09-23 07:32:16 [info     ] downloading                    url=https://data.binance.vision/data/spot/monthly/klines/SOLUSDT/5m/SOLUSDT-5m-2021-07.zip
2026-09-23 07:32:20 [info     ] imported_batch                 batch=9/9 interval=5m month=7 pair=SOL/USDT rows=8928 year=2021
2026-09-23 07:32:20 [info     ] imported                       batches=9 interval=5m month=7 pair=SOL/USDT rows=8928 year=2021
2026-09-23 07:32:20 [info     ] downloading                    url=https://data.binance.vision/data/spot/monthly/klines/SOLUSDT/5m/SOLUSDT-5m-2021-08.zip
2026-09-23 07:32:25 [info     ] imported_batch                 batch=9/9 interval=5m month=8 pair=SOL/USDT rows=8874 year=2021
2026-09-23 07:32:25 [info     ] imported                       batches=9 interval=5m month=8 pair=SOL/USDT rows=8874 year=2021
2026-09-23 07:32:25 [info     ] downloading                    url=https://data.binance.vision/data/spot/monthly/klines/SOLUSDT/5m/SOLUSDT-5m-2021-09.zip
2026-09-23 07:32:29 [info     ] imported_batch                 batch=9/9 interval=5m month=9 pair=SOL/USDT rows=8616 year=2021
2026-09-23 07:32:29 [info     ] imported                       batches=9 interval=5m month=9 pair=SOL/USDT rows=8616 year=2021
2026-09-23 07:32:29 [info     ] downloading                    url=https://data.binance.vision/data/spot/monthly/klines/SOLUSDT/5m/SOLUSDT-5m-2021-10.zip
2026-09-23 07:32:34 [info     ] imported_batch                 batch=9/9 interval=5m month=10 pair=SOL/USDT rows=8928 year=2021
2026-09-23 07:32:34 [info     ] imported                       batches=9 interval=5m month=10 pair=SOL/USDT rows=8928 year=2021
2026-09-23 07:32:34 [info     ] downloading                    url=https://data.binance.vision/data/spot/monthly/klines/SOLUSDT/5m/SOLUSDT-5m-2021-11.zip
2026-09-23 07:32:38 [info     ] imported_batch                 batch=9/9 interval=5m month=11 pair=SOL/USDT rows=8640 year=2021
2026-09-23 07:32:38 [info     ] imported                       batches=9 interval=5m month=11 pair=SOL/USDT rows=8640 year=2021
2026-09-23 07:32:38 [info     ] downloading                    url=https://data.binance.vision/data/spot/monthly/klines/SOLUSDT/5m/SOLUSDT-5m-2021-12.zip
2026-09-23 07:32:43 [info     ] imported_batch                 batch=9/9 interval=5m month=12 pair=SOL/USDT rows=8928 year=2021
2026-09-23 07:32:43 [info     ] imported                       batches=9 interval=5m month=12 pair=SOL/USDT rows=8928 year=2021
2026-09-23 07:32:43 [info     ] downloading                    url=https://data.binance.vision/data/spot/monthly/klines/SOLUSDT/5m/SOLUSDT-5m-2022-01.zip
2026-09-23 07:32:48 [info     ] imported_batch                 batch=9/9 interval=5m month=1 pair=SOL/USDT rows=8928 year=2022
2026-09-23 07:32:48 [info     ] imported                       batches=9 interval=5m month=1 pair=SOL/USDT rows=8928 year=2022
2026-09-23 07:32:48 [info     ] downloading                    url=https://data.binance.vision/data/spot/monthly/klines/SOLUSDT/5m/SOLUSDT-5m-2022-02.zip
2026-09-23 07:32:52 [info     ] imported_batch                 batch=9/9 interval=5m month=2 pair=SOL/USDT rows=8064 year=2022
2026-09-23 07:32:52 [info     ] imported                       batches=9 interval=5m month=2 pair=SOL/USDT rows=8064 year=2022
2026-09-23 07:32:52 [info     ] downloading                    url=https://data.binance.vision/data/spot/monthly/klines/SOLUSDT/5m/SOLUSDT-5m-2022-03.zip
2026-09-23 07:32:56 [info     ] imported_batch                 batch=9/9 interval=5m month=3 pair=SOL/USDT rows=8928 year=2022
2026-09-23 07:32:56 [info     ] imported                       batches=9 interval=5m month=3 pair=SOL/USDT rows=8928 year=2022
2026-09-23 07:32:56 [info     ] downloading                    url=https://data.binance.vision/data/spot/monthly/klines/SOLUSDT/5m/SOLUSDT-5m-2022-04.zip
2026-09-23 07:33:00 [info     ] imported_batch                 batch=9/9 interval=5m month=4 pair=SOL/USDT rows=8640 year=2022
2026-09-23 07:33:00 [info     ] imported                       batches=9 interval=5m month=4 pair=SOL/USDT rows=8640 year=2022
2026-09-23 07:33:00 [info     ] downloading                    url=https://data.binance.vision/data/spot/monthly/klines/SOLUSDT/5m/SOLUSDT-5m-2022-05.zip
2026-09-23 07:33:05 [info     ] imported_batch                 batch=9/9 interval=5m month=5 pair=SOL/USDT rows=8928 year=2022
2026-09-23 07:33:05 [info     ] imported                       batches=9 interval=5m month=5 pair=SOL/USDT rows=8928 year=2022
2026-09-23 07:33:05 [info     ] downloading                    url=https://data.binance.vision/data/spot/monthly/klines/SOLUSDT/5m/SOLUSDT-5m-2022-06.zip
2026-09-23 07:33:09 [info     ] imported_batch                 batch=9/9 interval=5m month=6 pair=SOL/USDT rows=8640 year=2022
2026-09-23 07:33:09 [info     ] imported                       batches=9 interval=5m month=6 pair=SOL/USDT rows=8640 year=2022
2026-09-23 07:33:09 [info     ] downloading                    url=https://data.binance.vision/data/spot/monthly/klines/SOLUSDT/5m/SOLUSDT-5m-2022-07.zip
2026-09-23 07:33:13 [info     ] imported_batch                 batch=9/9 interval=5m month=7 pair=SOL/USDT rows=8928 year=2022
2026-09-23 07:33:13 [info     ] imported                       batches=9 interval=5m month=7 pair=SOL/USDT rows=8928 year=2022
2026-09-23 07:33:13 [info     ] downloading                    url=https://data.binance.vision/data/spot/monthly/klines/SOLUSDT/5m/SOLUSDT-5m-2022-08.zip
2026-09-23 07:33:17 [info     ] imported_batch                 batch=9/9 interval=5m month=8 pair=SOL/USDT rows=8928 year=2022
2026-09-23 07:33:17 [info     ] imported                       batches=9 interval=5m month=8 pair=SOL/USDT rows=8928 year=2022
2026-09-23 07:33:17 [info     ] downloading                    url=https://data.binance.vision/data/spot/monthly/klines/SOLUSDT/5m/SOLUSDT-5m-2022-09.zip
2026-09-23 07:33:22 [info     ] imported_batch                 batch=9/9 interval=5m month=9 pair=SOL/USDT rows=8640 year=2022
2026-09-23 07:33:22 [info     ] imported                       batches=9 interval=5m month=9 pair=SOL/USDT rows=8640 year=2022
2026-09-23 07:33:22 [info     ] downloading                    url=https://data.binance.vision/data/spot/monthly/klines/SOLUSDT/5m/SOLUSDT-5m-2022-10.zip
2026-09-23 07:33:26 [info     ] imported_batch                 batch=9/9 interval=5m month=10 pair=SOL/USDT rows=8928 year=2022
2026-09-23 07:33:26 [info     ] imported                       batches=9 interval=5m month=10 pair=SOL/USDT rows=8928 year=2022
2026-09-23 07:33:26 [info     ] downloading                    url=https://data.binance.vision/data/spot/monthly/klines/SOLUSDT/5m/SOLUSDT-5m-2022-11.zip
2026-09-23 07:33:30 [info     ] imported_batch                 batch=9/9 interval=5m month=11 pair=SOL/USDT rows=8640 year=2022
2026-09-23 07:33:30 [info     ] imported                       batches=9 interval=5m month=11 pair=SOL/USDT rows=8640 year=2022
2026-09-23 07:33:30 [info     ] downloading                    url=https://data.binance.vision/data/spot/monthly/klines/SOLUSDT/5m/SOLUSDT-5m-2022-12.zip
2026-09-23 07:33:35 [info     ] imported_batch                 batch=9/9 interval=5m month=12 pair=SOL/USDT rows=8928 year=2022
2026-09-23 07:33:35 [info     ] imported                       batches=9 interval=5m month=12 pair=SOL/USDT rows=8928 year=2022
2026-09-23 07:33:35 [info     ] downloading                    url=https://data.binance.vision/data/spot/monthly/klines/SOLUSDT/5m/SOLUSDT-5m-2023-01.zip
2026-09-23 07:33:39 [info     ] imported_batch                 batch=9/9 interval=5m month=1 pair=SOL/USDT rows=8928 year=2023
2026-09-23 07:33:39 [info     ] imported                       batches=9 interval=5m month=1 pair=SOL/USDT rows=8928 year=2023
2026-09-23 07:33:39 [info     ] downloading                    url=https://data.binance.vision/data/spot/monthly/klines/SOLUSDT/5m/SOLUSDT-5m-2023-02.zip
2026-09-23 07:33:44 [info     ] imported_batch                 batch=9/9 interval=5m month=2 pair=SOL/USDT rows=8064 year=2023
2026-09-23 07:33:44 [info     ] imported                       batches=9 interval=5m month=2 pair=SOL/USDT rows=8064 year=2023
2026-09-23 07:33:44 [info     ] downloading                    url=https://data.binance.vision/data/spot/monthly/klines/SOLUSDT/5m/SOLUSDT-5m-2023-03.zip
2026-09-23 07:33:48 [info     ] imported_batch                 batch=9/9 interval=5m month=3 pair=SOL/USDT rows=8912 year=2023
2026-09-23 07:33:48 [info     ] imported                       batches=9 interval=5m month=3 pair=SOL/USDT rows=8912 year=2023
2026-09-23 07:33:48 [info     ] downloading                    url=https://data.binance.vision/data/spot/monthly/klines/SOLUSDT/5m/SOLUSDT-5m-2023-04.zip
2026-09-23 07:33:52 [info     ] imported_batch                 batch=9/9 interval=5m month=4 pair=SOL/USDT rows=8640 year=2023
2026-09-23 07:33:52 [info     ] imported                       batches=9 interval=5m month=4 pair=SOL/USDT rows=8640 year=2023
2026-09-23 07:33:52 [info     ] downloading                    url=https://data.binance.vision/data/spot/monthly/klines/SOLUSDT/5m/SOLUSDT-5m-2023-05.zip
2026-09-23 07:33:57 [info     ] imported_batch                 batch=9/9 interval=5m month=5 pair=SOL/USDT rows=8928 year=2023
2026-09-23 07:33:57 [info     ] imported                       batches=9 interval=5m month=5 pair=SOL/USDT rows=8928 year=2023
2026-09-23 07:33:57 [info     ] downloading                    url=https://data.binance.vision/data/spot/monthly/klines/SOLUSDT/5m/SOLUSDT-5m-2023-06.zip
2026-09-23 07:34:01 [info     ] imported_batch                 batch=9/9 interval=5m month=6 pair=SOL/USDT rows=8640 year=2023
2026-09-23 07:34:01 [info     ] imported                       batches=9 interval=5m month=6 pair=SOL/USDT rows=8640 year=2023
2026-09-23 07:34:01 [info     ] downloading                    url=https://data.binance.vision/data/spot/monthly/klines/SOLUSDT/5m/SOLUSDT-5m-2023-07.zip
2026-09-23 07:34:05 [info     ] imported_batch                 batch=9/9 interval=5m month=7 pair=SOL/USDT rows=8928 year=2023
2026-09-23 07:34:05 [info     ] imported                       batches=9 interval=5m month=7 pair=SOL/USDT rows=8928 year=2023
2026-09-23 07:34:05 [info     ] downloading                    url=https://data.binance.vision/data/spot/monthly/klines/SOLUSDT/5m/SOLUSDT-5m-2023-08.zip
2026-09-23 07:34:09 [info     ] imported_batch                 batch=9/9 interval=5m month=8 pair=SOL/USDT rows=8928 year=2023
2026-09-23 07:34:09 [info     ] imported                       batches=9 interval=5m month=8 pair=SOL/USDT rows=8928 year=2023
2026-09-23 07:34:09 [info     ] downloading                    url=https://data.binance.vision/data/spot/monthly/klines/SOLUSDT/5m/SOLUSDT-5m-2023-09.zip
2026-09-23 07:34:13 [info     ] imported_batch                 batch=9/9 interval=5m month=9 pair=SOL/USDT rows=8640 year=2023
2026-09-23 07:34:13 [info     ] imported                       batches=9 interval=5m month=9 pair=SOL/USDT rows=8640 year=2023
2026-09-23 07:34:13 [info     ] downloading                    url=https://data.binance.vision/data/spot/monthly/klines/SOLUSDT/5m/SOLUSDT-5m-2023-10.zip
2026-09-23 07:34:18 [info     ] imported_batch                 batch=9/9 interval=5m month=10 pair=SOL/USDT rows=8928 year=2023
2026-09-23 07:34:18 [info     ] imported                       batches=9 interval=5m month=10 pair=SOL/USDT rows=8928 year=2023
2026-09-23 07:34:18 [info     ] progress                       pct=69.4% processed=850 total=1224 total_rows=2014813
2026-09-23 07:34:18 [info     ] downloading                    url=https://data.binance.vision/data/spot/monthly/klines/SOLUSDT/5m/SOLUSDT-5m-2023-11.zip
2026-09-23 07:34:23 [info     ] imported_batch                 batch=9/9 interval=5m month=11 pair=SOL/USDT rows=8640 year=2023
2026-09-23 07:34:23 [info     ] imported                       batches=9 interval=5m month=11 pair=SOL/USDT rows=8640 year=2023
2026-09-23 07:34:23 [info     ] downloading                    url=https://data.binance.vision/data/spot/monthly/klines/SOLUSDT/5m/SOLUSDT-5m-2023-12.zip
2026-09-23 07:34:27 [info     ] imported_batch                 batch=9/9 interval=5m month=12 pair=SOL/USDT rows=8928 year=2023
2026-09-23 07:34:27 [info     ] imported                       batches=9 interval=5m month=12 pair=SOL/USDT rows=8928 year=2023
2026-09-23 07:34:27 [info     ] downloading                    url=https://data.binance.vision/data/spot/monthly/klines/SOLUSDT/5m/SOLUSDT-5m-2024-01.zip
2026-09-23 07:34:31 [info     ] imported_batch                 batch=9/9 interval=5m month=1 pair=SOL/USDT rows=8928 year=2024
2026-09-23 07:34:31 [info     ] imported                       batches=9 interval=5m month=1 pair=SOL/USDT rows=8928 year=2024
2026-09-23 07:34:31 [info     ] downloading                    url=https://data.binance.vision/data/spot/monthly/klines/SOLUSDT/5m/SOLUSDT-5m-2024-02.zip
2026-09-23 07:34:35 [info     ] imported_batch                 batch=9/9 interval=5m month=2 pair=SOL/USDT rows=8352 year=2024
2026-09-23 07:34:35 [info     ] imported                       batches=9 interval=5m month=2 pair=SOL/USDT rows=8352 year=2024
2026-09-23 07:34:35 [info     ] downloading                    url=https://data.binance.vision/data/spot/monthly/klines/SOLUSDT/5m/SOLUSDT-5m-2024-03.zip
2026-09-23 07:34:40 [info     ] imported_batch                 batch=9/9 interval=5m month=3 pair=SOL/USDT rows=8928 year=2024
2026-09-23 07:34:40 [info     ] imported                       batches=9 interval=5m month=3 pair=SOL/USDT rows=8928 year=2024
2026-09-23 07:34:40 [info     ] downloading                    url=https://data.binance.vision/data/spot/monthly/klines/SOLUSDT/5m/SOLUSDT-5m-2024-04.zip
2026-09-23 07:34:45 [info     ] imported_batch                 batch=9/9 interval=5m month=4 pair=SOL/USDT rows=8640 year=2024
2026-09-23 07:34:45 [info     ] imported                       batches=9 interval=5m month=4 pair=SOL/USDT rows=8640 year=2024
2026-09-23 07:34:45 [info     ] downloading                    url=https://data.binance.vision/data/spot/monthly/klines/SOLUSDT/5m/SOLUSDT-5m-2024-05.zip
2026-09-23 07:34:49 [info     ] imported_batch                 batch=9/9 interval=5m month=5 pair=SOL/USDT rows=8928 year=2024
2026-09-23 07:34:49 [info     ] imported                       batches=9 interval=5m month=5 pair=SOL/USDT rows=8928 year=2024
2026-09-23 07:34:49 [info     ] downloading                    url=https://data.binance.vision/data/spot/monthly/klines/SOLUSDT/5m/SOLUSDT-5m-2024-06.zip
2026-09-23 07:34:54 [info     ] imported_batch                 batch=9/9 interval=5m month=6 pair=SOL/USDT rows=8640 year=2024
2026-09-23 07:34:54 [info     ] imported                       batches=9 interval=5m month=6 pair=SOL/USDT rows=8640 year=2024
2026-09-23 07:34:54 [info     ] downloading                    url=https://data.binance.vision/data/spot/monthly/klines/SOLUSDT/5m/SOLUSDT-5m-2024-07.zip
2026-09-23 07:34:58 [info     ] imported_batch                 batch=9/9 interval=5m month=7 pair=SOL/USDT rows=8928 year=2024
2026-09-23 07:34:58 [info     ] imported                       batches=9 interval=5m month=7 pair=SOL/USDT rows=8928 year=2024
2026-09-23 07:34:58 [info     ] downloading                    url=https://data.binance.vision/data/spot/monthly/klines/SOLUSDT/5m/SOLUSDT-5m-2024-08.zip
2026-09-23 07:35:03 [info     ] imported_batch                 batch=9/9 interval=5m month=8 pair=SOL/USDT rows=8928 year=2024
2026-09-23 07:35:03 [info     ] imported                       batches=9 interval=5m month=8 pair=SOL/USDT rows=8928 year=2024
2026-09-23 07:35:03 [info     ] downloading                    url=https://data.binance.vision/data/spot/monthly/klines/SOLUSDT/5m/SOLUSDT-5m-2024-09.zip
2026-09-23 07:35:07 [info     ] imported_batch                 batch=9/9 interval=5m month=9 pair=SOL/USDT rows=8640 year=2024
2026-09-23 07:35:07 [info     ] imported                       batches=9 interval=5m month=9 pair=SOL/USDT rows=8640 year=2024
2026-09-23 07:35:07 [info     ] downloading                    url=https://data.binance.vision/data/spot/monthly/klines/SOLUSDT/5m/SOLUSDT-5m-2024-10.zip
2026-09-23 07:35:11 [info     ] imported_batch                 batch=9/9 interval=5m month=10 pair=SOL/USDT rows=8928 year=2024
2026-09-23 07:35:11 [info     ] imported                       batches=9 interval=5m month=10 pair=SOL/USDT rows=8928 year=2024
2026-09-23 07:35:12 [info     ] downloading                    url=https://data.binance.vision/data/spot/monthly/klines/SOLUSDT/5m/SOLUSDT-5m-2024-11.zip
2026-09-23 07:35:16 [info     ] imported_batch                 batch=9/9 interval=5m month=11 pair=SOL/USDT rows=8640 year=2024
2026-09-23 07:35:16 [info     ] imported                       batches=9 interval=5m month=11 pair=SOL/USDT rows=8640 year=2024
2026-09-23 07:35:16 [info     ] downloading                    url=https://data.binance.vision/data/spot/monthly/klines/SOLUSDT/5m/SOLUSDT-5m-2024-12.zip
2026-09-23 07:35:21 [info     ] imported_batch                 batch=9/9 interval=5m month=12 pair=SOL/USDT rows=8928 year=2024
2026-09-23 07:35:21 [info     ] imported                       batches=9 interval=5m month=12 pair=SOL/USDT rows=8928 year=2024
2026-09-23 07:35:21 [info     ] downloading                    url=https://data.binance.vision/data/spot/monthly/klines/SOLUSDT/5m/SOLUSDT-5m-2025-01.zip
2026-09-23 07:35:25 [info     ] imported_batch                 batch=9/9 interval=5m month=1 pair=SOL/USDT rows=8928 year=2025
2026-09-23 07:35:25 [info     ] imported                       batches=9 interval=5m month=1 pair=SOL/USDT rows=8928 year=2025
2026-09-23 07:35:25 [info     ] downloading                    url=https://data.binance.vision/data/spot/monthly/klines/SOLUSDT/5m/SOLUSDT-5m-2025-02.zip
2026-09-23 07:35:29 [info     ] imported_batch                 batch=9/9 interval=5m month=2 pair=SOL/USDT rows=8064 year=2025
2026-09-23 07:35:29 [info     ] imported                       batches=9 interval=5m month=2 pair=SOL/USDT rows=8064 year=2025
2026-09-23 07:35:29 [info     ] downloading                    url=https://data.binance.vision/data/spot/monthly/klines/SOLUSDT/5m/SOLUSDT-5m-2025-03.zip
2026-09-23 07:35:34 [info     ] imported_batch                 batch=9/9 interval=5m month=3 pair=SOL/USDT rows=8928 year=2025
2026-09-23 07:35:34 [info     ] imported                       batches=9 interval=5m month=3 pair=SOL/USDT rows=8928 year=2025
2026-09-23 07:35:34 [info     ] downloading                    url=https://data.binance.vision/data/spot/monthly/klines/SOLUSDT/5m/SOLUSDT-5m-2025-04.zip
2026-09-23 07:35:38 [info     ] imported_batch                 batch=9/9 interval=5m month=4 pair=SOL/USDT rows=8640 year=2025
2026-09-23 07:35:38 [info     ] imported                       batches=9 interval=5m month=4 pair=SOL/USDT rows=8640 year=2025
2026-09-23 07:35:38 [info     ] downloading                    url=https://data.binance.vision/data/spot/monthly/klines/SOLUSDT/5m/SOLUSDT-5m-2025-05.zip
2026-09-23 07:35:43 [info     ] imported_batch                 batch=9/9 interval=5m month=5 pair=SOL/USDT rows=8928 year=2025
2026-09-23 07:35:43 [info     ] imported                       batches=9 interval=5m month=5 pair=SOL/USDT rows=8928 year=2025
2026-09-23 07:35:43 [info     ] downloading                    url=https://data.binance.vision/data/spot/monthly/klines/SOLUSDT/5m/SOLUSDT-5m-2025-06.zip
2026-09-23 07:35:47 [info     ] imported_batch                 batch=9/9 interval=5m month=6 pair=SOL/USDT rows=8640 year=2025
2026-09-23 07:35:47 [info     ] imported                       batches=9 interval=5m month=6 pair=SOL/USDT rows=8640 year=2025
2026-09-23 07:35:47 [info     ] downloading                    url=https://data.binance.vision/data/spot/monthly/klines/SOLUSDT/5m/SOLUSDT-5m-2025-07.zip
2026-09-23 07:35:52 [info     ] imported_batch                 batch=9/9 interval=5m month=7 pair=SOL/USDT rows=8928 year=2025
2026-09-23 07:35:52 [info     ] imported                       batches=9 interval=5m month=7 pair=SOL/USDT rows=8928 year=2025
2026-09-23 07:35:52 [info     ] downloading                    url=https://data.binance.vision/data/spot/monthly/klines/SOLUSDT/5m/SOLUSDT-5m-2025-08.zip
2026-09-23 07:35:56 [info     ] imported_batch                 batch=9/9 interval=5m month=8 pair=SOL/USDT rows=8928 year=2025
2026-09-23 07:35:56 [info     ] imported                       batches=9 interval=5m month=8 pair=SOL/USDT rows=8928 year=2025
2026-09-23 07:35:56 [info     ] downloading                    url=https://data.binance.vision/data/spot/monthly/klines/SOLUSDT/5m/SOLUSDT-5m-2025-09.zip
2026-09-23 07:36:01 [info     ] imported_batch                 batch=9/9 interval=5m month=9 pair=SOL/USDT rows=8640 year=2025
2026-09-23 07:36:01 [info     ] imported                       batches=9 interval=5m month=9 pair=SOL/USDT rows=8640 year=2025
2026-09-23 07:36:01 [info     ] downloading                    url=https://data.binance.vision/data/spot/monthly/klines/SOLUSDT/5m/SOLUSDT-5m-2025-10.zip
2026-09-23 07:36:06 [info     ] imported_batch                 batch=9/9 interval=5m month=10 pair=SOL/USDT rows=8928 year=2025
2026-09-23 07:36:06 [info     ] imported                       batches=9 interval=5m month=10 pair=SOL/USDT rows=8928 year=2025
2026-09-23 07:36:06 [info     ] downloading                    url=https://data.binance.vision/data/spot/monthly/klines/SOLUSDT/5m/SOLUSDT-5m-2025-11.zip
2026-09-23 07:36:10 [info     ] imported_batch                 batch=9/9 interval=5m month=11 pair=SOL/USDT rows=8640 year=2025
2026-09-23 07:36:10 [info     ] imported                       batches=9 interval=5m month=11 pair=SOL/USDT rows=8640 year=2025
2026-09-23 07:36:11 [info     ] downloading                    url=https://data.binance.vision/data/spot/monthly/klines/SOLUSDT/5m/SOLUSDT-5m-2025-12.zip
2026-09-23 07:36:15 [info     ] imported_batch                 batch=9/9 interval=5m month=12 pair=SOL/USDT rows=8928 year=2025
2026-09-23 07:36:15 [info     ] imported                       batches=9 interval=5m month=12 pair=SOL/USDT rows=8928 year=2025
2026-09-23 07:36:15 [info     ] downloading                    url=https://data.binance.vision/data/spot/monthly/klines/SOLUSDT/5m/SOLUSDT-5m-2026-01.zip
2026-09-23 07:36:20 [info     ] imported_batch                 batch=9/9 interval=5m month=1 pair=SOL/USDT rows=8928 year=2026
2026-09-23 07:36:20 [info     ] imported                       batches=9 interval=5m month=1 pair=SOL/USDT rows=8928 year=2026
2026-09-23 07:36:20 [info     ] downloading                    url=https://data.binance.vision/data/spot/monthly/klines/SOLUSDT/5m/SOLUSDT-5m-2026-02.zip
2026-09-23 07:36:24 [info     ] imported_batch                 batch=9/9 interval=5m month=2 pair=SOL/USDT rows=8064 year=2026
2026-09-23 07:36:24 [info     ] imported                       batches=9 interval=5m month=2 pair=SOL/USDT rows=8064 year=2026
2026-09-23 07:36:24 [info     ] downloading                    url=https://data.binance.vision/data/spot/monthly/klines/SOLUSDT/5m/SOLUSDT-5m-2026-03.zip
2026-09-23 07:36:29 [info     ] imported_batch                 batch=9/9 interval=5m month=3 pair=SOL/USDT rows=8928 year=2026
2026-09-23 07:36:29 [info     ] imported                       batches=9 interval=5m month=3 pair=SOL/USDT rows=8928 year=2026
2026-09-23 07:36:29 [info     ] downloading                    url=https://data.binance.vision/data/spot/monthly/klines/SOLUSDT/5m/SOLUSDT-5m-2026-04.zip
2026-09-23 07:36:33 [info     ] imported_batch                 batch=9/9 interval=5m month=4 pair=SOL/USDT rows=8640 year=2026
2026-09-23 07:36:33 [info     ] imported                       batches=9 interval=5m month=4 pair=SOL/USDT rows=8640 year=2026
2026-09-23 07:36:33 [info     ] downloading                    url=https://data.binance.vision/data/spot/monthly/klines/SOLUSDT/5m/SOLUSDT-5m-2026-05.zip
2026-09-23 07:36:38 [info     ] imported_batch                 batch=9/9 interval=5m month=5 pair=SOL/USDT rows=8928 year=2026
2026-09-23 07:36:38 [info     ] imported                       batches=9 interval=5m month=5 pair=SOL/USDT rows=8928 year=2026
2026-09-23 07:36:38 [info     ] downloading                    url=https://data.binance.vision/data/spot/monthly/klines/SOLUSDT/5m/SOLUSDT-5m-2026-06.zip
2026-09-23 07:36:43 [info     ] imported_batch                 batch=9/9 interval=5m month=6 pair=SOL/USDT rows=8640 year=2026
2026-09-23 07:36:43 [info     ] imported                       batches=9 interval=5m month=6 pair=SOL/USDT rows=8640 year=2026
2026-09-23 07:36:43 [info     ] downloading                    url=https://data.binance.vision/data/spot/monthly/klines/SOLUSDT/5m/SOLUSDT-5m-2026-07.zip
2026-09-23 07:36:47 [info     ] imported_batch                 batch=9/9 interval=5m month=7 pair=SOL/USDT rows=8928 year=2026
2026-09-23 07:36:47 [info     ] imported                       batches=9 interval=5m month=7 pair=SOL/USDT rows=8928 year=2026
2026-09-23 07:36:47 [info     ] downloading                    url=https://data.binance.vision/data/spot/monthly/klines/SOLUSDT/5m/SOLUSDT-5m-2026-08.zip
2026-09-23 07:36:52 [info     ] imported_batch                 batch=9/9 interval=5m month=8 pair=SOL/USDT rows=8928 year=2026
2026-09-23 07:36:52 [info     ] imported                       batches=9 interval=5m month=8 pair=SOL/USDT rows=8928 year=2026
2026-09-23 07:36:52 [info     ] downloading                    url=https://data.binance.vision/data/spot/monthly/klines/SOLUSDT/15m/SOLUSDT-15m-2021-01.zip
2026-09-23 07:36:54 [info     ] imported_batch                 batch=3/3 interval=15m month=1 pair=SOL/USDT rows=2976 year=2021
2026-09-23 07:36:54 [info     ] imported                       batches=3 interval=15m month=1 pair=SOL/USDT rows=2976 year=2021
2026-09-23 07:36:54 [info     ] downloading                    url=https://data.binance.vision/data/spot/monthly/klines/SOLUSDT/15m/SOLUSDT-15m-2021-02.zip
2026-09-23 07:36:55 [info     ] imported_batch                 batch=3/3 interval=15m month=2 pair=SOL/USDT rows=2683 year=2021
2026-09-23 07:36:55 [info     ] imported                       batches=3 interval=15m month=2 pair=SOL/USDT rows=2683 year=2021
2026-09-23 07:36:55 [info     ] downloading                    url=https://data.binance.vision/data/spot/monthly/klines/SOLUSDT/15m/SOLUSDT-15m-2021-03.zip
2026-09-23 07:36:57 [info     ] imported_batch                 batch=3/3 interval=15m month=3 pair=SOL/USDT rows=2970 year=2021
2026-09-23 07:36:57 [info     ] imported                       batches=3 interval=15m month=3 pair=SOL/USDT rows=2970 year=2021
2026-09-23 07:36:57 [info     ] downloading                    url=https://data.binance.vision/data/spot/monthly/klines/SOLUSDT/15m/SOLUSDT-15m-2021-04.zip
2026-09-23 07:36:59 [info     ] imported_batch                 batch=3/3 interval=15m month=4 pair=SOL/USDT rows=2852 year=2021
2026-09-23 07:36:59 [info     ] imported                       batches=3 interval=15m month=4 pair=SOL/USDT rows=2852 year=2021
2026-09-23 07:36:59 [info     ] downloading                    url=https://data.binance.vision/data/spot/monthly/klines/SOLUSDT/15m/SOLUSDT-15m-2021-05.zip
2026-09-23 07:37:01 [info     ] imported_batch                 batch=3/3 interval=15m month=5 pair=SOL/USDT rows=2976 year=2021
2026-09-23 07:37:01 [info     ] imported                       batches=3 interval=15m month=5 pair=SOL/USDT rows=2976 year=2021
2026-09-23 07:37:01 [info     ] downloading                    url=https://data.binance.vision/data/spot/monthly/klines/SOLUSDT/15m/SOLUSDT-15m-2021-06.zip
2026-09-23 07:37:03 [info     ] imported_batch                 batch=3/3 interval=15m month=6 pair=SOL/USDT rows=2880 year=2021
2026-09-23 07:37:03 [info     ] imported                       batches=3 interval=15m month=6 pair=SOL/USDT rows=2880 year=2021
2026-09-23 07:37:03 [info     ] downloading                    url=https://data.binance.vision/data/spot/monthly/klines/SOLUSDT/15m/SOLUSDT-15m-2021-07.zip
2026-09-23 07:37:06 [info     ] imported_batch                 batch=3/3 interval=15m month=7 pair=SOL/USDT rows=2976 year=2021
2026-09-23 07:37:06 [info     ] imported                       batches=3 interval=15m month=7 pair=SOL/USDT rows=2976 year=2021
2026-09-23 07:37:06 [info     ] downloading                    url=https://data.binance.vision/data/spot/monthly/klines/SOLUSDT/15m/SOLUSDT-15m-2021-08.zip
2026-09-23 07:37:08 [info     ] imported_batch                 batch=3/3 interval=15m month=8 pair=SOL/USDT rows=2958 year=2021
2026-09-23 07:37:08 [info     ] imported                       batches=3 interval=15m month=8 pair=SOL/USDT rows=2958 year=2021
2026-09-23 07:37:08 [info     ] downloading                    url=https://data.binance.vision/data/spot/monthly/klines/SOLUSDT/15m/SOLUSDT-15m-2021-09.zip
2026-09-23 07:37:10 [info     ] imported_batch                 batch=3/3 interval=15m month=9 pair=SOL/USDT rows=2872 year=2021
2026-09-23 07:37:10 [info     ] imported                       batches=3 interval=15m month=9 pair=SOL/USDT rows=2872 year=2021
2026-09-23 07:37:10 [info     ] downloading                    url=https://data.binance.vision/data/spot/monthly/klines/SOLUSDT/15m/SOLUSDT-15m-2021-10.zip
2026-09-23 07:37:12 [info     ] imported_batch                 batch=3/3 interval=15m month=10 pair=SOL/USDT rows=2976 year=2021
2026-09-23 07:37:12 [info     ] imported                       batches=3 interval=15m month=10 pair=SOL/USDT rows=2976 year=2021
2026-09-23 07:37:12 [info     ] downloading                    url=https://data.binance.vision/data/spot/monthly/klines/SOLUSDT/15m/SOLUSDT-15m-2021-11.zip
2026-09-23 07:37:15 [info     ] imported_batch                 batch=3/3 interval=15m month=11 pair=SOL/USDT rows=2880 year=2021
2026-09-23 07:37:15 [info     ] imported                       batches=3 interval=15m month=11 pair=SOL/USDT rows=2880 year=2021
2026-09-23 07:37:15 [info     ] downloading                    url=https://data.binance.vision/data/spot/monthly/klines/SOLUSDT/15m/SOLUSDT-15m-2021-12.zip
2026-09-23 07:37:17 [info     ] imported_batch                 batch=3/3 interval=15m month=12 pair=SOL/USDT rows=2976 year=2021
2026-09-23 07:37:17 [info     ] imported                       batches=3 interval=15m month=12 pair=SOL/USDT rows=2976 year=2021
2026-09-23 07:37:17 [info     ] downloading                    url=https://data.binance.vision/data/spot/monthly/klines/SOLUSDT/15m/SOLUSDT-15m-2022-01.zip
2026-09-23 07:37:20 [info     ] imported_batch                 batch=3/3 interval=15m month=1 pair=SOL/USDT rows=2976 year=2022
2026-09-23 07:37:20 [info     ] imported                       batches=3 interval=15m month=1 pair=SOL/USDT rows=2976 year=2022
2026-09-23 07:37:20 [info     ] downloading                    url=https://data.binance.vision/data/spot/monthly/klines/SOLUSDT/15m/SOLUSDT-15m-2022-02.zip
2026-09-23 07:37:22 [info     ] imported_batch                 batch=3/3 interval=15m month=2 pair=SOL/USDT rows=2688 year=2022
2026-09-23 07:37:22 [info     ] imported                       batches=3 interval=15m month=2 pair=SOL/USDT rows=2688 year=2022
2026-09-23 07:37:22 [info     ] downloading                    url=https://data.binance.vision/data/spot/monthly/klines/SOLUSDT/15m/SOLUSDT-15m-2022-03.zip
2026-09-23 07:37:24 [info     ] imported_batch                 batch=3/3 interval=15m month=3 pair=SOL/USDT rows=2976 year=2022
2026-09-23 07:37:24 [info     ] imported                       batches=3 interval=15m month=3 pair=SOL/USDT rows=2976 year=2022
2026-09-23 07:37:24 [info     ] downloading                    url=https://data.binance.vision/data/spot/monthly/klines/SOLUSDT/15m/SOLUSDT-15m-2022-04.zip
2026-09-23 07:37:25 [info     ] imported_batch                 batch=3/3 interval=15m month=4 pair=SOL/USDT rows=2880 year=2022
2026-09-23 07:37:25 [info     ] imported                       batches=3 interval=15m month=4 pair=SOL/USDT rows=2880 year=2022
2026-09-23 07:37:25 [info     ] progress                       pct=73.5% processed=900 total=1224 total_rows=2359388
2026-09-23 07:37:25 [info     ] downloading                    url=https://data.binance.vision/data/spot/monthly/klines/SOLUSDT/15m/SOLUSDT-15m-2022-05.zip
2026-09-23 07:37:27 [info     ] imported_batch                 batch=3/3 interval=15m month=5 pair=SOL/USDT rows=2976 year=2022
2026-09-23 07:37:27 [info     ] imported                       batches=3 interval=15m month=5 pair=SOL/USDT rows=2976 year=2022
2026-09-23 07:37:27 [info     ] downloading                    url=https://data.binance.vision/data/spot/monthly/klines/SOLUSDT/15m/SOLUSDT-15m-2022-06.zip
2026-09-23 07:37:29 [info     ] imported_batch                 batch=3/3 interval=15m month=6 pair=SOL/USDT rows=2880 year=2022
2026-09-23 07:37:29 [info     ] imported                       batches=3 interval=15m month=6 pair=SOL/USDT rows=2880 year=2022
2026-09-23 07:37:29 [info     ] downloading                    url=https://data.binance.vision/data/spot/monthly/klines/SOLUSDT/15m/SOLUSDT-15m-2022-07.zip
2026-09-23 07:37:31 [info     ] imported_batch                 batch=3/3 interval=15m month=7 pair=SOL/USDT rows=2976 year=2022
2026-09-23 07:37:31 [info     ] imported                       batches=3 interval=15m month=7 pair=SOL/USDT rows=2976 year=2022
2026-09-23 07:37:31 [info     ] downloading                    url=https://data.binance.vision/data/spot/monthly/klines/SOLUSDT/15m/SOLUSDT-15m-2022-08.zip
2026-09-23 07:37:34 [info     ] imported_batch                 batch=3/3 interval=15m month=8 pair=SOL/USDT rows=2976 year=2022
2026-09-23 07:37:34 [info     ] imported                       batches=3 interval=15m month=8 pair=SOL/USDT rows=2976 year=2022
2026-09-23 07:37:34 [info     ] downloading                    url=https://data.binance.vision/data/spot/monthly/klines/SOLUSDT/15m/SOLUSDT-15m-2022-09.zip
2026-09-23 07:37:36 [info     ] imported_batch                 batch=3/3 interval=15m month=9 pair=SOL/USDT rows=2880 year=2022
2026-09-23 07:37:36 [info     ] imported                       batches=3 interval=15m month=9 pair=SOL/USDT rows=2880 year=2022
2026-09-23 07:37:36 [info     ] downloading                    url=https://data.binance.vision/data/spot/monthly/klines/SOLUSDT/15m/SOLUSDT-15m-2022-10.zip
2026-09-23 07:37:38 [info     ] imported_batch                 batch=3/3 interval=15m month=10 pair=SOL/USDT rows=2976 year=2022
2026-09-23 07:37:38 [info     ] imported                       batches=3 interval=15m month=10 pair=SOL/USDT rows=2976 year=2022
2026-09-23 07:37:38 [info     ] downloading                    url=https://data.binance.vision/data/spot/monthly/klines/SOLUSDT/15m/SOLUSDT-15m-2022-11.zip
2026-09-23 07:37:39 [info     ] imported_batch                 batch=3/3 interval=15m month=11 pair=SOL/USDT rows=2880 year=2022
2026-09-23 07:37:39 [info     ] imported                       batches=3 interval=15m month=11 pair=SOL/USDT rows=2880 year=2022
2026-09-23 07:37:39 [info     ] downloading                    url=https://data.binance.vision/data/spot/monthly/klines/SOLUSDT/15m/SOLUSDT-15m-2022-12.zip
2026-09-23 07:37:41 [info     ] imported_batch                 batch=3/3 interval=15m month=12 pair=SOL/USDT rows=2976 year=2022
2026-09-23 07:37:41 [info     ] imported                       batches=3 interval=15m month=12 pair=SOL/USDT rows=2976 year=2022
2026-09-23 07:37:41 [info     ] downloading                    url=https://data.binance.vision/data/spot/monthly/klines/SOLUSDT/15m/SOLUSDT-15m-2023-01.zip
2026-09-23 07:37:44 [info     ] imported_batch                 batch=3/3 interval=15m month=1 pair=SOL/USDT rows=2976 year=2023
2026-09-23 07:37:44 [info     ] imported                       batches=3 interval=15m month=1 pair=SOL/USDT rows=2976 year=2023
2026-09-23 07:37:44 [info     ] downloading                    url=https://data.binance.vision/data/spot/monthly/klines/SOLUSDT/15m/SOLUSDT-15m-2023-02.zip
2026-09-23 07:37:46 [info     ] imported_batch                 batch=3/3 interval=15m month=2 pair=SOL/USDT rows=2688 year=2023
2026-09-23 07:37:46 [info     ] imported                       batches=3 interval=15m month=2 pair=SOL/USDT rows=2688 year=2023
2026-09-23 07:37:46 [info     ] downloading                    url=https://data.binance.vision/data/spot/monthly/klines/SOLUSDT/15m/SOLUSDT-15m-2023-03.zip
2026-09-23 07:37:48 [info     ] imported_batch                 batch=3/3 interval=15m month=3 pair=SOL/USDT rows=2971 year=2023
2026-09-23 07:37:48 [info     ] imported                       batches=3 interval=15m month=3 pair=SOL/USDT rows=2971 year=2023
2026-09-23 07:37:48 [info     ] downloading                    url=https://data.binance.vision/data/spot/monthly/klines/SOLUSDT/15m/SOLUSDT-15m-2023-04.zip
2026-09-23 07:37:50 [info     ] imported_batch                 batch=3/3 interval=15m month=4 pair=SOL/USDT rows=2880 year=2023
2026-09-23 07:37:50 [info     ] imported                       batches=3 interval=15m month=4 pair=SOL/USDT rows=2880 year=2023
2026-09-23 07:37:50 [info     ] downloading                    url=https://data.binance.vision/data/spot/monthly/klines/SOLUSDT/15m/SOLUSDT-15m-2023-05.zip
2026-09-23 07:37:52 [info     ] imported_batch                 batch=3/3 interval=15m month=5 pair=SOL/USDT rows=2976 year=2023
2026-09-23 07:37:52 [info     ] imported                       batches=3 interval=15m month=5 pair=SOL/USDT rows=2976 year=2023
2026-09-23 07:37:52 [info     ] downloading                    url=https://data.binance.vision/data/spot/monthly/klines/SOLUSDT/15m/SOLUSDT-15m-2023-06.zip
2026-09-23 07:37:55 [info     ] imported_batch                 batch=3/3 interval=15m month=6 pair=SOL/USDT rows=2880 year=2023
2026-09-23 07:37:55 [info     ] imported                       batches=3 interval=15m month=6 pair=SOL/USDT rows=2880 year=2023
2026-09-23 07:37:55 [info     ] downloading                    url=https://data.binance.vision/data/spot/monthly/klines/SOLUSDT/15m/SOLUSDT-15m-2023-07.zip
2026-09-23 07:37:57 [info     ] imported_batch                 batch=3/3 interval=15m month=7 pair=SOL/USDT rows=2976 year=2023
2026-09-23 07:37:57 [info     ] imported                       batches=3 interval=15m month=7 pair=SOL/USDT rows=2976 year=2023
2026-09-23 07:37:57 [info     ] downloading                    url=https://data.binance.vision/data/spot/monthly/klines/SOLUSDT/15m/SOLUSDT-15m-2023-08.zip
2026-09-23 07:37:59 [info     ] imported_batch                 batch=3/3 interval=15m month=8 pair=SOL/USDT rows=2976 year=2023
2026-09-23 07:37:59 [info     ] imported                       batches=3 interval=15m month=8 pair=SOL/USDT rows=2976 year=2023
2026-09-23 07:37:59 [info     ] downloading                    url=https://data.binance.vision/data/spot/monthly/klines/SOLUSDT/15m/SOLUSDT-15m-2023-09.zip
2026-09-23 07:38:01 [info     ] imported_batch                 batch=3/3 interval=15m month=9 pair=SOL/USDT rows=2880 year=2023
2026-09-23 07:38:01 [info     ] imported                       batches=3 interval=15m month=9 pair=SOL/USDT rows=2880 year=2023
2026-09-23 07:38:01 [info     ] downloading                    url=https://data.binance.vision/data/spot/monthly/klines/SOLUSDT/15m/SOLUSDT-15m-2023-10.zip
2026-09-23 07:38:03 [info     ] imported_batch                 batch=3/3 interval=15m month=10 pair=SOL/USDT rows=2976 year=2023
2026-09-23 07:38:03 [info     ] imported                       batches=3 interval=15m month=10 pair=SOL/USDT rows=2976 year=2023
2026-09-23 07:38:03 [info     ] downloading                    url=https://data.binance.vision/data/spot/monthly/klines/SOLUSDT/15m/SOLUSDT-15m-2023-11.zip
2026-09-23 07:38:05 [info     ] imported_batch                 batch=3/3 interval=15m month=11 pair=SOL/USDT rows=2880 year=2023
2026-09-23 07:38:05 [info     ] imported                       batches=3 interval=15m month=11 pair=SOL/USDT rows=2880 year=2023
2026-09-23 07:38:05 [info     ] downloading                    url=https://data.binance.vision/data/spot/monthly/klines/SOLUSDT/15m/SOLUSDT-15m-2023-12.zip
2026-09-23 07:38:07 [info     ] imported_batch                 batch=3/3 interval=15m month=12 pair=SOL/USDT rows=2976 year=2023
2026-09-23 07:38:07 [info     ] imported                       batches=3 interval=15m month=12 pair=SOL/USDT rows=2976 year=2023
2026-09-23 07:38:07 [info     ] downloading                    url=https://data.binance.vision/data/spot/monthly/klines/SOLUSDT/15m/SOLUSDT-15m-2024-01.zip
2026-09-23 07:38:09 [info     ] imported_batch                 batch=3/3 interval=15m month=1 pair=SOL/USDT rows=2976 year=2024
2026-09-23 07:38:09 [info     ] imported                       batches=3 interval=15m month=1 pair=SOL/USDT rows=2976 year=2024
2026-09-23 07:38:09 [info     ] downloading                    url=https://data.binance.vision/data/spot/monthly/klines/SOLUSDT/15m/SOLUSDT-15m-2024-02.zip
2026-09-23 07:38:12 [info     ] imported_batch                 batch=3/3 interval=15m month=2 pair=SOL/USDT rows=2784 year=2024
2026-09-23 07:38:12 [info     ] imported                       batches=3 interval=15m month=2 pair=SOL/USDT rows=2784 year=2024
2026-09-23 07:38:12 [info     ] downloading                    url=https://data.binance.vision/data/spot/monthly/klines/SOLUSDT/15m/SOLUSDT-15m-2024-03.zip
2026-09-23 07:38:14 [info     ] imported_batch                 batch=3/3 interval=15m month=3 pair=SOL/USDT rows=2976 year=2024
2026-09-23 07:38:14 [info     ] imported                       batches=3 interval=15m month=3 pair=SOL/USDT rows=2976 year=2024
2026-09-23 07:38:14 [info     ] downloading                    url=https://data.binance.vision/data/spot/monthly/klines/SOLUSDT/15m/SOLUSDT-15m-2024-04.zip
2026-09-23 07:38:17 [info     ] imported_batch                 batch=3/3 interval=15m month=4 pair=SOL/USDT rows=2880 year=2024
2026-09-23 07:38:17 [info     ] imported                       batches=3 interval=15m month=4 pair=SOL/USDT rows=2880 year=2024
2026-09-23 07:38:17 [info     ] downloading                    url=https://data.binance.vision/data/spot/monthly/klines/SOLUSDT/15m/SOLUSDT-15m-2024-05.zip
2026-09-23 07:38:19 [info     ] imported_batch                 batch=3/3 interval=15m month=5 pair=SOL/USDT rows=2976 year=2024
2026-09-23 07:38:19 [info     ] imported                       batches=3 interval=15m month=5 pair=SOL/USDT rows=2976 year=2024
2026-09-23 07:38:19 [info     ] downloading                    url=https://data.binance.vision/data/spot/monthly/klines/SOLUSDT/15m/SOLUSDT-15m-2024-06.zip
2026-09-23 07:38:21 [info     ] imported_batch                 batch=3/3 interval=15m month=6 pair=SOL/USDT rows=2880 year=2024
2026-09-23 07:38:21 [info     ] imported                       batches=3 interval=15m month=6 pair=SOL/USDT rows=2880 year=2024
2026-09-23 07:38:21 [info     ] downloading                    url=https://data.binance.vision/data/spot/monthly/klines/SOLUSDT/15m/SOLUSDT-15m-2024-07.zip
2026-09-23 07:38:23 [info     ] imported_batch                 batch=3/3 interval=15m month=7 pair=SOL/USDT rows=2976 year=2024
2026-09-23 07:38:23 [info     ] imported                       batches=3 interval=15m month=7 pair=SOL/USDT rows=2976 year=2024
2026-09-23 07:38:23 [info     ] downloading                    url=https://data.binance.vision/data/spot/monthly/klines/SOLUSDT/15m/SOLUSDT-15m-2024-08.zip
2026-09-23 07:38:25 [info     ] imported_batch                 batch=3/3 interval=15m month=8 pair=SOL/USDT rows=2976 year=2024
2026-09-23 07:38:26 [info     ] imported                       batches=3 interval=15m month=8 pair=SOL/USDT rows=2976 year=2024
2026-09-23 07:38:26 [info     ] downloading                    url=https://data.binance.vision/data/spot/monthly/klines/SOLUSDT/15m/SOLUSDT-15m-2024-09.zip
2026-09-23 07:38:28 [info     ] imported_batch                 batch=3/3 interval=15m month=9 pair=SOL/USDT rows=2880 year=2024
2026-09-23 07:38:28 [info     ] imported                       batches=3 interval=15m month=9 pair=SOL/USDT rows=2880 year=2024
2026-09-23 07:38:28 [info     ] downloading                    url=https://data.binance.vision/data/spot/monthly/klines/SOLUSDT/15m/SOLUSDT-15m-2024-10.zip
2026-09-23 07:38:30 [info     ] imported_batch                 batch=3/3 interval=15m month=10 pair=SOL/USDT rows=2976 year=2024
2026-09-23 07:38:30 [info     ] imported                       batches=3 interval=15m month=10 pair=SOL/USDT rows=2976 year=2024
2026-09-23 07:38:30 [info     ] downloading                    url=https://data.binance.vision/data/spot/monthly/klines/SOLUSDT/15m/SOLUSDT-15m-2024-11.zip
2026-09-23 07:38:32 [info     ] imported_batch                 batch=3/3 interval=15m month=11 pair=SOL/USDT rows=2880 year=2024
2026-09-23 07:38:32 [info     ] imported                       batches=3 interval=15m month=11 pair=SOL/USDT rows=2880 year=2024
2026-09-23 07:38:32 [info     ] downloading                    url=https://data.binance.vision/data/spot/monthly/klines/SOLUSDT/15m/SOLUSDT-15m-2024-12.zip
2026-09-23 07:38:34 [info     ] imported_batch                 batch=3/3 interval=15m month=12 pair=SOL/USDT rows=2976 year=2024
2026-09-23 07:38:34 [info     ] imported                       batches=3 interval=15m month=12 pair=SOL/USDT rows=2976 year=2024
2026-09-23 07:38:34 [info     ] downloading                    url=https://data.binance.vision/data/spot/monthly/klines/SOLUSDT/15m/SOLUSDT-15m-2025-01.zip
2026-09-23 07:38:37 [info     ] imported_batch                 batch=3/3 interval=15m month=1 pair=SOL/USDT rows=2976 year=2025
2026-09-23 07:38:37 [info     ] imported                       batches=3 interval=15m month=1 pair=SOL/USDT rows=2976 year=2025
2026-09-23 07:38:37 [info     ] downloading                    url=https://data.binance.vision/data/spot/monthly/klines/SOLUSDT/15m/SOLUSDT-15m-2025-02.zip
2026-09-23 07:38:39 [info     ] imported_batch                 batch=3/3 interval=15m month=2 pair=SOL/USDT rows=2688 year=2025
2026-09-23 07:38:39 [info     ] imported                       batches=3 interval=15m month=2 pair=SOL/USDT rows=2688 year=2025
2026-09-23 07:38:39 [info     ] downloading                    url=https://data.binance.vision/data/spot/monthly/klines/SOLUSDT/15m/SOLUSDT-15m-2025-03.zip
2026-09-23 07:38:40 [info     ] imported_batch                 batch=3/3 interval=15m month=3 pair=SOL/USDT rows=2976 year=2025
2026-09-23 07:38:40 [info     ] imported                       batches=3 interval=15m month=3 pair=SOL/USDT rows=2976 year=2025
2026-09-23 07:38:40 [info     ] downloading                    url=https://data.binance.vision/data/spot/monthly/klines/SOLUSDT/15m/SOLUSDT-15m-2025-04.zip
2026-09-23 07:38:43 [info     ] imported_batch                 batch=3/3 interval=15m month=4 pair=SOL/USDT rows=2880 year=2025
2026-09-23 07:38:43 [info     ] imported                       batches=3 interval=15m month=4 pair=SOL/USDT rows=2880 year=2025
2026-09-23 07:38:43 [info     ] downloading                    url=https://data.binance.vision/data/spot/monthly/klines/SOLUSDT/15m/SOLUSDT-15m-2025-05.zip
2026-09-23 07:38:45 [info     ] imported_batch                 batch=3/3 interval=15m month=5 pair=SOL/USDT rows=2976 year=2025
2026-09-23 07:38:45 [info     ] imported                       batches=3 interval=15m month=5 pair=SOL/USDT rows=2976 year=2025
2026-09-23 07:38:45 [info     ] downloading                    url=https://data.binance.vision/data/spot/monthly/klines/SOLUSDT/15m/SOLUSDT-15m-2025-06.zip
2026-09-23 07:38:47 [info     ] imported_batch                 batch=3/3 interval=15m month=6 pair=SOL/USDT rows=2880 year=2025
2026-09-23 07:38:47 [info     ] imported                       batches=3 interval=15m month=6 pair=SOL/USDT rows=2880 year=2025
2026-09-23 07:38:47 [info     ] downloading                    url=https://data.binance.vision/data/spot/monthly/klines/SOLUSDT/15m/SOLUSDT-15m-2025-07.zip
2026-09-23 07:38:50 [info     ] imported_batch                 batch=3/3 interval=15m month=7 pair=SOL/USDT rows=2976 year=2025
2026-09-23 07:38:50 [info     ] imported                       batches=3 interval=15m month=7 pair=SOL/USDT rows=2976 year=2025
2026-09-23 07:38:50 [info     ] downloading                    url=https://data.binance.vision/data/spot/monthly/klines/SOLUSDT/15m/SOLUSDT-15m-2025-08.zip
2026-09-23 07:38:52 [info     ] imported_batch                 batch=3/3 interval=15m month=8 pair=SOL/USDT rows=2976 year=2025
2026-09-23 07:38:52 [info     ] imported                       batches=3 interval=15m month=8 pair=SOL/USDT rows=2976 year=2025
2026-09-23 07:38:52 [info     ] downloading                    url=https://data.binance.vision/data/spot/monthly/klines/SOLUSDT/15m/SOLUSDT-15m-2025-09.zip
2026-09-23 07:38:54 [info     ] imported_batch                 batch=3/3 interval=15m month=9 pair=SOL/USDT rows=2880 year=2025
2026-09-23 07:38:54 [info     ] imported                       batches=3 interval=15m month=9 pair=SOL/USDT rows=2880 year=2025
2026-09-23 07:38:54 [info     ] downloading                    url=https://data.binance.vision/data/spot/monthly/klines/SOLUSDT/15m/SOLUSDT-15m-2025-10.zip
2026-09-23 07:38:56 [info     ] imported_batch                 batch=3/3 interval=15m month=10 pair=SOL/USDT rows=2976 year=2025
2026-09-23 07:38:56 [info     ] imported                       batches=3 interval=15m month=10 pair=SOL/USDT rows=2976 year=2025
2026-09-23 07:38:56 [info     ] downloading                    url=https://data.binance.vision/data/spot/monthly/klines/SOLUSDT/15m/SOLUSDT-15m-2025-11.zip
2026-09-23 07:38:58 [info     ] imported_batch                 batch=3/3 interval=15m month=11 pair=SOL/USDT rows=2880 year=2025
2026-09-23 07:38:58 [info     ] imported                       batches=3 interval=15m month=11 pair=SOL/USDT rows=2880 year=2025
2026-09-23 07:38:58 [info     ] downloading                    url=https://data.binance.vision/data/spot/monthly/klines/SOLUSDT/15m/SOLUSDT-15m-2025-12.zip
2026-09-23 07:39:01 [info     ] imported_batch                 batch=3/3 interval=15m month=12 pair=SOL/USDT rows=2976 year=2025
2026-09-23 07:39:01 [info     ] imported                       batches=3 interval=15m month=12 pair=SOL/USDT rows=2976 year=2025
2026-09-23 07:39:01 [info     ] downloading                    url=https://data.binance.vision/data/spot/monthly/klines/SOLUSDT/15m/SOLUSDT-15m-2026-01.zip
2026-09-23 07:39:03 [info     ] imported_batch                 batch=3/3 interval=15m month=1 pair=SOL/USDT rows=2976 year=2026
2026-09-23 07:39:03 [info     ] imported                       batches=3 interval=15m month=1 pair=SOL/USDT rows=2976 year=2026
2026-09-23 07:39:03 [info     ] downloading                    url=https://data.binance.vision/data/spot/monthly/klines/SOLUSDT/15m/SOLUSDT-15m-2026-02.zip
2026-09-23 07:39:05 [info     ] imported_batch                 batch=3/3 interval=15m month=2 pair=SOL/USDT rows=2688 year=2026
2026-09-23 07:39:05 [info     ] imported                       batches=3 interval=15m month=2 pair=SOL/USDT rows=2688 year=2026
2026-09-23 07:39:05 [info     ] downloading                    url=https://data.binance.vision/data/spot/monthly/klines/SOLUSDT/15m/SOLUSDT-15m-2026-03.zip
2026-09-23 07:39:07 [info     ] imported_batch                 batch=3/3 interval=15m month=3 pair=SOL/USDT rows=2976 year=2026
2026-09-23 07:39:07 [info     ] imported                       batches=3 interval=15m month=3 pair=SOL/USDT rows=2976 year=2026
2026-09-23 07:39:07 [info     ] downloading                    url=https://data.binance.vision/data/spot/monthly/klines/SOLUSDT/15m/SOLUSDT-15m-2026-04.zip
2026-09-23 07:39:09 [info     ] imported_batch                 batch=3/3 interval=15m month=4 pair=SOL/USDT rows=2880 year=2026
2026-09-23 07:39:09 [info     ] imported                       batches=3 interval=15m month=4 pair=SOL/USDT rows=2880 year=2026
2026-09-23 07:39:09 [info     ] downloading                    url=https://data.binance.vision/data/spot/monthly/klines/SOLUSDT/15m/SOLUSDT-15m-2026-05.zip
2026-09-23 07:39:12 [info     ] imported_batch                 batch=3/3 interval=15m month=5 pair=SOL/USDT rows=2976 year=2026
2026-09-23 07:39:12 [info     ] imported                       batches=3 interval=15m month=5 pair=SOL/USDT rows=2976 year=2026
2026-09-23 07:39:12 [info     ] downloading                    url=https://data.binance.vision/data/spot/monthly/klines/SOLUSDT/15m/SOLUSDT-15m-2026-06.zip
2026-09-23 07:39:14 [info     ] imported_batch                 batch=3/3 interval=15m month=6 pair=SOL/USDT rows=2880 year=2026
2026-09-23 07:39:14 [info     ] imported                       batches=3 interval=15m month=6 pair=SOL/USDT rows=2880 year=2026
2026-09-23 07:39:14 [info     ] progress                       pct=77.6% processed=950 total=1224 total_rows=2505495
2026-09-23 07:39:14 [info     ] downloading                    url=https://data.binance.vision/data/spot/monthly/klines/SOLUSDT/15m/SOLUSDT-15m-2026-07.zip
2026-09-23 07:39:16 [info     ] imported_batch                 batch=3/3 interval=15m month=7 pair=SOL/USDT rows=2976 year=2026
2026-09-23 07:39:16 [info     ] imported                       batches=3 interval=15m month=7 pair=SOL/USDT rows=2976 year=2026
2026-09-23 07:39:16 [info     ] downloading                    url=https://data.binance.vision/data/spot/monthly/klines/SOLUSDT/15m/SOLUSDT-15m-2026-08.zip
2026-09-23 07:39:19 [info     ] imported_batch                 batch=3/3 interval=15m month=8 pair=SOL/USDT rows=2976 year=2026
2026-09-23 07:39:19 [info     ] imported                       batches=3 interval=15m month=8 pair=SOL/USDT rows=2976 year=2026
2026-09-23 07:39:19 [info     ] downloading                    url=https://data.binance.vision/data/spot/monthly/klines/SOLUSDT/1h/SOLUSDT-1h-2021-01.zip
2026-09-23 07:39:20 [info     ] imported_batch                 batch=1/1 interval=1h month=1 pair=SOL/USDT rows=744 year=2021
2026-09-23 07:39:20 [info     ] imported                       batches=1 interval=1h month=1 pair=SOL/USDT rows=744 year=2021
2026-09-23 07:39:20 [info     ] downloading                    url=https://data.binance.vision/data/spot/monthly/klines/SOLUSDT/1h/SOLUSDT-1h-2021-02.zip
2026-09-23 07:39:21 [info     ] imported_batch                 batch=1/1 interval=1h month=2 pair=SOL/USDT rows=671 year=2021
2026-09-23 07:39:21 [info     ] imported                       batches=1 interval=1h month=2 pair=SOL/USDT rows=671 year=2021
2026-09-23 07:39:21 [info     ] downloading                    url=https://data.binance.vision/data/spot/monthly/klines/SOLUSDT/1h/SOLUSDT-1h-2021-03.zip
2026-09-23 07:39:22 [info     ] imported_batch                 batch=1/1 interval=1h month=3 pair=SOL/USDT rows=743 year=2021
2026-09-23 07:39:22 [info     ] imported                       batches=1 interval=1h month=3 pair=SOL/USDT rows=743 year=2021
2026-09-23 07:39:22 [info     ] downloading                    url=https://data.binance.vision/data/spot/monthly/klines/SOLUSDT/1h/SOLUSDT-1h-2021-04.zip
2026-09-23 07:39:23 [info     ] imported_batch                 batch=1/1 interval=1h month=4 pair=SOL/USDT rows=715 year=2021
2026-09-23 07:39:23 [info     ] imported                       batches=1 interval=1h month=4 pair=SOL/USDT rows=715 year=2021
2026-09-23 07:39:23 [info     ] downloading                    url=https://data.binance.vision/data/spot/monthly/klines/SOLUSDT/1h/SOLUSDT-1h-2021-05.zip
2026-09-23 07:39:25 [info     ] imported_batch                 batch=1/1 interval=1h month=5 pair=SOL/USDT rows=744 year=2021
2026-09-23 07:39:25 [info     ] imported                       batches=1 interval=1h month=5 pair=SOL/USDT rows=744 year=2021
2026-09-23 07:39:25 [info     ] downloading                    url=https://data.binance.vision/data/spot/monthly/klines/SOLUSDT/1h/SOLUSDT-1h-2021-06.zip
2026-09-23 07:39:26 [info     ] imported_batch                 batch=1/1 interval=1h month=6 pair=SOL/USDT rows=720 year=2021
2026-09-23 07:39:26 [info     ] imported                       batches=1 interval=1h month=6 pair=SOL/USDT rows=720 year=2021
2026-09-23 07:39:26 [info     ] downloading                    url=https://data.binance.vision/data/spot/monthly/klines/SOLUSDT/1h/SOLUSDT-1h-2021-07.zip
2026-09-23 07:39:27 [info     ] imported_batch                 batch=1/1 interval=1h month=7 pair=SOL/USDT rows=744 year=2021
2026-09-23 07:39:27 [info     ] imported                       batches=1 interval=1h month=7 pair=SOL/USDT rows=744 year=2021
2026-09-23 07:39:27 [info     ] downloading                    url=https://data.binance.vision/data/spot/monthly/klines/SOLUSDT/1h/SOLUSDT-1h-2021-08.zip
2026-09-23 07:39:29 [info     ] imported_batch                 batch=1/1 interval=1h month=8 pair=SOL/USDT rows=740 year=2021
2026-09-23 07:39:29 [info     ] imported                       batches=1 interval=1h month=8 pair=SOL/USDT rows=740 year=2021
2026-09-23 07:39:29 [info     ] downloading                    url=https://data.binance.vision/data/spot/monthly/klines/SOLUSDT/1h/SOLUSDT-1h-2021-09.zip
2026-09-23 07:39:29 [info     ] imported_batch                 batch=1/1 interval=1h month=9 pair=SOL/USDT rows=718 year=2021
2026-09-23 07:39:29 [info     ] imported                       batches=1 interval=1h month=9 pair=SOL/USDT rows=718 year=2021
2026-09-23 07:39:29 [info     ] downloading                    url=https://data.binance.vision/data/spot/monthly/klines/SOLUSDT/1h/SOLUSDT-1h-2021-10.zip
2026-09-23 07:39:31 [info     ] imported_batch                 batch=1/1 interval=1h month=10 pair=SOL/USDT rows=744 year=2021
2026-09-23 07:39:31 [info     ] imported                       batches=1 interval=1h month=10 pair=SOL/USDT rows=744 year=2021
2026-09-23 07:39:31 [info     ] downloading                    url=https://data.binance.vision/data/spot/monthly/klines/SOLUSDT/1h/SOLUSDT-1h-2021-11.zip
2026-09-23 07:39:32 [info     ] imported_batch                 batch=1/1 interval=1h month=11 pair=SOL/USDT rows=720 year=2021
2026-09-23 07:39:32 [info     ] imported                       batches=1 interval=1h month=11 pair=SOL/USDT rows=720 year=2021
2026-09-23 07:39:32 [info     ] downloading                    url=https://data.binance.vision/data/spot/monthly/klines/SOLUSDT/1h/SOLUSDT-1h-2021-12.zip
2026-09-23 07:39:33 [info     ] imported_batch                 batch=1/1 interval=1h month=12 pair=SOL/USDT rows=744 year=2021
2026-09-23 07:39:33 [info     ] imported                       batches=1 interval=1h month=12 pair=SOL/USDT rows=744 year=2021
2026-09-23 07:39:33 [info     ] downloading                    url=https://data.binance.vision/data/spot/monthly/klines/SOLUSDT/1h/SOLUSDT-1h-2022-01.zip
2026-09-23 07:39:35 [info     ] imported_batch                 batch=1/1 interval=1h month=1 pair=SOL/USDT rows=744 year=2022
2026-09-23 07:39:35 [info     ] imported                       batches=1 interval=1h month=1 pair=SOL/USDT rows=744 year=2022
2026-09-23 07:39:35 [info     ] downloading                    url=https://data.binance.vision/data/spot/monthly/klines/SOLUSDT/1h/SOLUSDT-1h-2022-02.zip
2026-09-23 07:39:35 [info     ] imported_batch                 batch=1/1 interval=1h month=2 pair=SOL/USDT rows=672 year=2022
2026-09-23 07:39:35 [info     ] imported                       batches=1 interval=1h month=2 pair=SOL/USDT rows=672 year=2022
2026-09-23 07:39:35 [info     ] downloading                    url=https://data.binance.vision/data/spot/monthly/klines/SOLUSDT/1h/SOLUSDT-1h-2022-03.zip
2026-09-23 07:39:36 [info     ] imported_batch                 batch=1/1 interval=1h month=3 pair=SOL/USDT rows=744 year=2022
2026-09-23 07:39:36 [info     ] imported                       batches=1 interval=1h month=3 pair=SOL/USDT rows=744 year=2022
2026-09-23 07:39:36 [info     ] downloading                    url=https://data.binance.vision/data/spot/monthly/klines/SOLUSDT/1h/SOLUSDT-1h-2022-04.zip
2026-09-23 07:39:38 [info     ] imported_batch                 batch=1/1 interval=1h month=4 pair=SOL/USDT rows=720 year=2022
2026-09-23 07:39:38 [info     ] imported                       batches=1 interval=1h month=4 pair=SOL/USDT rows=720 year=2022
2026-09-23 07:39:38 [info     ] downloading                    url=https://data.binance.vision/data/spot/monthly/klines/SOLUSDT/1h/SOLUSDT-1h-2022-05.zip
2026-09-23 07:39:39 [info     ] imported_batch                 batch=1/1 interval=1h month=5 pair=SOL/USDT rows=744 year=2022
2026-09-23 07:39:39 [info     ] imported                       batches=1 interval=1h month=5 pair=SOL/USDT rows=744 year=2022
2026-09-23 07:39:39 [info     ] downloading                    url=https://data.binance.vision/data/spot/monthly/klines/SOLUSDT/1h/SOLUSDT-1h-2022-06.zip
2026-09-23 07:39:40 [info     ] imported_batch                 batch=1/1 interval=1h month=6 pair=SOL/USDT rows=720 year=2022
2026-09-23 07:39:40 [info     ] imported                       batches=1 interval=1h month=6 pair=SOL/USDT rows=720 year=2022
2026-09-23 07:39:40 [info     ] downloading                    url=https://data.binance.vision/data/spot/monthly/klines/SOLUSDT/1h/SOLUSDT-1h-2022-07.zip
2026-09-23 07:39:41 [info     ] imported_batch                 batch=1/1 interval=1h month=7 pair=SOL/USDT rows=744 year=2022
2026-09-23 07:39:41 [info     ] imported                       batches=1 interval=1h month=7 pair=SOL/USDT rows=744 year=2022
2026-09-23 07:39:41 [info     ] downloading                    url=https://data.binance.vision/data/spot/monthly/klines/SOLUSDT/1h/SOLUSDT-1h-2022-08.zip
2026-09-23 07:39:42 [info     ] imported_batch                 batch=1/1 interval=1h month=8 pair=SOL/USDT rows=744 year=2022
2026-09-23 07:39:42 [info     ] imported                       batches=1 interval=1h month=8 pair=SOL/USDT rows=744 year=2022
2026-09-23 07:39:42 [info     ] downloading                    url=https://data.binance.vision/data/spot/monthly/klines/SOLUSDT/1h/SOLUSDT-1h-2022-09.zip
2026-09-23 07:39:43 [info     ] imported_batch                 batch=1/1 interval=1h month=9 pair=SOL/USDT rows=720 year=2022
2026-09-23 07:39:43 [info     ] imported                       batches=1 interval=1h month=9 pair=SOL/USDT rows=720 year=2022
2026-09-23 07:39:43 [info     ] downloading                    url=https://data.binance.vision/data/spot/monthly/klines/SOLUSDT/1h/SOLUSDT-1h-2022-10.zip
2026-09-23 07:39:44 [info     ] imported_batch                 batch=1/1 interval=1h month=10 pair=SOL/USDT rows=744 year=2022
2026-09-23 07:39:44 [info     ] imported                       batches=1 interval=1h month=10 pair=SOL/USDT rows=744 year=2022
2026-09-23 07:39:44 [info     ] downloading                    url=https://data.binance.vision/data/spot/monthly/klines/SOLUSDT/1h/SOLUSDT-1h-2022-11.zip
2026-09-23 07:39:44 [info     ] imported_batch                 batch=1/1 interval=1h month=11 pair=SOL/USDT rows=720 year=2022
2026-09-23 07:39:44 [info     ] imported                       batches=1 interval=1h month=11 pair=SOL/USDT rows=720 year=2022
2026-09-23 07:39:44 [info     ] downloading                    url=https://data.binance.vision/data/spot/monthly/klines/SOLUSDT/1h/SOLUSDT-1h-2022-12.zip
2026-09-23 07:39:46 [info     ] imported_batch                 batch=1/1 interval=1h month=12 pair=SOL/USDT rows=744 year=2022
2026-09-23 07:39:46 [info     ] imported                       batches=1 interval=1h month=12 pair=SOL/USDT rows=744 year=2022
2026-09-23 07:39:46 [info     ] downloading                    url=https://data.binance.vision/data/spot/monthly/klines/SOLUSDT/1h/SOLUSDT-1h-2023-01.zip
2026-09-23 07:39:47 [info     ] imported_batch                 batch=1/1 interval=1h month=1 pair=SOL/USDT rows=744 year=2023
2026-09-23 07:39:47 [info     ] imported                       batches=1 interval=1h month=1 pair=SOL/USDT rows=744 year=2023
2026-09-23 07:39:47 [info     ] downloading                    url=https://data.binance.vision/data/spot/monthly/klines/SOLUSDT/1h/SOLUSDT-1h-2023-02.zip
2026-09-23 07:39:48 [info     ] imported_batch                 batch=1/1 interval=1h month=2 pair=SOL/USDT rows=672 year=2023
2026-09-23 07:39:48 [info     ] imported                       batches=1 interval=1h month=2 pair=SOL/USDT rows=672 year=2023
2026-09-23 07:39:48 [info     ] downloading                    url=https://data.binance.vision/data/spot/monthly/klines/SOLUSDT/1h/SOLUSDT-1h-2023-03.zip
2026-09-23 07:39:50 [info     ] imported_batch                 batch=1/1 interval=1h month=3 pair=SOL/USDT rows=743 year=2023
2026-09-23 07:39:50 [info     ] imported                       batches=1 interval=1h month=3 pair=SOL/USDT rows=743 year=2023
2026-09-23 07:39:50 [info     ] downloading                    url=https://data.binance.vision/data/spot/monthly/klines/SOLUSDT/1h/SOLUSDT-1h-2023-04.zip
2026-09-23 07:39:51 [info     ] imported_batch                 batch=1/1 interval=1h month=4 pair=SOL/USDT rows=720 year=2023
2026-09-23 07:39:51 [info     ] imported                       batches=1 interval=1h month=4 pair=SOL/USDT rows=720 year=2023
2026-09-23 07:39:51 [info     ] downloading                    url=https://data.binance.vision/data/spot/monthly/klines/SOLUSDT/1h/SOLUSDT-1h-2023-05.zip
2026-09-23 07:39:52 [info     ] imported_batch                 batch=1/1 interval=1h month=5 pair=SOL/USDT rows=744 year=2023
2026-09-23 07:39:52 [info     ] imported                       batches=1 interval=1h month=5 pair=SOL/USDT rows=744 year=2023
2026-09-23 07:39:52 [info     ] downloading                    url=https://data.binance.vision/data/spot/monthly/klines/SOLUSDT/1h/SOLUSDT-1h-2023-06.zip
2026-09-23 07:39:53 [info     ] imported_batch                 batch=1/1 interval=1h month=6 pair=SOL/USDT rows=720 year=2023
2026-09-23 07:39:53 [info     ] imported                       batches=1 interval=1h month=6 pair=SOL/USDT rows=720 year=2023
2026-09-23 07:39:53 [info     ] downloading                    url=https://data.binance.vision/data/spot/monthly/klines/SOLUSDT/1h/SOLUSDT-1h-2023-07.zip
2026-09-23 07:39:54 [info     ] imported_batch                 batch=1/1 interval=1h month=7 pair=SOL/USDT rows=744 year=2023
2026-09-23 07:39:54 [info     ] imported                       batches=1 interval=1h month=7 pair=SOL/USDT rows=744 year=2023
2026-09-23 07:39:54 [info     ] downloading                    url=https://data.binance.vision/data/spot/monthly/klines/SOLUSDT/1h/SOLUSDT-1h-2023-08.zip
2026-09-23 07:39:56 [info     ] imported_batch                 batch=1/1 interval=1h month=8 pair=SOL/USDT rows=744 year=2023
2026-09-23 07:39:56 [info     ] imported                       batches=1 interval=1h month=8 pair=SOL/USDT rows=744 year=2023
2026-09-23 07:39:56 [info     ] downloading                    url=https://data.binance.vision/data/spot/monthly/klines/SOLUSDT/1h/SOLUSDT-1h-2023-09.zip
2026-09-23 07:39:57 [info     ] imported_batch                 batch=1/1 interval=1h month=9 pair=SOL/USDT rows=720 year=2023
2026-09-23 07:39:57 [info     ] imported                       batches=1 interval=1h month=9 pair=SOL/USDT rows=720 year=2023
2026-09-23 07:39:57 [info     ] downloading                    url=https://data.binance.vision/data/spot/monthly/klines/SOLUSDT/1h/SOLUSDT-1h-2023-10.zip
2026-09-23 07:39:58 [info     ] imported_batch                 batch=1/1 interval=1h month=10 pair=SOL/USDT rows=744 year=2023
2026-09-23 07:39:58 [info     ] imported                       batches=1 interval=1h month=10 pair=SOL/USDT rows=744 year=2023
2026-09-23 07:39:58 [info     ] downloading                    url=https://data.binance.vision/data/spot/monthly/klines/SOLUSDT/1h/SOLUSDT-1h-2023-11.zip
2026-09-23 07:39:59 [info     ] imported_batch                 batch=1/1 interval=1h month=11 pair=SOL/USDT rows=720 year=2023
2026-09-23 07:39:59 [info     ] imported                       batches=1 interval=1h month=11 pair=SOL/USDT rows=720 year=2023
2026-09-23 07:39:59 [info     ] downloading                    url=https://data.binance.vision/data/spot/monthly/klines/SOLUSDT/1h/SOLUSDT-1h-2023-12.zip
2026-09-23 07:40:00 [info     ] imported_batch                 batch=1/1 interval=1h month=12 pair=SOL/USDT rows=744 year=2023
2026-09-23 07:40:00 [info     ] imported                       batches=1 interval=1h month=12 pair=SOL/USDT rows=744 year=2023
2026-09-23 07:40:00 [info     ] downloading                    url=https://data.binance.vision/data/spot/monthly/klines/SOLUSDT/1h/SOLUSDT-1h-2024-01.zip
2026-09-23 07:40:01 [info     ] imported_batch                 batch=1/1 interval=1h month=1 pair=SOL/USDT rows=744 year=2024
2026-09-23 07:40:01 [info     ] imported                       batches=1 interval=1h month=1 pair=SOL/USDT rows=744 year=2024
2026-09-23 07:40:01 [info     ] downloading                    url=https://data.binance.vision/data/spot/monthly/klines/SOLUSDT/1h/SOLUSDT-1h-2024-02.zip
2026-09-23 07:40:02 [info     ] imported_batch                 batch=1/1 interval=1h month=2 pair=SOL/USDT rows=696 year=2024
2026-09-23 07:40:02 [info     ] imported                       batches=1 interval=1h month=2 pair=SOL/USDT rows=696 year=2024
2026-09-23 07:40:02 [info     ] downloading                    url=https://data.binance.vision/data/spot/monthly/klines/SOLUSDT/1h/SOLUSDT-1h-2024-03.zip
2026-09-23 07:40:04 [info     ] imported_batch                 batch=1/1 interval=1h month=3 pair=SOL/USDT rows=744 year=2024
2026-09-23 07:40:04 [info     ] imported                       batches=1 interval=1h month=3 pair=SOL/USDT rows=744 year=2024
2026-09-23 07:40:04 [info     ] downloading                    url=https://data.binance.vision/data/spot/monthly/klines/SOLUSDT/1h/SOLUSDT-1h-2024-04.zip
2026-09-23 07:40:05 [info     ] imported_batch                 batch=1/1 interval=1h month=4 pair=SOL/USDT rows=720 year=2024
2026-09-23 07:40:05 [info     ] imported                       batches=1 interval=1h month=4 pair=SOL/USDT rows=720 year=2024
2026-09-23 07:40:05 [info     ] downloading                    url=https://data.binance.vision/data/spot/monthly/klines/SOLUSDT/1h/SOLUSDT-1h-2024-05.zip
2026-09-23 07:40:06 [info     ] imported_batch                 batch=1/1 interval=1h month=5 pair=SOL/USDT rows=744 year=2024
2026-09-23 07:40:06 [info     ] imported                       batches=1 interval=1h month=5 pair=SOL/USDT rows=744 year=2024
2026-09-23 07:40:06 [info     ] downloading                    url=https://data.binance.vision/data/spot/monthly/klines/SOLUSDT/1h/SOLUSDT-1h-2024-06.zip
2026-09-23 07:40:07 [info     ] imported_batch                 batch=1/1 interval=1h month=6 pair=SOL/USDT rows=720 year=2024
2026-09-23 07:40:07 [info     ] imported                       batches=1 interval=1h month=6 pair=SOL/USDT rows=720 year=2024
2026-09-23 07:40:07 [info     ] downloading                    url=https://data.binance.vision/data/spot/monthly/klines/SOLUSDT/1h/SOLUSDT-1h-2024-07.zip
2026-09-23 07:40:08 [info     ] imported_batch                 batch=1/1 interval=1h month=7 pair=SOL/USDT rows=744 year=2024
2026-09-23 07:40:08 [info     ] imported                       batches=1 interval=1h month=7 pair=SOL/USDT rows=744 year=2024
2026-09-23 07:40:08 [info     ] downloading                    url=https://data.binance.vision/data/spot/monthly/klines/SOLUSDT/1h/SOLUSDT-1h-2024-08.zip
2026-09-23 07:40:09 [info     ] imported_batch                 batch=1/1 interval=1h month=8 pair=SOL/USDT rows=744 year=2024
2026-09-23 07:40:09 [info     ] imported                       batches=1 interval=1h month=8 pair=SOL/USDT rows=744 year=2024
2026-09-23 07:40:09 [info     ] downloading                    url=https://data.binance.vision/data/spot/monthly/klines/SOLUSDT/1h/SOLUSDT-1h-2024-09.zip
2026-09-23 07:40:10 [info     ] imported_batch                 batch=1/1 interval=1h month=9 pair=SOL/USDT rows=720 year=2024
2026-09-23 07:40:10 [info     ] imported                       batches=1 interval=1h month=9 pair=SOL/USDT rows=720 year=2024
2026-09-23 07:40:10 [info     ] downloading                    url=https://data.binance.vision/data/spot/monthly/klines/SOLUSDT/1h/SOLUSDT-1h-2024-10.zip
2026-09-23 07:40:11 [info     ] imported_batch                 batch=1/1 interval=1h month=10 pair=SOL/USDT rows=744 year=2024
2026-09-23 07:40:11 [info     ] imported                       batches=1 interval=1h month=10 pair=SOL/USDT rows=744 year=2024
2026-09-23 07:40:11 [info     ] downloading                    url=https://data.binance.vision/data/spot/monthly/klines/SOLUSDT/1h/SOLUSDT-1h-2024-11.zip
2026-09-23 07:40:13 [info     ] imported_batch                 batch=1/1 interval=1h month=11 pair=SOL/USDT rows=720 year=2024
2026-09-23 07:40:13 [info     ] imported                       batches=1 interval=1h month=11 pair=SOL/USDT rows=720 year=2024
2026-09-23 07:40:13 [info     ] downloading                    url=https://data.binance.vision/data/spot/monthly/klines/SOLUSDT/1h/SOLUSDT-1h-2024-12.zip
2026-09-23 07:40:14 [info     ] imported_batch                 batch=1/1 interval=1h month=12 pair=SOL/USDT rows=744 year=2024
2026-09-23 07:40:14 [info     ] imported                       batches=1 interval=1h month=12 pair=SOL/USDT rows=744 year=2024
2026-09-23 07:40:14 [info     ] progress                       pct=81.7% processed=1000 total=1224 total_rows=2546497
2026-09-23 07:40:14 [info     ] downloading                    url=https://data.binance.vision/data/spot/monthly/klines/SOLUSDT/1h/SOLUSDT-1h-2025-01.zip
2026-09-23 07:40:15 [info     ] imported_batch                 batch=1/1 interval=1h month=1 pair=SOL/USDT rows=744 year=2025
2026-09-23 07:40:16 [info     ] imported                       batches=1 interval=1h month=1 pair=SOL/USDT rows=744 year=2025
2026-09-23 07:40:16 [info     ] downloading                    url=https://data.binance.vision/data/spot/monthly/klines/SOLUSDT/1h/SOLUSDT-1h-2025-02.zip
2026-09-23 07:40:17 [info     ] imported_batch                 batch=1/1 interval=1h month=2 pair=SOL/USDT rows=672 year=2025
2026-09-23 07:40:17 [info     ] imported                       batches=1 interval=1h month=2 pair=SOL/USDT rows=672 year=2025
2026-09-23 07:40:17 [info     ] downloading                    url=https://data.binance.vision/data/spot/monthly/klines/SOLUSDT/1h/SOLUSDT-1h-2025-03.zip
2026-09-23 07:40:18 [info     ] imported_batch                 batch=1/1 interval=1h month=3 pair=SOL/USDT rows=744 year=2025
2026-09-23 07:40:18 [info     ] imported                       batches=1 interval=1h month=3 pair=SOL/USDT rows=744 year=2025
2026-09-23 07:40:18 [info     ] downloading                    url=https://data.binance.vision/data/spot/monthly/klines/SOLUSDT/1h/SOLUSDT-1h-2025-04.zip
2026-09-23 07:40:19 [info     ] imported_batch                 batch=1/1 interval=1h month=4 pair=SOL/USDT rows=720 year=2025
2026-09-23 07:40:19 [info     ] imported                       batches=1 interval=1h month=4 pair=SOL/USDT rows=720 year=2025
2026-09-23 07:40:19 [info     ] downloading                    url=https://data.binance.vision/data/spot/monthly/klines/SOLUSDT/1h/SOLUSDT-1h-2025-05.zip
2026-09-23 07:40:20 [info     ] imported_batch                 batch=1/1 interval=1h month=5 pair=SOL/USDT rows=744 year=2025
2026-09-23 07:40:20 [info     ] imported                       batches=1 interval=1h month=5 pair=SOL/USDT rows=744 year=2025
2026-09-23 07:40:20 [info     ] downloading                    url=https://data.binance.vision/data/spot/monthly/klines/SOLUSDT/1h/SOLUSDT-1h-2025-06.zip
2026-09-23 07:40:22 [info     ] imported_batch                 batch=1/1 interval=1h month=6 pair=SOL/USDT rows=720 year=2025
2026-09-23 07:40:22 [info     ] imported                       batches=1 interval=1h month=6 pair=SOL/USDT rows=720 year=2025
2026-09-23 07:40:22 [info     ] downloading                    url=https://data.binance.vision/data/spot/monthly/klines/SOLUSDT/1h/SOLUSDT-1h-2025-07.zip
2026-09-23 07:40:23 [info     ] imported_batch                 batch=1/1 interval=1h month=7 pair=SOL/USDT rows=744 year=2025
2026-09-23 07:40:23 [info     ] imported                       batches=1 interval=1h month=7 pair=SOL/USDT rows=744 year=2025
2026-09-23 07:40:23 [info     ] downloading                    url=https://data.binance.vision/data/spot/monthly/klines/SOLUSDT/1h/SOLUSDT-1h-2025-08.zip
2026-09-23 07:40:24 [info     ] imported_batch                 batch=1/1 interval=1h month=8 pair=SOL/USDT rows=744 year=2025
2026-09-23 07:40:24 [info     ] imported                       batches=1 interval=1h month=8 pair=SOL/USDT rows=744 year=2025
2026-09-23 07:40:24 [info     ] downloading                    url=https://data.binance.vision/data/spot/monthly/klines/SOLUSDT/1h/SOLUSDT-1h-2025-09.zip
2026-09-23 07:40:26 [info     ] imported_batch                 batch=1/1 interval=1h month=9 pair=SOL/USDT rows=720 year=2025
2026-09-23 07:40:26 [info     ] imported                       batches=1 interval=1h month=9 pair=SOL/USDT rows=720 year=2025
2026-09-23 07:40:26 [info     ] downloading                    url=https://data.binance.vision/data/spot/monthly/klines/SOLUSDT/1h/SOLUSDT-1h-2025-10.zip
2026-09-23 07:40:27 [info     ] imported_batch                 batch=1/1 interval=1h month=10 pair=SOL/USDT rows=744 year=2025
2026-09-23 07:40:27 [info     ] imported                       batches=1 interval=1h month=10 pair=SOL/USDT rows=744 year=2025
2026-09-23 07:40:27 [info     ] downloading                    url=https://data.binance.vision/data/spot/monthly/klines/SOLUSDT/1h/SOLUSDT-1h-2025-11.zip
2026-09-23 07:40:28 [info     ] imported_batch                 batch=1/1 interval=1h month=11 pair=SOL/USDT rows=720 year=2025
2026-09-23 07:40:28 [info     ] imported                       batches=1 interval=1h month=11 pair=SOL/USDT rows=720 year=2025
2026-09-23 07:40:28 [info     ] downloading                    url=https://data.binance.vision/data/spot/monthly/klines/SOLUSDT/1h/SOLUSDT-1h-2025-12.zip
2026-09-23 07:40:29 [info     ] imported_batch                 batch=1/1 interval=1h month=12 pair=SOL/USDT rows=744 year=2025
2026-09-23 07:40:29 [info     ] imported                       batches=1 interval=1h month=12 pair=SOL/USDT rows=744 year=2025
2026-09-23 07:40:29 [info     ] downloading                    url=https://data.binance.vision/data/spot/monthly/klines/SOLUSDT/1h/SOLUSDT-1h-2026-01.zip
2026-09-23 07:40:30 [info     ] imported_batch                 batch=1/1 interval=1h month=1 pair=SOL/USDT rows=744 year=2026
2026-09-23 07:40:30 [info     ] imported                       batches=1 interval=1h month=1 pair=SOL/USDT rows=744 year=2026
2026-09-23 07:40:30 [info     ] downloading                    url=https://data.binance.vision/data/spot/monthly/klines/SOLUSDT/1h/SOLUSDT-1h-2026-02.zip
2026-09-23 07:40:31 [info     ] imported_batch                 batch=1/1 interval=1h month=2 pair=SOL/USDT rows=672 year=2026
2026-09-23 07:40:31 [info     ] imported                       batches=1 interval=1h month=2 pair=SOL/USDT rows=672 year=2026
2026-09-23 07:40:31 [info     ] downloading                    url=https://data.binance.vision/data/spot/monthly/klines/SOLUSDT/1h/SOLUSDT-1h-2026-03.zip
2026-09-23 07:40:32 [info     ] imported_batch                 batch=1/1 interval=1h month=3 pair=SOL/USDT rows=744 year=2026
2026-09-23 07:40:32 [info     ] imported                       batches=1 interval=1h month=3 pair=SOL/USDT rows=744 year=2026
2026-09-23 07:40:32 [info     ] downloading                    url=https://data.binance.vision/data/spot/monthly/klines/SOLUSDT/1h/SOLUSDT-1h-2026-04.zip
2026-09-23 07:40:33 [info     ] imported_batch                 batch=1/1 interval=1h month=4 pair=SOL/USDT rows=720 year=2026
2026-09-23 07:40:33 [info     ] imported                       batches=1 interval=1h month=4 pair=SOL/USDT rows=720 year=2026
2026-09-23 07:40:33 [info     ] downloading                    url=https://data.binance.vision/data/spot/monthly/klines/SOLUSDT/1h/SOLUSDT-1h-2026-05.zip
2026-09-23 07:40:34 [info     ] imported_batch                 batch=1/1 interval=1h month=5 pair=SOL/USDT rows=744 year=2026
2026-09-23 07:40:34 [info     ] imported                       batches=1 interval=1h month=5 pair=SOL/USDT rows=744 year=2026
2026-09-23 07:40:34 [info     ] downloading                    url=https://data.binance.vision/data/spot/monthly/klines/SOLUSDT/1h/SOLUSDT-1h-2026-06.zip
2026-09-23 07:40:36 [info     ] imported_batch                 batch=1/1 interval=1h month=6 pair=SOL/USDT rows=720 year=2026
2026-09-23 07:40:36 [info     ] imported                       batches=1 interval=1h month=6 pair=SOL/USDT rows=720 year=2026
2026-09-23 07:40:36 [info     ] downloading                    url=https://data.binance.vision/data/spot/monthly/klines/SOLUSDT/1h/SOLUSDT-1h-2026-07.zip
2026-09-23 07:40:37 [info     ] imported_batch                 batch=1/1 interval=1h month=7 pair=SOL/USDT rows=744 year=2026
2026-09-23 07:40:37 [info     ] imported                       batches=1 interval=1h month=7 pair=SOL/USDT rows=744 year=2026
2026-09-23 07:40:37 [info     ] downloading                    url=https://data.binance.vision/data/spot/monthly/klines/SOLUSDT/1h/SOLUSDT-1h-2026-08.zip
2026-09-23 07:40:38 [info     ] imported_batch                 batch=1/1 interval=1h month=8 pair=SOL/USDT rows=744 year=2026
2026-09-23 07:40:38 [info     ] imported                       batches=1 interval=1h month=8 pair=SOL/USDT rows=744 year=2026
2026-09-23 07:40:38 [info     ] downloading                    url=https://data.binance.vision/data/spot/monthly/klines/SOLUSDT/4h/SOLUSDT-4h-2021-01.zip
2026-09-23 07:40:39 [info     ] imported_batch                 batch=1/1 interval=4h month=1 pair=SOL/USDT rows=186 year=2021
2026-09-23 07:40:39 [info     ] imported                       batches=1 interval=4h month=1 pair=SOL/USDT rows=186 year=2021
2026-09-23 07:40:39 [info     ] downloading                    url=https://data.binance.vision/data/spot/monthly/klines/SOLUSDT/4h/SOLUSDT-4h-2021-02.zip
2026-09-23 07:40:40 [info     ] imported_batch                 batch=1/1 interval=4h month=2 pair=SOL/USDT rows=168 year=2021
2026-09-23 07:40:40 [info     ] imported                       batches=1 interval=4h month=2 pair=SOL/USDT rows=168 year=2021
2026-09-23 07:40:40 [info     ] downloading                    url=https://data.binance.vision/data/spot/monthly/klines/SOLUSDT/4h/SOLUSDT-4h-2021-03.zip
2026-09-23 07:40:40 [info     ] imported_batch                 batch=1/1 interval=4h month=3 pair=SOL/USDT rows=186 year=2021
2026-09-23 07:40:40 [info     ] imported                       batches=1 interval=4h month=3 pair=SOL/USDT rows=186 year=2021
2026-09-23 07:40:40 [info     ] downloading                    url=https://data.binance.vision/data/spot/monthly/klines/SOLUSDT/4h/SOLUSDT-4h-2021-04.zip
2026-09-23 07:40:41 [info     ] imported_batch                 batch=1/1 interval=4h month=4 pair=SOL/USDT rows=180 year=2021
2026-09-23 07:40:41 [info     ] imported                       batches=1 interval=4h month=4 pair=SOL/USDT rows=180 year=2021
2026-09-23 07:40:41 [info     ] downloading                    url=https://data.binance.vision/data/spot/monthly/klines/SOLUSDT/4h/SOLUSDT-4h-2021-05.zip
2026-09-23 07:40:42 [info     ] imported_batch                 batch=1/1 interval=4h month=5 pair=SOL/USDT rows=186 year=2021
2026-09-23 07:40:42 [info     ] imported                       batches=1 interval=4h month=5 pair=SOL/USDT rows=186 year=2021
2026-09-23 07:40:42 [info     ] downloading                    url=https://data.binance.vision/data/spot/monthly/klines/SOLUSDT/4h/SOLUSDT-4h-2021-06.zip
2026-09-23 07:40:43 [info     ] imported_batch                 batch=1/1 interval=4h month=6 pair=SOL/USDT rows=180 year=2021
2026-09-23 07:40:43 [info     ] imported                       batches=1 interval=4h month=6 pair=SOL/USDT rows=180 year=2021
2026-09-23 07:40:43 [info     ] downloading                    url=https://data.binance.vision/data/spot/monthly/klines/SOLUSDT/4h/SOLUSDT-4h-2021-07.zip
2026-09-23 07:40:44 [info     ] imported_batch                 batch=1/1 interval=4h month=7 pair=SOL/USDT rows=186 year=2021
2026-09-23 07:40:44 [info     ] imported                       batches=1 interval=4h month=7 pair=SOL/USDT rows=186 year=2021
2026-09-23 07:40:44 [info     ] downloading                    url=https://data.binance.vision/data/spot/monthly/klines/SOLUSDT/4h/SOLUSDT-4h-2021-08.zip
2026-09-23 07:40:45 [info     ] imported_batch                 batch=1/1 interval=4h month=8 pair=SOL/USDT rows=186 year=2021
2026-09-23 07:40:45 [info     ] imported                       batches=1 interval=4h month=8 pair=SOL/USDT rows=186 year=2021
2026-09-23 07:40:45 [info     ] downloading                    url=https://data.binance.vision/data/spot/monthly/klines/SOLUSDT/4h/SOLUSDT-4h-2021-09.zip
2026-09-23 07:40:46 [info     ] imported_batch                 batch=1/1 interval=4h month=9 pair=SOL/USDT rows=180 year=2021
2026-09-23 07:40:46 [info     ] imported                       batches=1 interval=4h month=9 pair=SOL/USDT rows=180 year=2021
2026-09-23 07:40:46 [info     ] downloading                    url=https://data.binance.vision/data/spot/monthly/klines/SOLUSDT/4h/SOLUSDT-4h-2021-10.zip
2026-09-23 07:40:46 [info     ] imported_batch                 batch=1/1 interval=4h month=10 pair=SOL/USDT rows=186 year=2021
2026-09-23 07:40:46 [info     ] imported                       batches=1 interval=4h month=10 pair=SOL/USDT rows=186 year=2021
2026-09-23 07:40:46 [info     ] downloading                    url=https://data.binance.vision/data/spot/monthly/klines/SOLUSDT/4h/SOLUSDT-4h-2021-11.zip
2026-09-23 07:40:47 [info     ] imported_batch                 batch=1/1 interval=4h month=11 pair=SOL/USDT rows=180 year=2021
2026-09-23 07:40:47 [info     ] imported                       batches=1 interval=4h month=11 pair=SOL/USDT rows=180 year=2021
2026-09-23 07:40:47 [info     ] downloading                    url=https://data.binance.vision/data/spot/monthly/klines/SOLUSDT/4h/SOLUSDT-4h-2021-12.zip
2026-09-23 07:40:48 [info     ] imported_batch                 batch=1/1 interval=4h month=12 pair=SOL/USDT rows=186 year=2021
2026-09-23 07:40:48 [info     ] imported                       batches=1 interval=4h month=12 pair=SOL/USDT rows=186 year=2021
2026-09-23 07:40:48 [info     ] downloading                    url=https://data.binance.vision/data/spot/monthly/klines/SOLUSDT/4h/SOLUSDT-4h-2022-01.zip
2026-09-23 07:40:49 [info     ] imported_batch                 batch=1/1 interval=4h month=1 pair=SOL/USDT rows=186 year=2022
2026-09-23 07:40:49 [info     ] imported                       batches=1 interval=4h month=1 pair=SOL/USDT rows=186 year=2022
2026-09-23 07:40:49 [info     ] downloading                    url=https://data.binance.vision/data/spot/monthly/klines/SOLUSDT/4h/SOLUSDT-4h-2022-02.zip
2026-09-23 07:40:50 [info     ] imported_batch                 batch=1/1 interval=4h month=2 pair=SOL/USDT rows=168 year=2022
2026-09-23 07:40:50 [info     ] imported                       batches=1 interval=4h month=2 pair=SOL/USDT rows=168 year=2022
2026-09-23 07:40:50 [info     ] downloading                    url=https://data.binance.vision/data/spot/monthly/klines/SOLUSDT/4h/SOLUSDT-4h-2022-03.zip
2026-09-23 07:40:51 [info     ] imported_batch                 batch=1/1 interval=4h month=3 pair=SOL/USDT rows=186 year=2022
2026-09-23 07:40:51 [info     ] imported                       batches=1 interval=4h month=3 pair=SOL/USDT rows=186 year=2022
2026-09-23 07:40:51 [info     ] downloading                    url=https://data.binance.vision/data/spot/monthly/klines/SOLUSDT/4h/SOLUSDT-4h-2022-04.zip
2026-09-23 07:40:52 [info     ] imported_batch                 batch=1/1 interval=4h month=4 pair=SOL/USDT rows=180 year=2022
2026-09-23 07:40:52 [info     ] imported                       batches=1 interval=4h month=4 pair=SOL/USDT rows=180 year=2022
2026-09-23 07:40:52 [info     ] downloading                    url=https://data.binance.vision/data/spot/monthly/klines/SOLUSDT/4h/SOLUSDT-4h-2022-05.zip
2026-09-23 07:40:52 [info     ] imported_batch                 batch=1/1 interval=4h month=5 pair=SOL/USDT rows=186 year=2022
2026-09-23 07:40:52 [info     ] imported                       batches=1 interval=4h month=5 pair=SOL/USDT rows=186 year=2022
2026-09-23 07:40:52 [info     ] downloading                    url=https://data.binance.vision/data/spot/monthly/klines/SOLUSDT/4h/SOLUSDT-4h-2022-06.zip
2026-09-23 07:40:53 [info     ] imported_batch                 batch=1/1 interval=4h month=6 pair=SOL/USDT rows=180 year=2022
2026-09-23 07:40:53 [info     ] imported                       batches=1 interval=4h month=6 pair=SOL/USDT rows=180 year=2022
2026-09-23 07:40:53 [info     ] downloading                    url=https://data.binance.vision/data/spot/monthly/klines/SOLUSDT/4h/SOLUSDT-4h-2022-07.zip
2026-09-23 07:40:54 [info     ] imported_batch                 batch=1/1 interval=4h month=7 pair=SOL/USDT rows=186 year=2022
2026-09-23 07:40:54 [info     ] imported                       batches=1 interval=4h month=7 pair=SOL/USDT rows=186 year=2022
2026-09-23 07:40:54 [info     ] downloading                    url=https://data.binance.vision/data/spot/monthly/klines/SOLUSDT/4h/SOLUSDT-4h-2022-08.zip
2026-09-23 07:40:55 [info     ] imported_batch                 batch=1/1 interval=4h month=8 pair=SOL/USDT rows=186 year=2022
2026-09-23 07:40:55 [info     ] imported                       batches=1 interval=4h month=8 pair=SOL/USDT rows=186 year=2022
2026-09-23 07:40:55 [info     ] downloading                    url=https://data.binance.vision/data/spot/monthly/klines/SOLUSDT/4h/SOLUSDT-4h-2022-09.zip
2026-09-23 07:40:55 [info     ] imported_batch                 batch=1/1 interval=4h month=9 pair=SOL/USDT rows=180 year=2022
2026-09-23 07:40:55 [info     ] imported                       batches=1 interval=4h month=9 pair=SOL/USDT rows=180 year=2022
2026-09-23 07:40:55 [info     ] downloading                    url=https://data.binance.vision/data/spot/monthly/klines/SOLUSDT/4h/SOLUSDT-4h-2022-10.zip
2026-09-23 07:40:56 [info     ] imported_batch                 batch=1/1 interval=4h month=10 pair=SOL/USDT rows=186 year=2022
2026-09-23 07:40:56 [info     ] imported                       batches=1 interval=4h month=10 pair=SOL/USDT rows=186 year=2022
2026-09-23 07:40:56 [info     ] downloading                    url=https://data.binance.vision/data/spot/monthly/klines/SOLUSDT/4h/SOLUSDT-4h-2022-11.zip
2026-09-23 07:40:56 [info     ] imported_batch                 batch=1/1 interval=4h month=11 pair=SOL/USDT rows=180 year=2022
2026-09-23 07:40:56 [info     ] imported                       batches=1 interval=4h month=11 pair=SOL/USDT rows=180 year=2022
2026-09-23 07:40:56 [info     ] downloading                    url=https://data.binance.vision/data/spot/monthly/klines/SOLUSDT/4h/SOLUSDT-4h-2022-12.zip
2026-09-23 07:40:57 [info     ] imported_batch                 batch=1/1 interval=4h month=12 pair=SOL/USDT rows=186 year=2022
2026-09-23 07:40:57 [info     ] imported                       batches=1 interval=4h month=12 pair=SOL/USDT rows=186 year=2022
2026-09-23 07:40:57 [info     ] downloading                    url=https://data.binance.vision/data/spot/monthly/klines/SOLUSDT/4h/SOLUSDT-4h-2023-01.zip
2026-09-23 07:40:58 [info     ] imported_batch                 batch=1/1 interval=4h month=1 pair=SOL/USDT rows=186 year=2023
2026-09-23 07:40:58 [info     ] imported                       batches=1 interval=4h month=1 pair=SOL/USDT rows=186 year=2023
2026-09-23 07:40:58 [info     ] downloading                    url=https://data.binance.vision/data/spot/monthly/klines/SOLUSDT/4h/SOLUSDT-4h-2023-02.zip
2026-09-23 07:40:59 [info     ] imported_batch                 batch=1/1 interval=4h month=2 pair=SOL/USDT rows=168 year=2023
2026-09-23 07:40:59 [info     ] imported                       batches=1 interval=4h month=2 pair=SOL/USDT rows=168 year=2023
2026-09-23 07:40:59 [info     ] downloading                    url=https://data.binance.vision/data/spot/monthly/klines/SOLUSDT/4h/SOLUSDT-4h-2023-03.zip
2026-09-23 07:40:59 [info     ] imported_batch                 batch=1/1 interval=4h month=3 pair=SOL/USDT rows=186 year=2023
2026-09-23 07:40:59 [info     ] imported                       batches=1 interval=4h month=3 pair=SOL/USDT rows=186 year=2023
2026-09-23 07:40:59 [info     ] downloading                    url=https://data.binance.vision/data/spot/monthly/klines/SOLUSDT/4h/SOLUSDT-4h-2023-04.zip
2026-09-23 07:41:00 [info     ] imported_batch                 batch=1/1 interval=4h month=4 pair=SOL/USDT rows=180 year=2023
2026-09-23 07:41:00 [info     ] imported                       batches=1 interval=4h month=4 pair=SOL/USDT rows=180 year=2023
2026-09-23 07:41:00 [info     ] downloading                    url=https://data.binance.vision/data/spot/monthly/klines/SOLUSDT/4h/SOLUSDT-4h-2023-05.zip
2026-09-23 07:41:01 [info     ] imported_batch                 batch=1/1 interval=4h month=5 pair=SOL/USDT rows=186 year=2023
2026-09-23 07:41:01 [info     ] imported                       batches=1 interval=4h month=5 pair=SOL/USDT rows=186 year=2023
2026-09-23 07:41:01 [info     ] downloading                    url=https://data.binance.vision/data/spot/monthly/klines/SOLUSDT/4h/SOLUSDT-4h-2023-06.zip
2026-09-23 07:41:02 [info     ] imported_batch                 batch=1/1 interval=4h month=6 pair=SOL/USDT rows=180 year=2023
2026-09-23 07:41:02 [info     ] imported                       batches=1 interval=4h month=6 pair=SOL/USDT rows=180 year=2023
2026-09-23 07:41:02 [info     ] progress                       pct=85.8% processed=1050 total=1224 total_rows=2566555
2026-09-23 07:41:02 [info     ] downloading                    url=https://data.binance.vision/data/spot/monthly/klines/SOLUSDT/4h/SOLUSDT-4h-2023-07.zip
2026-09-23 07:41:03 [info     ] imported_batch                 batch=1/1 interval=4h month=7 pair=SOL/USDT rows=186 year=2023
2026-09-23 07:41:03 [info     ] imported                       batches=1 interval=4h month=7 pair=SOL/USDT rows=186 year=2023
2026-09-23 07:41:03 [info     ] downloading                    url=https://data.binance.vision/data/spot/monthly/klines/SOLUSDT/4h/SOLUSDT-4h-2023-08.zip
2026-09-23 07:41:04 [info     ] imported_batch                 batch=1/1 interval=4h month=8 pair=SOL/USDT rows=186 year=2023
2026-09-23 07:41:04 [info     ] imported                       batches=1 interval=4h month=8 pair=SOL/USDT rows=186 year=2023
2026-09-23 07:41:04 [info     ] downloading                    url=https://data.binance.vision/data/spot/monthly/klines/SOLUSDT/4h/SOLUSDT-4h-2023-09.zip
2026-09-23 07:41:05 [info     ] imported_batch                 batch=1/1 interval=4h month=9 pair=SOL/USDT rows=180 year=2023
2026-09-23 07:41:05 [info     ] imported                       batches=1 interval=4h month=9 pair=SOL/USDT rows=180 year=2023
2026-09-23 07:41:05 [info     ] downloading                    url=https://data.binance.vision/data/spot/monthly/klines/SOLUSDT/4h/SOLUSDT-4h-2023-10.zip
2026-09-23 07:41:05 [info     ] imported_batch                 batch=1/1 interval=4h month=10 pair=SOL/USDT rows=186 year=2023
2026-09-23 07:41:05 [info     ] imported                       batches=1 interval=4h month=10 pair=SOL/USDT rows=186 year=2023
2026-09-23 07:41:05 [info     ] downloading                    url=https://data.binance.vision/data/spot/monthly/klines/SOLUSDT/4h/SOLUSDT-4h-2023-11.zip
2026-09-23 07:41:06 [info     ] imported_batch                 batch=1/1 interval=4h month=11 pair=SOL/USDT rows=180 year=2023
2026-09-23 07:41:06 [info     ] imported                       batches=1 interval=4h month=11 pair=SOL/USDT rows=180 year=2023
2026-09-23 07:41:06 [info     ] downloading                    url=https://data.binance.vision/data/spot/monthly/klines/SOLUSDT/4h/SOLUSDT-4h-2023-12.zip
2026-09-23 07:41:07 [info     ] imported_batch                 batch=1/1 interval=4h month=12 pair=SOL/USDT rows=186 year=2023
2026-09-23 07:41:07 [info     ] imported                       batches=1 interval=4h month=12 pair=SOL/USDT rows=186 year=2023
2026-09-23 07:41:07 [info     ] downloading                    url=https://data.binance.vision/data/spot/monthly/klines/SOLUSDT/4h/SOLUSDT-4h-2024-01.zip
2026-09-23 07:41:08 [info     ] imported_batch                 batch=1/1 interval=4h month=1 pair=SOL/USDT rows=186 year=2024
2026-09-23 07:41:08 [info     ] imported                       batches=1 interval=4h month=1 pair=SOL/USDT rows=186 year=2024
2026-09-23 07:41:08 [info     ] downloading                    url=https://data.binance.vision/data/spot/monthly/klines/SOLUSDT/4h/SOLUSDT-4h-2024-02.zip
2026-09-23 07:41:09 [info     ] imported_batch                 batch=1/1 interval=4h month=2 pair=SOL/USDT rows=174 year=2024
2026-09-23 07:41:09 [info     ] imported                       batches=1 interval=4h month=2 pair=SOL/USDT rows=174 year=2024
2026-09-23 07:41:09 [info     ] downloading                    url=https://data.binance.vision/data/spot/monthly/klines/SOLUSDT/4h/SOLUSDT-4h-2024-03.zip
2026-09-23 07:41:09 [info     ] imported_batch                 batch=1/1 interval=4h month=3 pair=SOL/USDT rows=186 year=2024
2026-09-23 07:41:09 [info     ] imported                       batches=1 interval=4h month=3 pair=SOL/USDT rows=186 year=2024
2026-09-23 07:41:09 [info     ] downloading                    url=https://data.binance.vision/data/spot/monthly/klines/SOLUSDT/4h/SOLUSDT-4h-2024-04.zip
2026-09-23 07:41:09 [info     ] imported_batch                 batch=1/1 interval=4h month=4 pair=SOL/USDT rows=180 year=2024
2026-09-23 07:41:09 [info     ] imported                       batches=1 interval=4h month=4 pair=SOL/USDT rows=180 year=2024
2026-09-23 07:41:09 [info     ] downloading                    url=https://data.binance.vision/data/spot/monthly/klines/SOLUSDT/4h/SOLUSDT-4h-2024-05.zip
2026-09-23 07:41:10 [info     ] imported_batch                 batch=1/1 interval=4h month=5 pair=SOL/USDT rows=186 year=2024
2026-09-23 07:41:10 [info     ] imported                       batches=1 interval=4h month=5 pair=SOL/USDT rows=186 year=2024
2026-09-23 07:41:10 [info     ] downloading                    url=https://data.binance.vision/data/spot/monthly/klines/SOLUSDT/4h/SOLUSDT-4h-2024-06.zip
2026-09-23 07:41:10 [info     ] imported_batch                 batch=1/1 interval=4h month=6 pair=SOL/USDT rows=180 year=2024
2026-09-23 07:41:10 [info     ] imported                       batches=1 interval=4h month=6 pair=SOL/USDT rows=180 year=2024
2026-09-23 07:41:10 [info     ] downloading                    url=https://data.binance.vision/data/spot/monthly/klines/SOLUSDT/4h/SOLUSDT-4h-2024-07.zip
2026-09-23 07:41:11 [info     ] imported_batch                 batch=1/1 interval=4h month=7 pair=SOL/USDT rows=186 year=2024
2026-09-23 07:41:11 [info     ] imported                       batches=1 interval=4h month=7 pair=SOL/USDT rows=186 year=2024
2026-09-23 07:41:11 [info     ] downloading                    url=https://data.binance.vision/data/spot/monthly/klines/SOLUSDT/4h/SOLUSDT-4h-2024-08.zip
2026-09-23 07:41:11 [info     ] imported_batch                 batch=1/1 interval=4h month=8 pair=SOL/USDT rows=186 year=2024
2026-09-23 07:41:11 [info     ] imported                       batches=1 interval=4h month=8 pair=SOL/USDT rows=186 year=2024
2026-09-23 07:41:11 [info     ] downloading                    url=https://data.binance.vision/data/spot/monthly/klines/SOLUSDT/4h/SOLUSDT-4h-2024-09.zip
2026-09-23 07:41:12 [info     ] imported_batch                 batch=1/1 interval=4h month=9 pair=SOL/USDT rows=180 year=2024
2026-09-23 07:41:12 [info     ] imported                       batches=1 interval=4h month=9 pair=SOL/USDT rows=180 year=2024
2026-09-23 07:41:12 [info     ] downloading                    url=https://data.binance.vision/data/spot/monthly/klines/SOLUSDT/4h/SOLUSDT-4h-2024-10.zip
2026-09-23 07:41:13 [info     ] imported_batch                 batch=1/1 interval=4h month=10 pair=SOL/USDT rows=186 year=2024
2026-09-23 07:41:13 [info     ] imported                       batches=1 interval=4h month=10 pair=SOL/USDT rows=186 year=2024
2026-09-23 07:41:13 [info     ] downloading                    url=https://data.binance.vision/data/spot/monthly/klines/SOLUSDT/4h/SOLUSDT-4h-2024-11.zip
2026-09-23 07:41:14 [info     ] imported_batch                 batch=1/1 interval=4h month=11 pair=SOL/USDT rows=180 year=2024
2026-09-23 07:41:14 [info     ] imported                       batches=1 interval=4h month=11 pair=SOL/USDT rows=180 year=2024
2026-09-23 07:41:14 [info     ] downloading                    url=https://data.binance.vision/data/spot/monthly/klines/SOLUSDT/4h/SOLUSDT-4h-2024-12.zip
2026-09-23 07:41:14 [info     ] imported_batch                 batch=1/1 interval=4h month=12 pair=SOL/USDT rows=186 year=2024
2026-09-23 07:41:14 [info     ] imported                       batches=1 interval=4h month=12 pair=SOL/USDT rows=186 year=2024
2026-09-23 07:41:14 [info     ] downloading                    url=https://data.binance.vision/data/spot/monthly/klines/SOLUSDT/4h/SOLUSDT-4h-2025-01.zip
2026-09-23 07:41:15 [info     ] imported_batch                 batch=1/1 interval=4h month=1 pair=SOL/USDT rows=186 year=2025
2026-09-23 07:41:15 [info     ] imported                       batches=1 interval=4h month=1 pair=SOL/USDT rows=186 year=2025
2026-09-23 07:41:15 [info     ] downloading                    url=https://data.binance.vision/data/spot/monthly/klines/SOLUSDT/4h/SOLUSDT-4h-2025-02.zip
2026-09-23 07:41:16 [info     ] imported_batch                 batch=1/1 interval=4h month=2 pair=SOL/USDT rows=168 year=2025
2026-09-23 07:41:16 [info     ] imported                       batches=1 interval=4h month=2 pair=SOL/USDT rows=168 year=2025
2026-09-23 07:41:16 [info     ] downloading                    url=https://data.binance.vision/data/spot/monthly/klines/SOLUSDT/4h/SOLUSDT-4h-2025-03.zip
2026-09-23 07:41:17 [info     ] imported_batch                 batch=1/1 interval=4h month=3 pair=SOL/USDT rows=186 year=2025
2026-09-23 07:41:17 [info     ] imported                       batches=1 interval=4h month=3 pair=SOL/USDT rows=186 year=2025
2026-09-23 07:41:17 [info     ] downloading                    url=https://data.binance.vision/data/spot/monthly/klines/SOLUSDT/4h/SOLUSDT-4h-2025-04.zip
2026-09-23 07:41:18 [info     ] imported_batch                 batch=1/1 interval=4h month=4 pair=SOL/USDT rows=180 year=2025
2026-09-23 07:41:18 [info     ] imported                       batches=1 interval=4h month=4 pair=SOL/USDT rows=180 year=2025
2026-09-23 07:41:18 [info     ] downloading                    url=https://data.binance.vision/data/spot/monthly/klines/SOLUSDT/4h/SOLUSDT-4h-2025-05.zip
2026-09-23 07:41:19 [info     ] imported_batch                 batch=1/1 interval=4h month=5 pair=SOL/USDT rows=186 year=2025
2026-09-23 07:41:19 [info     ] imported                       batches=1 interval=4h month=5 pair=SOL/USDT rows=186 year=2025
2026-09-23 07:41:19 [info     ] downloading                    url=https://data.binance.vision/data/spot/monthly/klines/SOLUSDT/4h/SOLUSDT-4h-2025-06.zip
2026-09-23 07:41:20 [info     ] imported_batch                 batch=1/1 interval=4h month=6 pair=SOL/USDT rows=180 year=2025
2026-09-23 07:41:20 [info     ] imported                       batches=1 interval=4h month=6 pair=SOL/USDT rows=180 year=2025
2026-09-23 07:41:20 [info     ] downloading                    url=https://data.binance.vision/data/spot/monthly/klines/SOLUSDT/4h/SOLUSDT-4h-2025-07.zip
2026-09-23 07:41:20 [info     ] imported_batch                 batch=1/1 interval=4h month=7 pair=SOL/USDT rows=186 year=2025
2026-09-23 07:41:20 [info     ] imported                       batches=1 interval=4h month=7 pair=SOL/USDT rows=186 year=2025
2026-09-23 07:41:20 [info     ] downloading                    url=https://data.binance.vision/data/spot/monthly/klines/SOLUSDT/4h/SOLUSDT-4h-2025-08.zip
2026-09-23 07:41:21 [info     ] imported_batch                 batch=1/1 interval=4h month=8 pair=SOL/USDT rows=186 year=2025
2026-09-23 07:41:21 [info     ] imported                       batches=1 interval=4h month=8 pair=SOL/USDT rows=186 year=2025
2026-09-23 07:41:21 [info     ] downloading                    url=https://data.binance.vision/data/spot/monthly/klines/SOLUSDT/4h/SOLUSDT-4h-2025-09.zip
2026-09-23 07:41:22 [info     ] imported_batch                 batch=1/1 interval=4h month=9 pair=SOL/USDT rows=180 year=2025
2026-09-23 07:41:22 [info     ] imported                       batches=1 interval=4h month=9 pair=SOL/USDT rows=180 year=2025
2026-09-23 07:41:22 [info     ] downloading                    url=https://data.binance.vision/data/spot/monthly/klines/SOLUSDT/4h/SOLUSDT-4h-2025-10.zip
2026-09-23 07:41:23 [info     ] imported_batch                 batch=1/1 interval=4h month=10 pair=SOL/USDT rows=186 year=2025
2026-09-23 07:41:23 [info     ] imported                       batches=1 interval=4h month=10 pair=SOL/USDT rows=186 year=2025
2026-09-23 07:41:23 [info     ] downloading                    url=https://data.binance.vision/data/spot/monthly/klines/SOLUSDT/4h/SOLUSDT-4h-2025-11.zip
2026-09-23 07:41:23 [info     ] imported_batch                 batch=1/1 interval=4h month=11 pair=SOL/USDT rows=180 year=2025
2026-09-23 07:41:23 [info     ] imported                       batches=1 interval=4h month=11 pair=SOL/USDT rows=180 year=2025
2026-09-23 07:41:23 [info     ] downloading                    url=https://data.binance.vision/data/spot/monthly/klines/SOLUSDT/4h/SOLUSDT-4h-2025-12.zip
2026-09-23 07:41:24 [info     ] imported_batch                 batch=1/1 interval=4h month=12 pair=SOL/USDT rows=186 year=2025
2026-09-23 07:41:24 [info     ] imported                       batches=1 interval=4h month=12 pair=SOL/USDT rows=186 year=2025
2026-09-23 07:41:24 [info     ] downloading                    url=https://data.binance.vision/data/spot/monthly/klines/SOLUSDT/4h/SOLUSDT-4h-2026-01.zip
2026-09-23 07:41:25 [info     ] imported_batch                 batch=1/1 interval=4h month=1 pair=SOL/USDT rows=186 year=2026
2026-09-23 07:41:25 [info     ] imported                       batches=1 interval=4h month=1 pair=SOL/USDT rows=186 year=2026
2026-09-23 07:41:25 [info     ] downloading                    url=https://data.binance.vision/data/spot/monthly/klines/SOLUSDT/4h/SOLUSDT-4h-2026-02.zip
2026-09-23 07:41:26 [info     ] imported_batch                 batch=1/1 interval=4h month=2 pair=SOL/USDT rows=168 year=2026
2026-09-23 07:41:26 [info     ] imported                       batches=1 interval=4h month=2 pair=SOL/USDT rows=168 year=2026
2026-09-23 07:41:26 [info     ] downloading                    url=https://data.binance.vision/data/spot/monthly/klines/SOLUSDT/4h/SOLUSDT-4h-2026-03.zip
2026-09-23 07:41:27 [info     ] imported_batch                 batch=1/1 interval=4h month=3 pair=SOL/USDT rows=186 year=2026
2026-09-23 07:41:27 [info     ] imported                       batches=1 interval=4h month=3 pair=SOL/USDT rows=186 year=2026
2026-09-23 07:41:27 [info     ] downloading                    url=https://data.binance.vision/data/spot/monthly/klines/SOLUSDT/4h/SOLUSDT-4h-2026-04.zip
2026-09-23 07:41:28 [info     ] imported_batch                 batch=1/1 interval=4h month=4 pair=SOL/USDT rows=180 year=2026
2026-09-23 07:41:28 [info     ] imported                       batches=1 interval=4h month=4 pair=SOL/USDT rows=180 year=2026
2026-09-23 07:41:28 [info     ] downloading                    url=https://data.binance.vision/data/spot/monthly/klines/SOLUSDT/4h/SOLUSDT-4h-2026-05.zip
2026-09-23 07:41:29 [info     ] imported_batch                 batch=1/1 interval=4h month=5 pair=SOL/USDT rows=186 year=2026
2026-09-23 07:41:29 [info     ] imported                       batches=1 interval=4h month=5 pair=SOL/USDT rows=186 year=2026
2026-09-23 07:41:29 [info     ] downloading                    url=https://data.binance.vision/data/spot/monthly/klines/SOLUSDT/4h/SOLUSDT-4h-2026-06.zip
2026-09-23 07:41:29 [info     ] imported_batch                 batch=1/1 interval=4h month=6 pair=SOL/USDT rows=180 year=2026
2026-09-23 07:41:29 [info     ] imported                       batches=1 interval=4h month=6 pair=SOL/USDT rows=180 year=2026
2026-09-23 07:41:29 [info     ] downloading                    url=https://data.binance.vision/data/spot/monthly/klines/SOLUSDT/4h/SOLUSDT-4h-2026-07.zip
2026-09-23 07:41:29 [info     ] imported_batch                 batch=1/1 interval=4h month=7 pair=SOL/USDT rows=186 year=2026
2026-09-23 07:41:29 [info     ] imported                       batches=1 interval=4h month=7 pair=SOL/USDT rows=186 year=2026
2026-09-23 07:41:29 [info     ] downloading                    url=https://data.binance.vision/data/spot/monthly/klines/SOLUSDT/4h/SOLUSDT-4h-2026-08.zip
2026-09-23 07:41:30 [info     ] imported_batch                 batch=1/1 interval=4h month=8 pair=SOL/USDT rows=186 year=2026
2026-09-23 07:41:30 [info     ] imported                       batches=1 interval=4h month=8 pair=SOL/USDT rows=186 year=2026
2026-09-23 07:41:30 [info     ] downloading                    url=https://data.binance.vision/data/spot/monthly/klines/SOLUSDT/1d/SOLUSDT-1d-2021-01.zip
2026-09-23 07:41:30 [info     ] imported_batch                 batch=1/1 interval=1d month=1 pair=SOL/USDT rows=31 year=2021
2026-09-23 07:41:30 [info     ] imported                       batches=1 interval=1d month=1 pair=SOL/USDT rows=31 year=2021
2026-09-23 07:41:30 [info     ] downloading                    url=https://data.binance.vision/data/spot/monthly/klines/SOLUSDT/1d/SOLUSDT-1d-2021-02.zip
2026-09-23 07:41:31 [info     ] imported_batch                 batch=1/1 interval=1d month=2 pair=SOL/USDT rows=28 year=2021
2026-09-23 07:41:31 [info     ] imported                       batches=1 interval=1d month=2 pair=SOL/USDT rows=28 year=2021
2026-09-23 07:41:31 [info     ] downloading                    url=https://data.binance.vision/data/spot/monthly/klines/SOLUSDT/1d/SOLUSDT-1d-2021-03.zip
2026-09-23 07:41:32 [info     ] imported_batch                 batch=1/1 interval=1d month=3 pair=SOL/USDT rows=31 year=2021
2026-09-23 07:41:32 [info     ] imported                       batches=1 interval=1d month=3 pair=SOL/USDT rows=31 year=2021
2026-09-23 07:41:32 [info     ] downloading                    url=https://data.binance.vision/data/spot/monthly/klines/SOLUSDT/1d/SOLUSDT-1d-2021-04.zip
2026-09-23 07:41:32 [info     ] imported_batch                 batch=1/1 interval=1d month=4 pair=SOL/USDT rows=30 year=2021
2026-09-23 07:41:32 [info     ] imported                       batches=1 interval=1d month=4 pair=SOL/USDT rows=30 year=2021
2026-09-23 07:41:32 [info     ] downloading                    url=https://data.binance.vision/data/spot/monthly/klines/SOLUSDT/1d/SOLUSDT-1d-2021-05.zip
2026-09-23 07:41:33 [info     ] imported_batch                 batch=1/1 interval=1d month=5 pair=SOL/USDT rows=31 year=2021
2026-09-23 07:41:33 [info     ] imported                       batches=1 interval=1d month=5 pair=SOL/USDT rows=31 year=2021
2026-09-23 07:41:33 [info     ] downloading                    url=https://data.binance.vision/data/spot/monthly/klines/SOLUSDT/1d/SOLUSDT-1d-2021-06.zip
2026-09-23 07:41:34 [info     ] imported_batch                 batch=1/1 interval=1d month=6 pair=SOL/USDT rows=30 year=2021
2026-09-23 07:41:34 [info     ] imported                       batches=1 interval=1d month=6 pair=SOL/USDT rows=30 year=2021
2026-09-23 07:41:34 [info     ] downloading                    url=https://data.binance.vision/data/spot/monthly/klines/SOLUSDT/1d/SOLUSDT-1d-2021-07.zip
2026-09-23 07:41:34 [info     ] imported_batch                 batch=1/1 interval=1d month=7 pair=SOL/USDT rows=31 year=2021
2026-09-23 07:41:34 [info     ] imported                       batches=1 interval=1d month=7 pair=SOL/USDT rows=31 year=2021
2026-09-23 07:41:34 [info     ] downloading                    url=https://data.binance.vision/data/spot/monthly/klines/SOLUSDT/1d/SOLUSDT-1d-2021-08.zip
2026-09-23 07:41:35 [info     ] imported_batch                 batch=1/1 interval=1d month=8 pair=SOL/USDT rows=31 year=2021
2026-09-23 07:41:35 [info     ] imported                       batches=1 interval=1d month=8 pair=SOL/USDT rows=31 year=2021
2026-09-23 07:41:35 [info     ] downloading                    url=https://data.binance.vision/data/spot/monthly/klines/SOLUSDT/1d/SOLUSDT-1d-2021-09.zip
2026-09-23 07:41:36 [info     ] imported_batch                 batch=1/1 interval=1d month=9 pair=SOL/USDT rows=30 year=2021
2026-09-23 07:41:36 [info     ] imported                       batches=1 interval=1d month=9 pair=SOL/USDT rows=30 year=2021
2026-09-23 07:41:36 [info     ] downloading                    url=https://data.binance.vision/data/spot/monthly/klines/SOLUSDT/1d/SOLUSDT-1d-2021-10.zip
2026-09-23 07:41:37 [info     ] imported_batch                 batch=1/1 interval=1d month=10 pair=SOL/USDT rows=31 year=2021
2026-09-23 07:41:37 [info     ] imported                       batches=1 interval=1d month=10 pair=SOL/USDT rows=31 year=2021
2026-09-23 07:41:37 [info     ] downloading                    url=https://data.binance.vision/data/spot/monthly/klines/SOLUSDT/1d/SOLUSDT-1d-2021-11.zip
2026-09-23 07:41:38 [info     ] imported_batch                 batch=1/1 interval=1d month=11 pair=SOL/USDT rows=30 year=2021
2026-09-23 07:41:38 [info     ] imported                       batches=1 interval=1d month=11 pair=SOL/USDT rows=30 year=2021
2026-09-23 07:41:38 [info     ] downloading                    url=https://data.binance.vision/data/spot/monthly/klines/SOLUSDT/1d/SOLUSDT-1d-2021-12.zip
2026-09-23 07:41:38 [info     ] imported_batch                 batch=1/1 interval=1d month=12 pair=SOL/USDT rows=31 year=2021
2026-09-23 07:41:38 [info     ] imported                       batches=1 interval=1d month=12 pair=SOL/USDT rows=31 year=2021
2026-09-23 07:41:38 [info     ] progress                       pct=89.9% processed=1100 total=1224 total_rows=2573868
2026-09-23 07:41:38 [info     ] downloading                    url=https://data.binance.vision/data/spot/monthly/klines/SOLUSDT/1d/SOLUSDT-1d-2022-01.zip
2026-09-23 07:41:38 [info     ] imported_batch                 batch=1/1 interval=1d month=1 pair=SOL/USDT rows=31 year=2022
2026-09-23 07:41:38 [info     ] imported                       batches=1 interval=1d month=1 pair=SOL/USDT rows=31 year=2022
2026-09-23 07:41:38 [info     ] downloading                    url=https://data.binance.vision/data/spot/monthly/klines/SOLUSDT/1d/SOLUSDT-1d-2022-02.zip
2026-09-23 07:41:39 [info     ] imported_batch                 batch=1/1 interval=1d month=2 pair=SOL/USDT rows=28 year=2022
2026-09-23 07:41:39 [info     ] imported                       batches=1 interval=1d month=2 pair=SOL/USDT rows=28 year=2022
2026-09-23 07:41:39 [info     ] downloading                    url=https://data.binance.vision/data/spot/monthly/klines/SOLUSDT/1d/SOLUSDT-1d-2022-03.zip
2026-09-23 07:41:40 [info     ] imported_batch                 batch=1/1 interval=1d month=3 pair=SOL/USDT rows=31 year=2022
2026-09-23 07:41:40 [info     ] imported                       batches=1 interval=1d month=3 pair=SOL/USDT rows=31 year=2022
2026-09-23 07:41:40 [info     ] downloading                    url=https://data.binance.vision/data/spot/monthly/klines/SOLUSDT/1d/SOLUSDT-1d-2022-04.zip
2026-09-23 07:41:41 [info     ] imported_batch                 batch=1/1 interval=1d month=4 pair=SOL/USDT rows=30 year=2022
2026-09-23 07:41:41 [info     ] imported                       batches=1 interval=1d month=4 pair=SOL/USDT rows=30 year=2022
2026-09-23 07:41:41 [info     ] downloading                    url=https://data.binance.vision/data/spot/monthly/klines/SOLUSDT/1d/SOLUSDT-1d-2022-05.zip
2026-09-23 07:41:41 [info     ] imported_batch                 batch=1/1 interval=1d month=5 pair=SOL/USDT rows=31 year=2022
2026-09-23 07:41:41 [info     ] imported                       batches=1 interval=1d month=5 pair=SOL/USDT rows=31 year=2022
2026-09-23 07:41:41 [info     ] downloading                    url=https://data.binance.vision/data/spot/monthly/klines/SOLUSDT/1d/SOLUSDT-1d-2022-06.zip
2026-09-23 07:41:42 [info     ] imported_batch                 batch=1/1 interval=1d month=6 pair=SOL/USDT rows=30 year=2022
2026-09-23 07:41:42 [info     ] imported                       batches=1 interval=1d month=6 pair=SOL/USDT rows=30 year=2022
2026-09-23 07:41:42 [info     ] downloading                    url=https://data.binance.vision/data/spot/monthly/klines/SOLUSDT/1d/SOLUSDT-1d-2022-07.zip
2026-09-23 07:41:43 [info     ] imported_batch                 batch=1/1 interval=1d month=7 pair=SOL/USDT rows=31 year=2022
2026-09-23 07:41:43 [info     ] imported                       batches=1 interval=1d month=7 pair=SOL/USDT rows=31 year=2022
2026-09-23 07:41:43 [info     ] downloading                    url=https://data.binance.vision/data/spot/monthly/klines/SOLUSDT/1d/SOLUSDT-1d-2022-08.zip
2026-09-23 07:41:44 [info     ] imported_batch                 batch=1/1 interval=1d month=8 pair=SOL/USDT rows=31 year=2022
2026-09-23 07:41:44 [info     ] imported                       batches=1 interval=1d month=8 pair=SOL/USDT rows=31 year=2022
2026-09-23 07:41:44 [info     ] downloading                    url=https://data.binance.vision/data/spot/monthly/klines/SOLUSDT/1d/SOLUSDT-1d-2022-09.zip
2026-09-23 07:41:44 [info     ] imported_batch                 batch=1/1 interval=1d month=9 pair=SOL/USDT rows=30 year=2022
2026-09-23 07:41:44 [info     ] imported                       batches=1 interval=1d month=9 pair=SOL/USDT rows=30 year=2022
2026-09-23 07:41:44 [info     ] downloading                    url=https://data.binance.vision/data/spot/monthly/klines/SOLUSDT/1d/SOLUSDT-1d-2022-10.zip
2026-09-23 07:41:45 [info     ] imported_batch                 batch=1/1 interval=1d month=10 pair=SOL/USDT rows=31 year=2022
2026-09-23 07:41:45 [info     ] imported                       batches=1 interval=1d month=10 pair=SOL/USDT rows=31 year=2022
2026-09-23 07:41:45 [info     ] downloading                    url=https://data.binance.vision/data/spot/monthly/klines/SOLUSDT/1d/SOLUSDT-1d-2022-11.zip
2026-09-23 07:41:45 [info     ] imported_batch                 batch=1/1 interval=1d month=11 pair=SOL/USDT rows=30 year=2022
2026-09-23 07:41:45 [info     ] imported                       batches=1 interval=1d month=11 pair=SOL/USDT rows=30 year=2022
2026-09-23 07:41:45 [info     ] downloading                    url=https://data.binance.vision/data/spot/monthly/klines/SOLUSDT/1d/SOLUSDT-1d-2022-12.zip
2026-09-23 07:41:46 [info     ] imported_batch                 batch=1/1 interval=1d month=12 pair=SOL/USDT rows=31 year=2022
2026-09-23 07:41:46 [info     ] imported                       batches=1 interval=1d month=12 pair=SOL/USDT rows=31 year=2022
2026-09-23 07:41:46 [info     ] downloading                    url=https://data.binance.vision/data/spot/monthly/klines/SOLUSDT/1d/SOLUSDT-1d-2023-01.zip
2026-09-23 07:41:46 [info     ] imported_batch                 batch=1/1 interval=1d month=1 pair=SOL/USDT rows=31 year=2023
2026-09-23 07:41:46 [info     ] imported                       batches=1 interval=1d month=1 pair=SOL/USDT rows=31 year=2023
2026-09-23 07:41:46 [info     ] downloading                    url=https://data.binance.vision/data/spot/monthly/klines/SOLUSDT/1d/SOLUSDT-1d-2023-02.zip
2026-09-23 07:41:47 [info     ] imported_batch                 batch=1/1 interval=1d month=2 pair=SOL/USDT rows=28 year=2023
2026-09-23 07:41:47 [info     ] imported                       batches=1 interval=1d month=2 pair=SOL/USDT rows=28 year=2023
2026-09-23 07:41:47 [info     ] downloading                    url=https://data.binance.vision/data/spot/monthly/klines/SOLUSDT/1d/SOLUSDT-1d-2023-03.zip
2026-09-23 07:41:48 [info     ] imported_batch                 batch=1/1 interval=1d month=3 pair=SOL/USDT rows=31 year=2023
2026-09-23 07:41:48 [info     ] imported                       batches=1 interval=1d month=3 pair=SOL/USDT rows=31 year=2023
2026-09-23 07:41:48 [info     ] downloading                    url=https://data.binance.vision/data/spot/monthly/klines/SOLUSDT/1d/SOLUSDT-1d-2023-04.zip
2026-09-23 07:41:48 [info     ] imported_batch                 batch=1/1 interval=1d month=4 pair=SOL/USDT rows=30 year=2023
2026-09-23 07:41:48 [info     ] imported                       batches=1 interval=1d month=4 pair=SOL/USDT rows=30 year=2023
2026-09-23 07:41:48 [info     ] downloading                    url=https://data.binance.vision/data/spot/monthly/klines/SOLUSDT/1d/SOLUSDT-1d-2023-05.zip
2026-09-23 07:41:49 [info     ] imported_batch                 batch=1/1 interval=1d month=5 pair=SOL/USDT rows=31 year=2023
2026-09-23 07:41:49 [info     ] imported                       batches=1 interval=1d month=5 pair=SOL/USDT rows=31 year=2023
2026-09-23 07:41:49 [info     ] downloading                    url=https://data.binance.vision/data/spot/monthly/klines/SOLUSDT/1d/SOLUSDT-1d-2023-06.zip
2026-09-23 07:41:49 [info     ] imported_batch                 batch=1/1 interval=1d month=6 pair=SOL/USDT rows=30 year=2023
2026-09-23 07:41:49 [info     ] imported                       batches=1 interval=1d month=6 pair=SOL/USDT rows=30 year=2023
2026-09-23 07:41:49 [info     ] downloading                    url=https://data.binance.vision/data/spot/monthly/klines/SOLUSDT/1d/SOLUSDT-1d-2023-07.zip
2026-09-23 07:41:50 [info     ] imported_batch                 batch=1/1 interval=1d month=7 pair=SOL/USDT rows=31 year=2023
2026-09-23 07:41:50 [info     ] imported                       batches=1 interval=1d month=7 pair=SOL/USDT rows=31 year=2023
2026-09-23 07:41:50 [info     ] downloading                    url=https://data.binance.vision/data/spot/monthly/klines/SOLUSDT/1d/SOLUSDT-1d-2023-08.zip
2026-09-23 07:41:51 [info     ] imported_batch                 batch=1/1 interval=1d month=8 pair=SOL/USDT rows=31 year=2023
2026-09-23 07:41:51 [info     ] imported                       batches=1 interval=1d month=8 pair=SOL/USDT rows=31 year=2023
2026-09-23 07:41:51 [info     ] downloading                    url=https://data.binance.vision/data/spot/monthly/klines/SOLUSDT/1d/SOLUSDT-1d-2023-09.zip
2026-09-23 07:41:51 [info     ] imported_batch                 batch=1/1 interval=1d month=9 pair=SOL/USDT rows=30 year=2023
2026-09-23 07:41:51 [info     ] imported                       batches=1 interval=1d month=9 pair=SOL/USDT rows=30 year=2023
2026-09-23 07:41:51 [info     ] downloading                    url=https://data.binance.vision/data/spot/monthly/klines/SOLUSDT/1d/SOLUSDT-1d-2023-10.zip
2026-09-23 07:41:52 [info     ] imported_batch                 batch=1/1 interval=1d month=10 pair=SOL/USDT rows=31 year=2023
2026-09-23 07:41:52 [info     ] imported                       batches=1 interval=1d month=10 pair=SOL/USDT rows=31 year=2023
2026-09-23 07:41:52 [info     ] downloading                    url=https://data.binance.vision/data/spot/monthly/klines/SOLUSDT/1d/SOLUSDT-1d-2023-11.zip
2026-09-23 07:41:53 [info     ] imported_batch                 batch=1/1 interval=1d month=11 pair=SOL/USDT rows=30 year=2023
2026-09-23 07:41:53 [info     ] imported                       batches=1 interval=1d month=11 pair=SOL/USDT rows=30 year=2023
2026-09-23 07:41:53 [info     ] downloading                    url=https://data.binance.vision/data/spot/monthly/klines/SOLUSDT/1d/SOLUSDT-1d-2023-12.zip
2026-09-23 07:41:54 [info     ] imported_batch                 batch=1/1 interval=1d month=12 pair=SOL/USDT rows=31 year=2023
2026-09-23 07:41:54 [info     ] imported                       batches=1 interval=1d month=12 pair=SOL/USDT rows=31 year=2023
2026-09-23 07:41:54 [info     ] downloading                    url=https://data.binance.vision/data/spot/monthly/klines/SOLUSDT/1d/SOLUSDT-1d-2024-01.zip
2026-09-23 07:41:55 [info     ] imported_batch                 batch=1/1 interval=1d month=1 pair=SOL/USDT rows=31 year=2024
2026-09-23 07:41:55 [info     ] imported                       batches=1 interval=1d month=1 pair=SOL/USDT rows=31 year=2024
2026-09-23 07:41:55 [info     ] downloading                    url=https://data.binance.vision/data/spot/monthly/klines/SOLUSDT/1d/SOLUSDT-1d-2024-02.zip
2026-09-23 07:41:55 [info     ] imported_batch                 batch=1/1 interval=1d month=2 pair=SOL/USDT rows=29 year=2024
2026-09-23 07:41:55 [info     ] imported                       batches=1 interval=1d month=2 pair=SOL/USDT rows=29 year=2024
2026-09-23 07:41:55 [info     ] downloading                    url=https://data.binance.vision/data/spot/monthly/klines/SOLUSDT/1d/SOLUSDT-1d-2024-03.zip
2026-09-23 07:41:56 [info     ] imported_batch                 batch=1/1 interval=1d month=3 pair=SOL/USDT rows=31 year=2024
2026-09-23 07:41:56 [info     ] imported                       batches=1 interval=1d month=3 pair=SOL/USDT rows=31 year=2024
2026-09-23 07:41:56 [info     ] downloading                    url=https://data.binance.vision/data/spot/monthly/klines/SOLUSDT/1d/SOLUSDT-1d-2024-04.zip
2026-09-23 07:41:56 [info     ] imported_batch                 batch=1/1 interval=1d month=4 pair=SOL/USDT rows=30 year=2024
2026-09-23 07:41:56 [info     ] imported                       batches=1 interval=1d month=4 pair=SOL/USDT rows=30 year=2024
2026-09-23 07:41:56 [info     ] downloading                    url=https://data.binance.vision/data/spot/monthly/klines/SOLUSDT/1d/SOLUSDT-1d-2024-05.zip
2026-09-23 07:41:57 [info     ] imported_batch                 batch=1/1 interval=1d month=5 pair=SOL/USDT rows=31 year=2024
2026-09-23 07:41:57 [info     ] imported                       batches=1 interval=1d month=5 pair=SOL/USDT rows=31 year=2024
2026-09-23 07:41:57 [info     ] downloading                    url=https://data.binance.vision/data/spot/monthly/klines/SOLUSDT/1d/SOLUSDT-1d-2024-06.zip
2026-09-23 07:41:58 [info     ] imported_batch                 batch=1/1 interval=1d month=6 pair=SOL/USDT rows=30 year=2024
2026-09-23 07:41:58 [info     ] imported                       batches=1 interval=1d month=6 pair=SOL/USDT rows=30 year=2024
2026-09-23 07:41:58 [info     ] downloading                    url=https://data.binance.vision/data/spot/monthly/klines/SOLUSDT/1d/SOLUSDT-1d-2024-07.zip
2026-09-23 07:41:58 [info     ] imported_batch                 batch=1/1 interval=1d month=7 pair=SOL/USDT rows=31 year=2024
2026-09-23 07:41:58 [info     ] imported                       batches=1 interval=1d month=7 pair=SOL/USDT rows=31 year=2024
2026-09-23 07:41:58 [info     ] downloading                    url=https://data.binance.vision/data/spot/monthly/klines/SOLUSDT/1d/SOLUSDT-1d-2024-08.zip
2026-09-23 07:41:59 [info     ] imported_batch                 batch=1/1 interval=1d month=8 pair=SOL/USDT rows=31 year=2024
2026-09-23 07:41:59 [info     ] imported                       batches=1 interval=1d month=8 pair=SOL/USDT rows=31 year=2024
2026-09-23 07:41:59 [info     ] downloading                    url=https://data.binance.vision/data/spot/monthly/klines/SOLUSDT/1d/SOLUSDT-1d-2024-09.zip
2026-09-23 07:41:59 [info     ] imported_batch                 batch=1/1 interval=1d month=9 pair=SOL/USDT rows=30 year=2024
2026-09-23 07:41:59 [info     ] imported                       batches=1 interval=1d month=9 pair=SOL/USDT rows=30 year=2024
2026-09-23 07:41:59 [info     ] downloading                    url=https://data.binance.vision/data/spot/monthly/klines/SOLUSDT/1d/SOLUSDT-1d-2024-10.zip
2026-09-23 07:42:00 [info     ] imported_batch                 batch=1/1 interval=1d month=10 pair=SOL/USDT rows=31 year=2024
2026-09-23 07:42:00 [info     ] imported                       batches=1 interval=1d month=10 pair=SOL/USDT rows=31 year=2024
2026-09-23 07:42:00 [info     ] downloading                    url=https://data.binance.vision/data/spot/monthly/klines/SOLUSDT/1d/SOLUSDT-1d-2024-11.zip
2026-09-23 07:42:01 [info     ] imported_batch                 batch=1/1 interval=1d month=11 pair=SOL/USDT rows=30 year=2024
2026-09-23 07:42:01 [info     ] imported                       batches=1 interval=1d month=11 pair=SOL/USDT rows=30 year=2024
2026-09-23 07:42:01 [info     ] downloading                    url=https://data.binance.vision/data/spot/monthly/klines/SOLUSDT/1d/SOLUSDT-1d-2024-12.zip
2026-09-23 07:42:01 [info     ] imported_batch                 batch=1/1 interval=1d month=12 pair=SOL/USDT rows=31 year=2024
2026-09-23 07:42:01 [info     ] imported                       batches=1 interval=1d month=12 pair=SOL/USDT rows=31 year=2024
2026-09-23 07:42:01 [info     ] downloading                    url=https://data.binance.vision/data/spot/monthly/klines/SOLUSDT/1d/SOLUSDT-1d-2025-01.zip
2026-09-23 07:42:02 [info     ] imported_batch                 batch=1/1 interval=1d month=1 pair=SOL/USDT rows=31 year=2025
2026-09-23 07:42:02 [info     ] imported                       batches=1 interval=1d month=1 pair=SOL/USDT rows=31 year=2025
2026-09-23 07:42:02 [info     ] downloading                    url=https://data.binance.vision/data/spot/monthly/klines/SOLUSDT/1d/SOLUSDT-1d-2025-02.zip
2026-09-23 07:42:02 [info     ] imported_batch                 batch=1/1 interval=1d month=2 pair=SOL/USDT rows=28 year=2025
2026-09-23 07:42:02 [info     ] imported                       batches=1 interval=1d month=2 pair=SOL/USDT rows=28 year=2025
2026-09-23 07:42:02 [info     ] downloading                    url=https://data.binance.vision/data/spot/monthly/klines/SOLUSDT/1d/SOLUSDT-1d-2025-03.zip
2026-09-23 07:42:03 [info     ] imported_batch                 batch=1/1 interval=1d month=3 pair=SOL/USDT rows=31 year=2025
2026-09-23 07:42:03 [info     ] imported                       batches=1 interval=1d month=3 pair=SOL/USDT rows=31 year=2025
2026-09-23 07:42:03 [info     ] downloading                    url=https://data.binance.vision/data/spot/monthly/klines/SOLUSDT/1d/SOLUSDT-1d-2025-04.zip
2026-09-23 07:42:04 [info     ] imported_batch                 batch=1/1 interval=1d month=4 pair=SOL/USDT rows=30 year=2025
2026-09-23 07:42:04 [info     ] imported                       batches=1 interval=1d month=4 pair=SOL/USDT rows=30 year=2025
2026-09-23 07:42:04 [info     ] downloading                    url=https://data.binance.vision/data/spot/monthly/klines/SOLUSDT/1d/SOLUSDT-1d-2025-05.zip
2026-09-23 07:42:04 [info     ] imported_batch                 batch=1/1 interval=1d month=5 pair=SOL/USDT rows=31 year=2025
2026-09-23 07:42:04 [info     ] imported                       batches=1 interval=1d month=5 pair=SOL/USDT rows=31 year=2025
2026-09-23 07:42:04 [info     ] downloading                    url=https://data.binance.vision/data/spot/monthly/klines/SOLUSDT/1d/SOLUSDT-1d-2025-06.zip
2026-09-23 07:42:05 [info     ] imported_batch                 batch=1/1 interval=1d month=6 pair=SOL/USDT rows=30 year=2025
2026-09-23 07:42:05 [info     ] imported                       batches=1 interval=1d month=6 pair=SOL/USDT rows=30 year=2025
2026-09-23 07:42:05 [info     ] downloading                    url=https://data.binance.vision/data/spot/monthly/klines/SOLUSDT/1d/SOLUSDT-1d-2025-07.zip
2026-09-23 07:42:05 [info     ] imported_batch                 batch=1/1 interval=1d month=7 pair=SOL/USDT rows=31 year=2025
2026-09-23 07:42:05 [info     ] imported                       batches=1 interval=1d month=7 pair=SOL/USDT rows=31 year=2025
2026-09-23 07:42:05 [info     ] downloading                    url=https://data.binance.vision/data/spot/monthly/klines/SOLUSDT/1d/SOLUSDT-1d-2025-08.zip
2026-09-23 07:42:06 [info     ] imported_batch                 batch=1/1 interval=1d month=8 pair=SOL/USDT rows=31 year=2025
2026-09-23 07:42:06 [info     ] imported                       batches=1 interval=1d month=8 pair=SOL/USDT rows=31 year=2025
2026-09-23 07:42:06 [info     ] downloading                    url=https://data.binance.vision/data/spot/monthly/klines/SOLUSDT/1d/SOLUSDT-1d-2025-09.zip
2026-09-23 07:42:07 [info     ] imported_batch                 batch=1/1 interval=1d month=9 pair=SOL/USDT rows=30 year=2025
2026-09-23 07:42:07 [info     ] imported                       batches=1 interval=1d month=9 pair=SOL/USDT rows=30 year=2025
2026-09-23 07:42:07 [info     ] downloading                    url=https://data.binance.vision/data/spot/monthly/klines/SOLUSDT/1d/SOLUSDT-1d-2025-10.zip
2026-09-23 07:42:07 [info     ] imported_batch                 batch=1/1 interval=1d month=10 pair=SOL/USDT rows=31 year=2025
2026-09-23 07:42:07 [info     ] imported                       batches=1 interval=1d month=10 pair=SOL/USDT rows=31 year=2025
2026-09-23 07:42:07 [info     ] downloading                    url=https://data.binance.vision/data/spot/monthly/klines/SOLUSDT/1d/SOLUSDT-1d-2025-11.zip
2026-09-23 07:42:08 [info     ] imported_batch                 batch=1/1 interval=1d month=11 pair=SOL/USDT rows=30 year=2025
2026-09-23 07:42:08 [info     ] imported                       batches=1 interval=1d month=11 pair=SOL/USDT rows=30 year=2025
2026-09-23 07:42:08 [info     ] downloading                    url=https://data.binance.vision/data/spot/monthly/klines/SOLUSDT/1d/SOLUSDT-1d-2025-12.zip
2026-09-23 07:42:08 [info     ] imported_batch                 batch=1/1 interval=1d month=12 pair=SOL/USDT rows=31 year=2025
2026-09-23 07:42:08 [info     ] imported                       batches=1 interval=1d month=12 pair=SOL/USDT rows=31 year=2025
2026-09-23 07:42:08 [info     ] downloading                    url=https://data.binance.vision/data/spot/monthly/klines/SOLUSDT/1d/SOLUSDT-1d-2026-01.zip
2026-09-23 07:42:09 [info     ] imported_batch                 batch=1/1 interval=1d month=1 pair=SOL/USDT rows=31 year=2026
2026-09-23 07:42:09 [info     ] imported                       batches=1 interval=1d month=1 pair=SOL/USDT rows=31 year=2026
2026-09-23 07:42:09 [info     ] downloading                    url=https://data.binance.vision/data/spot/monthly/klines/SOLUSDT/1d/SOLUSDT-1d-2026-02.zip
2026-09-23 07:42:10 [info     ] imported_batch                 batch=1/1 interval=1d month=2 pair=SOL/USDT rows=28 year=2026
2026-09-23 07:42:10 [info     ] imported                       batches=1 interval=1d month=2 pair=SOL/USDT rows=28 year=2026
2026-09-23 07:42:10 [info     ] progress                       pct=94.0% processed=1150 total=1224 total_rows=2575388
2026-09-23 07:42:10 [info     ] downloading                    url=https://data.binance.vision/data/spot/monthly/klines/SOLUSDT/1d/SOLUSDT-1d-2026-03.zip
2026-09-23 07:42:10 [info     ] imported_batch                 batch=1/1 interval=1d month=3 pair=SOL/USDT rows=31 year=2026
2026-09-23 07:42:10 [info     ] imported                       batches=1 interval=1d month=3 pair=SOL/USDT rows=31 year=2026
2026-09-23 07:42:10 [info     ] downloading                    url=https://data.binance.vision/data/spot/monthly/klines/SOLUSDT/1d/SOLUSDT-1d-2026-04.zip
2026-09-23 07:42:11 [info     ] imported_batch                 batch=1/1 interval=1d month=4 pair=SOL/USDT rows=30 year=2026
2026-09-23 07:42:11 [info     ] imported                       batches=1 interval=1d month=4 pair=SOL/USDT rows=30 year=2026
2026-09-23 07:42:11 [info     ] downloading                    url=https://data.binance.vision/data/spot/monthly/klines/SOLUSDT/1d/SOLUSDT-1d-2026-05.zip
2026-09-23 07:42:12 [info     ] imported_batch                 batch=1/1 interval=1d month=5 pair=SOL/USDT rows=31 year=2026
2026-09-23 07:42:12 [info     ] imported                       batches=1 interval=1d month=5 pair=SOL/USDT rows=31 year=2026
2026-09-23 07:42:12 [info     ] downloading                    url=https://data.binance.vision/data/spot/monthly/klines/SOLUSDT/1d/SOLUSDT-1d-2026-06.zip
2026-09-23 07:42:13 [info     ] imported_batch                 batch=1/1 interval=1d month=6 pair=SOL/USDT rows=30 year=2026
2026-09-23 07:42:13 [info     ] imported                       batches=1 interval=1d month=6 pair=SOL/USDT rows=30 year=2026
2026-09-23 07:42:13 [info     ] downloading                    url=https://data.binance.vision/data/spot/monthly/klines/SOLUSDT/1d/SOLUSDT-1d-2026-07.zip
2026-09-23 07:42:14 [info     ] imported_batch                 batch=1/1 interval=1d month=7 pair=SOL/USDT rows=31 year=2026
2026-09-23 07:42:14 [info     ] imported                       batches=1 interval=1d month=7 pair=SOL/USDT rows=31 year=2026
2026-09-23 07:42:14 [info     ] downloading                    url=https://data.binance.vision/data/spot/monthly/klines/SOLUSDT/1d/SOLUSDT-1d-2026-08.zip
2026-09-23 07:42:14 [info     ] imported_batch                 batch=1/1 interval=1d month=8 pair=SOL/USDT rows=31 year=2026
2026-09-23 07:42:14 [info     ] imported                       batches=1 interval=1d month=8 pair=SOL/USDT rows=31 year=2026
2026-09-23 07:42:14 [info     ] downloading                    url=https://data.binance.vision/data/spot/monthly/klines/SOLUSDT/1w/SOLUSDT-1w-2021-01.zip
2026-09-23 07:42:15 [info     ] imported_batch                 batch=1/1 interval=1w month=1 pair=SOL/USDT rows=4 year=2021
2026-09-23 07:42:15 [info     ] imported                       batches=1 interval=1w month=1 pair=SOL/USDT rows=4 year=2021
2026-09-23 07:42:15 [info     ] downloading                    url=https://data.binance.vision/data/spot/monthly/klines/SOLUSDT/1w/SOLUSDT-1w-2021-02.zip
2026-09-23 07:42:15 [info     ] imported_batch                 batch=1/1 interval=1w month=2 pair=SOL/USDT rows=4 year=2021
2026-09-23 07:42:15 [info     ] imported                       batches=1 interval=1w month=2 pair=SOL/USDT rows=4 year=2021
2026-09-23 07:42:15 [info     ] downloading                    url=https://data.binance.vision/data/spot/monthly/klines/SOLUSDT/1w/SOLUSDT-1w-2021-03.zip
2026-09-23 07:42:16 [info     ] imported_batch                 batch=1/1 interval=1w month=3 pair=SOL/USDT rows=5 year=2021
2026-09-23 07:42:16 [info     ] imported                       batches=1 interval=1w month=3 pair=SOL/USDT rows=5 year=2021
2026-09-23 07:42:16 [info     ] downloading                    url=https://data.binance.vision/data/spot/monthly/klines/SOLUSDT/1w/SOLUSDT-1w-2021-04.zip
2026-09-23 07:42:17 [info     ] imported_batch                 batch=1/1 interval=1w month=4 pair=SOL/USDT rows=4 year=2021
2026-09-23 07:42:17 [info     ] imported                       batches=1 interval=1w month=4 pair=SOL/USDT rows=4 year=2021
2026-09-23 07:42:17 [info     ] downloading                    url=https://data.binance.vision/data/spot/monthly/klines/SOLUSDT/1w/SOLUSDT-1w-2021-05.zip
2026-09-23 07:42:18 [info     ] imported_batch                 batch=1/1 interval=1w month=5 pair=SOL/USDT rows=5 year=2021
2026-09-23 07:42:18 [info     ] imported                       batches=1 interval=1w month=5 pair=SOL/USDT rows=5 year=2021
2026-09-23 07:42:18 [info     ] downloading                    url=https://data.binance.vision/data/spot/monthly/klines/SOLUSDT/1w/SOLUSDT-1w-2021-06.zip
2026-09-23 07:42:19 [info     ] imported_batch                 batch=1/1 interval=1w month=6 pair=SOL/USDT rows=4 year=2021
2026-09-23 07:42:19 [info     ] imported                       batches=1 interval=1w month=6 pair=SOL/USDT rows=4 year=2021
2026-09-23 07:42:19 [info     ] downloading                    url=https://data.binance.vision/data/spot/monthly/klines/SOLUSDT/1w/SOLUSDT-1w-2021-07.zip
2026-09-23 07:42:19 [info     ] imported_batch                 batch=1/1 interval=1w month=7 pair=SOL/USDT rows=4 year=2021
2026-09-23 07:42:19 [info     ] imported                       batches=1 interval=1w month=7 pair=SOL/USDT rows=4 year=2021
2026-09-23 07:42:19 [info     ] downloading                    url=https://data.binance.vision/data/spot/monthly/klines/SOLUSDT/1w/SOLUSDT-1w-2021-08.zip
2026-09-23 07:42:19 [info     ] imported_batch                 batch=1/1 interval=1w month=8 pair=SOL/USDT rows=5 year=2021
2026-09-23 07:42:19 [info     ] imported                       batches=1 interval=1w month=8 pair=SOL/USDT rows=5 year=2021
2026-09-23 07:42:19 [info     ] downloading                    url=https://data.binance.vision/data/spot/monthly/klines/SOLUSDT/1w/SOLUSDT-1w-2021-09.zip
2026-09-23 07:42:20 [info     ] imported_batch                 batch=1/1 interval=1w month=9 pair=SOL/USDT rows=4 year=2021
2026-09-23 07:42:20 [info     ] imported                       batches=1 interval=1w month=9 pair=SOL/USDT rows=4 year=2021
2026-09-23 07:42:20 [info     ] downloading                    url=https://data.binance.vision/data/spot/monthly/klines/SOLUSDT/1w/SOLUSDT-1w-2021-10.zip
2026-09-23 07:42:21 [info     ] imported_batch                 batch=1/1 interval=1w month=10 pair=SOL/USDT rows=4 year=2021
2026-09-23 07:42:21 [info     ] imported                       batches=1 interval=1w month=10 pair=SOL/USDT rows=4 year=2021
2026-09-23 07:42:21 [info     ] downloading                    url=https://data.binance.vision/data/spot/monthly/klines/SOLUSDT/1w/SOLUSDT-1w-2021-11.zip
2026-09-23 07:42:21 [info     ] imported_batch                 batch=1/1 interval=1w month=11 pair=SOL/USDT rows=5 year=2021
2026-09-23 07:42:21 [info     ] imported                       batches=1 interval=1w month=11 pair=SOL/USDT rows=5 year=2021
2026-09-23 07:42:21 [info     ] downloading                    url=https://data.binance.vision/data/spot/monthly/klines/SOLUSDT/1w/SOLUSDT-1w-2021-12.zip
2026-09-23 07:42:22 [info     ] imported_batch                 batch=1/1 interval=1w month=12 pair=SOL/USDT rows=4 year=2021
2026-09-23 07:42:22 [info     ] imported                       batches=1 interval=1w month=12 pair=SOL/USDT rows=4 year=2021
2026-09-23 07:42:22 [info     ] downloading                    url=https://data.binance.vision/data/spot/monthly/klines/SOLUSDT/1w/SOLUSDT-1w-2022-01.zip
2026-09-23 07:42:23 [info     ] imported_batch                 batch=1/1 interval=1w month=1 pair=SOL/USDT rows=5 year=2022
2026-09-23 07:42:23 [info     ] imported                       batches=1 interval=1w month=1 pair=SOL/USDT rows=5 year=2022
2026-09-23 07:42:23 [info     ] downloading                    url=https://data.binance.vision/data/spot/monthly/klines/SOLUSDT/1w/SOLUSDT-1w-2022-02.zip
2026-09-23 07:42:23 [info     ] imported_batch                 batch=1/1 interval=1w month=2 pair=SOL/USDT rows=4 year=2022
2026-09-23 07:42:23 [info     ] imported                       batches=1 interval=1w month=2 pair=SOL/USDT rows=4 year=2022
2026-09-23 07:42:23 [info     ] downloading                    url=https://data.binance.vision/data/spot/monthly/klines/SOLUSDT/1w/SOLUSDT-1w-2022-03.zip
2026-09-23 07:42:24 [info     ] imported_batch                 batch=1/1 interval=1w month=3 pair=SOL/USDT rows=4 year=2022
2026-09-23 07:42:24 [info     ] imported                       batches=1 interval=1w month=3 pair=SOL/USDT rows=4 year=2022
2026-09-23 07:42:24 [info     ] downloading                    url=https://data.binance.vision/data/spot/monthly/klines/SOLUSDT/1w/SOLUSDT-1w-2022-04.zip
2026-09-23 07:42:25 [info     ] imported_batch                 batch=1/1 interval=1w month=4 pair=SOL/USDT rows=4 year=2022
2026-09-23 07:42:25 [info     ] imported                       batches=1 interval=1w month=4 pair=SOL/USDT rows=4 year=2022
2026-09-23 07:42:25 [info     ] downloading                    url=https://data.binance.vision/data/spot/monthly/klines/SOLUSDT/1w/SOLUSDT-1w-2022-05.zip
2026-09-23 07:42:25 [info     ] imported_batch                 batch=1/1 interval=1w month=5 pair=SOL/USDT rows=4 year=2022
2026-09-23 07:42:25 [info     ] imported                       batches=1 interval=1w month=5 pair=SOL/USDT rows=4 year=2022
2026-09-23 07:42:25 [info     ] downloading                    url=https://data.binance.vision/data/spot/monthly/klines/SOLUSDT/1w/SOLUSDT-1w-2022-06.zip
2026-09-23 07:42:26 [info     ] imported_batch                 batch=1/1 interval=1w month=6 pair=SOL/USDT rows=3 year=2022
2026-09-23 07:42:26 [info     ] imported                       batches=1 interval=1w month=6 pair=SOL/USDT rows=3 year=2022
2026-09-23 07:42:26 [info     ] downloading                    url=https://data.binance.vision/data/spot/monthly/klines/SOLUSDT/1w/SOLUSDT-1w-2022-07.zip
2026-09-23 07:42:27 [info     ] imported_batch                 batch=1/1 interval=1w month=7 pair=SOL/USDT rows=4 year=2022
2026-09-23 07:42:27 [info     ] imported                       batches=1 interval=1w month=7 pair=SOL/USDT rows=4 year=2022
2026-09-23 07:42:27 [info     ] downloading                    url=https://data.binance.vision/data/spot/monthly/klines/SOLUSDT/1w/SOLUSDT-1w-2022-08.zip
2026-09-23 07:42:27 [info     ] imported_batch                 batch=1/1 interval=1w month=8 pair=SOL/USDT rows=4 year=2022
2026-09-23 07:42:27 [info     ] imported                       batches=1 interval=1w month=8 pair=SOL/USDT rows=4 year=2022
2026-09-23 07:42:27 [info     ] downloading                    url=https://data.binance.vision/data/spot/monthly/klines/SOLUSDT/1w/SOLUSDT-1w-2022-09.zip
2026-09-23 07:42:28 [info     ] imported_batch                 batch=1/1 interval=1w month=9 pair=SOL/USDT rows=3 year=2022
2026-09-23 07:42:28 [info     ] imported                       batches=1 interval=1w month=9 pair=SOL/USDT rows=3 year=2022
2026-09-23 07:42:28 [info     ] downloading                    url=https://data.binance.vision/data/spot/monthly/klines/SOLUSDT/1w/SOLUSDT-1w-2022-10.zip
2026-09-23 07:42:29 [info     ] imported_batch                 batch=1/1 interval=1w month=10 pair=SOL/USDT rows=4 year=2022
2026-09-23 07:42:29 [info     ] imported                       batches=1 interval=1w month=10 pair=SOL/USDT rows=4 year=2022
2026-09-23 07:42:29 [info     ] downloading                    url=https://data.binance.vision/data/spot/monthly/klines/SOLUSDT/1w/SOLUSDT-1w-2022-11.zip
2026-09-23 07:42:29 [info     ] imported_batch                 batch=1/1 interval=1w month=11 pair=SOL/USDT rows=3 year=2022
2026-09-23 07:42:29 [info     ] imported                       batches=1 interval=1w month=11 pair=SOL/USDT rows=3 year=2022
2026-09-23 07:42:29 [info     ] downloading                    url=https://data.binance.vision/data/spot/monthly/klines/SOLUSDT/1w/SOLUSDT-1w-2022-12.zip
2026-09-23 07:42:30 [info     ] imported_batch                 batch=1/1 interval=1w month=12 pair=SOL/USDT rows=4 year=2022
2026-09-23 07:42:30 [info     ] imported                       batches=1 interval=1w month=12 pair=SOL/USDT rows=4 year=2022
2026-09-23 07:42:30 [info     ] downloading                    url=https://data.binance.vision/data/spot/monthly/klines/SOLUSDT/1w/SOLUSDT-1w-2023-01.zip
2026-09-23 07:42:30 [info     ] imported_batch                 batch=1/1 interval=1w month=1 pair=SOL/USDT rows=5 year=2023
2026-09-23 07:42:30 [info     ] imported                       batches=1 interval=1w month=1 pair=SOL/USDT rows=5 year=2023
2026-09-23 07:42:30 [info     ] downloading                    url=https://data.binance.vision/data/spot/monthly/klines/SOLUSDT/1w/SOLUSDT-1w-2023-02.zip
2026-09-23 07:42:31 [info     ] imported_batch                 batch=1/1 interval=1w month=2 pair=SOL/USDT rows=4 year=2023
2026-09-23 07:42:31 [info     ] imported                       batches=1 interval=1w month=2 pair=SOL/USDT rows=4 year=2023
2026-09-23 07:42:31 [info     ] downloading                    url=https://data.binance.vision/data/spot/monthly/klines/SOLUSDT/1w/SOLUSDT-1w-2023-03.zip
2026-09-23 07:42:31 [info     ] imported_batch                 batch=1/1 interval=1w month=3 pair=SOL/USDT rows=4 year=2023
2026-09-23 07:42:31 [info     ] imported                       batches=1 interval=1w month=3 pair=SOL/USDT rows=4 year=2023
2026-09-23 07:42:31 [info     ] downloading                    url=https://data.binance.vision/data/spot/monthly/klines/SOLUSDT/1w/SOLUSDT-1w-2023-04.zip
2026-09-23 07:42:32 [info     ] imported_batch                 batch=1/1 interval=1w month=4 pair=SOL/USDT rows=4 year=2023
2026-09-23 07:42:32 [info     ] imported                       batches=1 interval=1w month=4 pair=SOL/USDT rows=4 year=2023
2026-09-23 07:42:32 [info     ] downloading                    url=https://data.binance.vision/data/spot/monthly/klines/SOLUSDT/1w/SOLUSDT-1w-2023-05.zip
2026-09-23 07:42:33 [info     ] imported_batch                 batch=1/1 interval=1w month=5 pair=SOL/USDT rows=5 year=2023
2026-09-23 07:42:33 [info     ] imported                       batches=1 interval=1w month=5 pair=SOL/USDT rows=5 year=2023
2026-09-23 07:42:33 [info     ] downloading                    url=https://data.binance.vision/data/spot/monthly/klines/SOLUSDT/1w/SOLUSDT-1w-2023-06.zip
2026-09-23 07:42:33 [info     ] imported_batch                 batch=1/1 interval=1w month=6 pair=SOL/USDT rows=4 year=2023
2026-09-23 07:42:33 [info     ] imported                       batches=1 interval=1w month=6 pair=SOL/USDT rows=4 year=2023
2026-09-23 07:42:33 [info     ] downloading                    url=https://data.binance.vision/data/spot/monthly/klines/SOLUSDT/1w/SOLUSDT-1w-2023-07.zip
2026-09-23 07:42:34 [info     ] imported_batch                 batch=1/1 interval=1w month=7 pair=SOL/USDT rows=5 year=2023
2026-09-23 07:42:34 [info     ] imported                       batches=1 interval=1w month=7 pair=SOL/USDT rows=5 year=2023
2026-09-23 07:42:34 [info     ] downloading                    url=https://data.binance.vision/data/spot/monthly/klines/SOLUSDT/1w/SOLUSDT-1w-2023-08.zip
2026-09-23 07:42:34 [info     ] imported_batch                 batch=1/1 interval=1w month=8 pair=SOL/USDT rows=4 year=2023
2026-09-23 07:42:34 [info     ] imported                       batches=1 interval=1w month=8 pair=SOL/USDT rows=4 year=2023
2026-09-23 07:42:34 [info     ] downloading                    url=https://data.binance.vision/data/spot/monthly/klines/SOLUSDT/1w/SOLUSDT-1w-2023-09.zip
2026-09-23 07:42:35 [info     ] imported_batch                 batch=1/1 interval=1w month=9 pair=SOL/USDT rows=4 year=2023
2026-09-23 07:42:35 [info     ] imported                       batches=1 interval=1w month=9 pair=SOL/USDT rows=4 year=2023
2026-09-23 07:42:35 [info     ] downloading                    url=https://data.binance.vision/data/spot/monthly/klines/SOLUSDT/1w/SOLUSDT-1w-2023-10.zip
2026-09-23 07:42:35 [info     ] imported_batch                 batch=1/1 interval=1w month=10 pair=SOL/USDT rows=5 year=2023
2026-09-23 07:42:35 [info     ] imported                       batches=1 interval=1w month=10 pair=SOL/USDT rows=5 year=2023
2026-09-23 07:42:35 [info     ] downloading                    url=https://data.binance.vision/data/spot/monthly/klines/SOLUSDT/1w/SOLUSDT-1w-2023-11.zip
2026-09-23 07:42:36 [info     ] imported_batch                 batch=1/1 interval=1w month=11 pair=SOL/USDT rows=4 year=2023
2026-09-23 07:42:36 [info     ] imported                       batches=1 interval=1w month=11 pair=SOL/USDT rows=4 year=2023
2026-09-23 07:42:36 [info     ] downloading                    url=https://data.binance.vision/data/spot/monthly/klines/SOLUSDT/1w/SOLUSDT-1w-2023-12.zip
2026-09-23 07:42:36 [info     ] imported_batch                 batch=1/1 interval=1w month=12 pair=SOL/USDT rows=4 year=2023
2026-09-23 07:42:36 [info     ] imported                       batches=1 interval=1w month=12 pair=SOL/USDT rows=4 year=2023
2026-09-23 07:42:36 [info     ] downloading                    url=https://data.binance.vision/data/spot/monthly/klines/SOLUSDT/1w/SOLUSDT-1w-2024-01.zip
2026-09-23 07:42:37 [info     ] imported_batch                 batch=1/1 interval=1w month=1 pair=SOL/USDT rows=5 year=2024
2026-09-23 07:42:37 [info     ] imported                       batches=1 interval=1w month=1 pair=SOL/USDT rows=5 year=2024
2026-09-23 07:42:37 [info     ] downloading                    url=https://data.binance.vision/data/spot/monthly/klines/SOLUSDT/1w/SOLUSDT-1w-2024-02.zip
2026-09-23 07:42:38 [info     ] imported_batch                 batch=1/1 interval=1w month=2 pair=SOL/USDT rows=4 year=2024
2026-09-23 07:42:38 [info     ] imported                       batches=1 interval=1w month=2 pair=SOL/USDT rows=4 year=2024
2026-09-23 07:42:38 [info     ] downloading                    url=https://data.binance.vision/data/spot/monthly/klines/SOLUSDT/1w/SOLUSDT-1w-2024-03.zip
2026-09-23 07:42:38 [info     ] imported_batch                 batch=1/1 interval=1w month=3 pair=SOL/USDT rows=4 year=2024
2026-09-23 07:42:38 [info     ] imported                       batches=1 interval=1w month=3 pair=SOL/USDT rows=4 year=2024
2026-09-23 07:42:38 [info     ] downloading                    url=https://data.binance.vision/data/spot/monthly/klines/SOLUSDT/1w/SOLUSDT-1w-2024-04.zip
2026-09-23 07:42:38 [info     ] imported_batch                 batch=1/1 interval=1w month=4 pair=SOL/USDT rows=5 year=2024
2026-09-23 07:42:38 [info     ] imported                       batches=1 interval=1w month=4 pair=SOL/USDT rows=5 year=2024
2026-09-23 07:42:38 [info     ] downloading                    url=https://data.binance.vision/data/spot/monthly/klines/SOLUSDT/1w/SOLUSDT-1w-2024-05.zip
2026-09-23 07:42:39 [info     ] imported_batch                 batch=1/1 interval=1w month=5 pair=SOL/USDT rows=4 year=2024
2026-09-23 07:42:39 [info     ] imported                       batches=1 interval=1w month=5 pair=SOL/USDT rows=4 year=2024
2026-09-23 07:42:39 [info     ] downloading                    url=https://data.binance.vision/data/spot/monthly/klines/SOLUSDT/1w/SOLUSDT-1w-2024-06.zip
2026-09-23 07:42:40 [info     ] imported_batch                 batch=1/1 interval=1w month=6 pair=SOL/USDT rows=4 year=2024
2026-09-23 07:42:40 [info     ] imported                       batches=1 interval=1w month=6 pair=SOL/USDT rows=4 year=2024
2026-09-23 07:42:40 [info     ] downloading                    url=https://data.binance.vision/data/spot/monthly/klines/SOLUSDT/1w/SOLUSDT-1w-2024-07.zip
2026-09-23 07:42:40 [info     ] imported_batch                 batch=1/1 interval=1w month=7 pair=SOL/USDT rows=5 year=2024
2026-09-23 07:42:40 [info     ] imported                       batches=1 interval=1w month=7 pair=SOL/USDT rows=5 year=2024
2026-09-23 07:42:40 [info     ] downloading                    url=https://data.binance.vision/data/spot/monthly/klines/SOLUSDT/1w/SOLUSDT-1w-2024-08.zip
2026-09-23 07:42:41 [info     ] imported_batch                 batch=1/1 interval=1w month=8 pair=SOL/USDT rows=4 year=2024
2026-09-23 07:42:41 [info     ] imported                       batches=1 interval=1w month=8 pair=SOL/USDT rows=4 year=2024
2026-09-23 07:42:41 [info     ] progress                       pct=98.0% processed=1200 total=1224 total_rows=2575757
2026-09-23 07:42:41 [info     ] downloading                    url=https://data.binance.vision/data/spot/monthly/klines/SOLUSDT/1w/SOLUSDT-1w-2024-09.zip
2026-09-23 07:42:41 [info     ] imported_batch                 batch=1/1 interval=1w month=9 pair=SOL/USDT rows=5 year=2024
2026-09-23 07:42:41 [info     ] imported                       batches=1 interval=1w month=9 pair=SOL/USDT rows=5 year=2024
2026-09-23 07:42:41 [info     ] downloading                    url=https://data.binance.vision/data/spot/monthly/klines/SOLUSDT/1w/SOLUSDT-1w-2024-10.zip
2026-09-23 07:42:42 [info     ] imported_batch                 batch=1/1 interval=1w month=10 pair=SOL/USDT rows=4 year=2024
2026-09-23 07:42:42 [info     ] imported                       batches=1 interval=1w month=10 pair=SOL/USDT rows=4 year=2024
2026-09-23 07:42:42 [info     ] downloading                    url=https://data.binance.vision/data/spot/monthly/klines/SOLUSDT/1w/SOLUSDT-1w-2024-11.zip
2026-09-23 07:42:43 [info     ] imported_batch                 batch=1/1 interval=1w month=11 pair=SOL/USDT rows=4 year=2024
2026-09-23 07:42:43 [info     ] imported                       batches=1 interval=1w month=11 pair=SOL/USDT rows=4 year=2024
2026-09-23 07:42:43 [info     ] downloading                    url=https://data.binance.vision/data/spot/monthly/klines/SOLUSDT/1w/SOLUSDT-1w-2024-12.zip
2026-09-23 07:42:44 [info     ] imported_batch                 batch=1/1 interval=1w month=12 pair=SOL/USDT rows=5 year=2024
2026-09-23 07:42:44 [info     ] imported                       batches=1 interval=1w month=12 pair=SOL/USDT rows=5 year=2024
2026-09-23 07:42:44 [info     ] downloading                    url=https://data.binance.vision/data/spot/monthly/klines/SOLUSDT/1w/SOLUSDT-1w-2025-01.zip
2026-09-23 07:42:44 [info     ] imported_batch                 batch=1/1 interval=1w month=1 pair=SOL/USDT rows=3 year=2025
2026-09-23 07:42:44 [info     ] imported                       batches=1 interval=1w month=1 pair=SOL/USDT rows=3 year=2025
2026-09-23 07:42:44 [info     ] downloading                    url=https://data.binance.vision/data/spot/monthly/klines/SOLUSDT/1w/SOLUSDT-1w-2025-02.zip
2026-09-23 07:42:45 [info     ] imported_batch                 batch=1/1 interval=1w month=2 pair=SOL/USDT rows=3 year=2025
2026-09-23 07:42:45 [info     ] imported                       batches=1 interval=1w month=2 pair=SOL/USDT rows=3 year=2025
2026-09-23 07:42:45 [info     ] downloading                    url=https://data.binance.vision/data/spot/monthly/klines/SOLUSDT/1w/SOLUSDT-1w-2025-03.zip
2026-09-23 07:42:46 [info     ] imported_batch                 batch=1/1 interval=1w month=3 pair=SOL/USDT rows=5 year=2025
2026-09-23 07:42:46 [info     ] imported                       batches=1 interval=1w month=3 pair=SOL/USDT rows=5 year=2025
2026-09-23 07:42:46 [info     ] downloading                    url=https://data.binance.vision/data/spot/monthly/klines/SOLUSDT/1w/SOLUSDT-1w-2025-04.zip
2026-09-23 07:42:46 [info     ] imported_batch                 batch=1/1 interval=1w month=4 pair=SOL/USDT rows=4 year=2025
2026-09-23 07:42:46 [info     ] imported                       batches=1 interval=1w month=4 pair=SOL/USDT rows=4 year=2025
2026-09-23 07:42:46 [info     ] downloading                    url=https://data.binance.vision/data/spot/monthly/klines/SOLUSDT/1w/SOLUSDT-1w-2025-05.zip
2026-09-23 07:42:47 [info     ] imported_batch                 batch=1/1 interval=1w month=5 pair=SOL/USDT rows=4 year=2025
2026-09-23 07:42:47 [info     ] imported                       batches=1 interval=1w month=5 pair=SOL/USDT rows=4 year=2025
2026-09-23 07:42:47 [info     ] downloading                    url=https://data.binance.vision/data/spot/monthly/klines/SOLUSDT/1w/SOLUSDT-1w-2025-06.zip
2026-09-23 07:42:48 [info     ] imported_batch                 batch=1/1 interval=1w month=6 pair=SOL/USDT rows=5 year=2025
2026-09-23 07:42:48 [info     ] imported                       batches=1 interval=1w month=6 pair=SOL/USDT rows=5 year=2025
2026-09-23 07:42:48 [info     ] downloading                    url=https://data.binance.vision/data/spot/monthly/klines/SOLUSDT/1w/SOLUSDT-1w-2025-07.zip
2026-09-23 07:42:48 [info     ] imported_batch                 batch=1/1 interval=1w month=7 pair=SOL/USDT rows=4 year=2025
2026-09-23 07:42:48 [info     ] imported                       batches=1 interval=1w month=7 pair=SOL/USDT rows=4 year=2025
2026-09-23 07:42:48 [info     ] downloading                    url=https://data.binance.vision/data/spot/monthly/klines/SOLUSDT/1w/SOLUSDT-1w-2025-08.zip
2026-09-23 07:42:49 [info     ] imported_batch                 batch=1/1 interval=1w month=8 pair=SOL/USDT rows=4 year=2025
2026-09-23 07:42:49 [info     ] imported                       batches=1 interval=1w month=8 pair=SOL/USDT rows=4 year=2025
2026-09-23 07:42:49 [info     ] downloading                    url=https://data.binance.vision/data/spot/monthly/klines/SOLUSDT/1w/SOLUSDT-1w-2025-09.zip
2026-09-23 07:42:49 [info     ] imported_batch                 batch=1/1 interval=1w month=9 pair=SOL/USDT rows=5 year=2025
2026-09-23 07:42:49 [info     ] imported                       batches=1 interval=1w month=9 pair=SOL/USDT rows=5 year=2025
2026-09-23 07:42:49 [info     ] downloading                    url=https://data.binance.vision/data/spot/monthly/klines/SOLUSDT/1w/SOLUSDT-1w-2025-10.zip
2026-09-23 07:42:50 [info     ] imported_batch                 batch=1/1 interval=1w month=10 pair=SOL/USDT rows=4 year=2025
2026-09-23 07:42:50 [info     ] imported                       batches=1 interval=1w month=10 pair=SOL/USDT rows=4 year=2025
2026-09-23 07:42:50 [info     ] downloading                    url=https://data.binance.vision/data/spot/monthly/klines/SOLUSDT/1w/SOLUSDT-1w-2025-11.zip
2026-09-23 07:42:51 [info     ] imported_batch                 batch=1/1 interval=1w month=11 pair=SOL/USDT rows=4 year=2025
2026-09-23 07:42:51 [info     ] imported                       batches=1 interval=1w month=11 pair=SOL/USDT rows=4 year=2025
2026-09-23 07:42:51 [info     ] downloading                    url=https://data.binance.vision/data/spot/monthly/klines/SOLUSDT/1w/SOLUSDT-1w-2025-12.zip
2026-09-23 07:42:51 [info     ] imported_batch                 batch=1/1 interval=1w month=12 pair=SOL/USDT rows=5 year=2025
2026-09-23 07:42:51 [info     ] imported                       batches=1 interval=1w month=12 pair=SOL/USDT rows=5 year=2025
2026-09-23 07:42:51 [info     ] downloading                    url=https://data.binance.vision/data/spot/monthly/klines/SOLUSDT/1w/SOLUSDT-1w-2026-01.zip
2026-09-23 07:42:52 [info     ] imported_batch                 batch=1/1 interval=1w month=1 pair=SOL/USDT rows=4 year=2026
2026-09-23 07:42:52 [info     ] imported                       batches=1 interval=1w month=1 pair=SOL/USDT rows=4 year=2026
2026-09-23 07:42:52 [info     ] downloading                    url=https://data.binance.vision/data/spot/monthly/klines/SOLUSDT/1w/SOLUSDT-1w-2026-02.zip
2026-09-23 07:42:52 [info     ] imported_batch                 batch=1/1 interval=1w month=2 pair=SOL/USDT rows=4 year=2026
2026-09-23 07:42:52 [info     ] imported                       batches=1 interval=1w month=2 pair=SOL/USDT rows=4 year=2026
2026-09-23 07:42:52 [info     ] downloading                    url=https://data.binance.vision/data/spot/monthly/klines/SOLUSDT/1w/SOLUSDT-1w-2026-03.zip
2026-09-23 07:42:53 [info     ] imported_batch                 batch=1/1 interval=1w month=3 pair=SOL/USDT rows=5 year=2026
2026-09-23 07:42:53 [info     ] imported                       batches=1 interval=1w month=3 pair=SOL/USDT rows=5 year=2026
2026-09-23 07:42:53 [info     ] downloading                    url=https://data.binance.vision/data/spot/monthly/klines/SOLUSDT/1w/SOLUSDT-1w-2026-04.zip
2026-09-23 07:42:53 [info     ] imported_batch                 batch=1/1 interval=1w month=4 pair=SOL/USDT rows=4 year=2026
2026-09-23 07:42:53 [info     ] imported                       batches=1 interval=1w month=4 pair=SOL/USDT rows=4 year=2026
2026-09-23 07:42:53 [info     ] downloading                    url=https://data.binance.vision/data/spot/monthly/klines/SOLUSDT/1w/SOLUSDT-1w-2026-05.zip
2026-09-23 07:42:54 [info     ] imported_batch                 batch=1/1 interval=1w month=5 pair=SOL/USDT rows=4 year=2026
2026-09-23 07:42:54 [info     ] imported                       batches=1 interval=1w month=5 pair=SOL/USDT rows=4 year=2026
2026-09-23 07:42:54 [info     ] downloading                    url=https://data.binance.vision/data/spot/monthly/klines/SOLUSDT/1w/SOLUSDT-1w-2026-06.zip
2026-09-23 07:42:55 [info     ] imported_batch                 batch=1/1 interval=1w month=6 pair=SOL/USDT rows=5 year=2026
2026-09-23 07:42:55 [info     ] imported                       batches=1 interval=1w month=6 pair=SOL/USDT rows=5 year=2026
2026-09-23 07:42:55 [info     ] downloading                    url=https://data.binance.vision/data/spot/monthly/klines/SOLUSDT/1w/SOLUSDT-1w-2026-07.zip
2026-09-23 07:42:55 [debug    ] file_not_found                 url=https://data.binance.vision/data/spot/monthly/klines/SOLUSDT/1w/SOLUSDT-1w-2026-07.zip
2026-09-23 07:42:55 [info     ] downloading                    url=https://data.binance.vision/data/spot/monthly/klines/SOLUSDT/1w/SOLUSDT-1w-2026-08.zip
2026-09-23 07:42:56 [debug    ] file_not_found                 url=https://data.binance.vision/data/spot/monthly/klines/SOLUSDT/1w/SOLUSDT-1w-2026-08.zip
2026-09-23 07:42:56 [info     ] database_closed
2026-09-23 07:42:56 [info     ] import_complete                failed_files=0 processed_files=1224 total_rows=2575851
=== 2026-09-23T07:42:56Z import exit=0 ; df: 53G free
